,station_code,station_actual,station_new,Zone,State,Name,Longitude,Latitude
0,KW,KHERVADI,KHERVADI Maharashtra,Central Railway,Maharashtra,"Kherwadi, Maharashtra 402126, India",73.1965421,18.4886915
0,BRTK,BHORTEX,BHORTEX Maharashtra,Western Railway,Maharashtra,"Maharashtra, India",75.7138884,19.7514798
0,MGLP,Mangolpuri,Mangolpuri Delhi,Northern Railway,Delhi,"Mangolpuri, Delhi, India",77.0916394,28.6922954
0,DEP,Depalsar,Depalsar Rajasthan,North Western Railway,Rajasthan,"Depalsar, Rajasthan, India",74.9314622,28.2412404
0,KGM,Kathgodam,Kathgodam Uttarakhand,North Eastern Railway,Uttarakhand,"Kathgodam, Haldwani, Uttarakhand, India",79.5441198,29.2693264
0,DJX,Dungripali,Dungripali Odisha,East Coast Railway,Odisha,"Dunguripali, Odisha 767023, India",83.5509886,21.0475445
0,KTPR,Kathal Pukhuri,Kathal Pukhuri Assam,North Frontier Railway,Assam,"Kathal Pukhuri, Assam 787023, India",93.9712626,27.1748655
0,GNJ,GUNJI,GUNJI Karnataka,South Western Railway,Karnataka,"Gunji, Karnataka, India",74.4818698,15.5355687
0,NIR,Nenpur,Nenpur Madhya Pradesh,South East Central Railway,Madhya Pradesh,"Nainpur, Madhya Pradesh 481776, India",80.1095601,22.4266058
0,DHNE,Dhone,Dhone Andhra Pradesh,South Central Railway,Andhra Pradesh,"Dhone, Andhra Pradesh 518222, India",77.8732414,15.3960427
0,DBV,Dabilpur,Dabilpur Telangana,South Central Railway,Telangana,"Dabilpur, Telangana 501401, India",78.4702215,17.6666986
0,DKRA,DHUANKHERI,DHUANKHERI Madhya Pradesh,West Central Railway,Madhya Pradesh,"Dhuankheri, Madhya Pradesh 465680, India",76.783333,23.566667
0,CMY,Chintamani,Chintamani Karnataka,South Western Railway,Karnataka,"Chintamani, Karnataka 563125, India",78.0551384,13.4019689
0,YL,Yeola,Yeola Maharashtra,Central Railway,Maharashtra,"Yeola, Maharashtra 423401, India",74.4839523,20.0432004
0,PSDA,Pasivedala,Pasivedala Andhra Pradesh,South Central Railway,Andhra Pradesh,"Pasivedala, Andhra Pradesh, India",81.7005492,16.9954122
0,CTT,Chitrasani,Chitrasani Gujarat,North Western Railway,Gujarat,"Chitrasani, Gujarat 385010, India",72.483507,24.26778
0,SAO,Sagoni,Sagoni Madhya Pradesh,West Central Railway,Madhya Pradesh,"Sagoni, Madhya Pradesh 470664, India",79.8043513,23.7884896
0,SPO,Surpura,Surpura Rajasthan,North Western Railway,Rajasthan,"Surpura, Rajasthan, India",73.1172573,26.3616977
0,BMH,Betamcherla,Betamcherla Andhra Pradesh,South Central Railway,Andhra Pradesh,"Betamcherla, Andhra Pradesh, India",78.1518436,15.4575887
0,MNDH,Mandir Hasaud,Mandir Hasaud Chhatisgarh,East Coast Railway,Chhatisgarh,"Mandir Hasaud, Chhattisgarh 492101, India",81.7654962,21.2237351
0,BSBR,Banshlai Bridge,Banshlai Bridge West Bengal,Eastern Railway,West Bengal,"West Bengal, India",87.8549755,22.9867569
0,DKE,Dihakho,Dihakho Assam,North Frontier Railway,Assam,"Dihakho, Assam 788832, India",93.12641,25.4295
0,NR,BAKAYANWALA,BAKAYANWALA Maharashtra,Central Railway,Maharashtra,"Maharashtra, India",75.7138884,19.7514798
0,SRAS,Siras,Siras Rajasthan,North Western Railway,Rajasthan,"Siras, Rajasthan 304021, India",76.0162836,26.2671647
0,NIM,NIMDIH,NIMDIH Jharkhand,South Eastern Railway,Jharkhand,"Nimdih, Jharkhand 832401, India",86.1459216,22.9917487
0,KDM,Kesamudram,Kesamudram Telangana,South Central Railway,Telangana,"Kesamudram, Telangana 506112, India",79.8914931,17.692218
0,CHH,Chaukhandi,Chaukhandi Uttar Pradesh,Northern Railway,Uttar Pradesh,"Chaukhandi, Uttar Pradesh, India",79.7385854,28.2179861
0,BQU,BHATTIPROLU,BHATTIPROLU Andhra Pradesh,Eastern Railway,Andhra Pradesh,"Bhattiprolu, Andhra Pradesh, India",80.7845272,16.1038105
0,DJHR,Deojhar,Deojhar Odisha,South Eastern Railway,Odisha,"Deojhar, Odisha 758035, India",85.4659195,22.1131076
0,PTKC,Pathankot Cantt,Pathankot Cantt Punjab,Northern Railway,Punjab,"Pathankot Cantt, Pathankot, Punjab 145001, India",75.6368143,32.2593932
0,AH,Achhnera Jn,Achhnera Jn Uttar Pradesh,North Central Railway,Uttar Pradesh,"Achhnera, Uttar Pradesh 283101, India",77.7537913,27.1773695
0,RMD,Ramanathapuram,Ramanathapuram Tamil Nadu,Southern Railway,Tamil Nadu,"Ramanathapuram, Tamil Nadu, India",78.8394819,9.3639356
0,SPF,Stuartpuram,Stuartpuram Andhra Pradesh,South Central Railway,Andhra Pradesh,"Stuartpuram, Chirala, Andhra Pradesh, India",80.4062219,15.8666854
0,GMIA,Gumia,Gumia Jharkhand,East Central Railway,Jharkhand,"Gumia, Jharkhand, India",85.8238938,23.8012672
0,JES,JAITSAR,JAITSAR Rajasthan,North Western Railway,Rajasthan,"Jaitsar, Rajasthan 342025, India",72.2186128,26.5924847
0,AS,Arjansar,Arjansar Rajasthan,North Western Railway,Rajasthan,"Arjansar, Rajasthan, India",73.8673254,28.9330858
0,JN,Malkera Jn,Malkera Jn Gujarat,Western Railway,Gujarat,"Gujarat, India",71.5723953,22.6708317
0,CHR,Chilkahar,Chilkahar Uttar Pradesh,North Eastern Railway,Uttar Pradesh,"Chilkahar, Uttar Pradesh 221701, India",83.9664886,25.824744
0,NSD,Nasirabad,Nasirabad Rajasthan,North Western Railway,Rajasthan,"Nasirabad, Rajasthan 305601, India",74.7340627,26.3017564
0,LNN,Lonand,Lonand Maharashtra,Central Railway,Maharashtra,"Lonand, Maharashtra 415521, India",74.1861821,18.041706
0,PIRO,PIRO,PIRO Bihar,East Central Railway,Bihar,"Piro, Bihar 802207, India",84.4015075,25.3258049
0,NTW,Nanjangud Town,Nanjangud Town Karnataka,South Western Railway,Karnataka,"Nanjangud, Karnataka, India",76.678249,12.1159697
0,SVD,Sarwari,Sarwari Maharashtra,South Central Railway,Maharashtra,"Maharashtra, India",75.7138884,19.7514798
0,DR,Dadar,Dadar Maharashtra,Central Railway,Maharashtra,"Dadar, Mumbai, Maharashtra, India",72.847812,19.0177989
0,DSO,Deshnok,Deshnok Rajasthan,North Western Railway,Rajasthan,"Deshnok, Rajasthan 334801, India",73.3438385,27.7967826
0,KTHU,Kathua,Kathua Jammu And Kashmir,Northern Railway,Jammu And Kashmir,Kathua,75.5173465,32.3863082
0,SBRA,Sarbahara,Sarbahara Chhatisgarh,South East Central Railway,Chhatisgarh,"Sarbahra, Chhattisgarh 495119, India",81.9405875,22.7587416
0,BIX,Bhind,Bhind Madhya Pradesh,North Central Railway,Madhya Pradesh,"Bhind, Madhya Pradesh, India",78.7860916,26.5637768
0,GDYA,Ghoradongri,Ghoradongri Madhya Pradesh,Central Railway,Madhya Pradesh,"Ghoradongri, Madhya Pradesh 460443, India",77.9995589,22.1240168
0,DSM,DARASURAM,DARASURAM Tamil Nadu,Southern Railway,Tamil Nadu,"Dharasuram, Kumbakonam, Tamil Nadu, India",79.3550041,10.9492797
0,GMDN,GiriMaidan,GiriMaidan West Bengal,South Eastern Railway,West Bengal,"Giri Maidan Brg, Kharagpur, West Bengal 721301, India",87.3067658,22.3417246
0,TLC,Talchhapar,Talchhapar Rajasthan,North Western Railway,Rajasthan,"Chhapar, Rajasthan 331502, India",74.4379073,27.8185932
0,AKT,Akaltara,Akaltara Chhatisgarh,South East Central Railway,Chhatisgarh,"Akaltara, Chhattisgarh 495552, India",82.4264982,22.0265467
0,PH,Govindpur Road,Govindpur Road Himachal Pradesh,Northern Railway,Himachal Pradesh,"Himachal Pradesh, India",77.5619419,32.1024076
0,MURD,MAHWA,MAHWA Rajasthan,North Central Railway,Rajasthan,"Mahwa, Rajasthan 321608, India",76.9260755,27.046209
0,PT,Patli,Patli Haryana,Northern Railway,Haryana,"Patli, Haryana, India",76.8555198,28.3984385
0,KPJG,KEREJANGA,KEREJANGA Odisha,East Coast Railway,Odisha,"Kerjanga, Odisha 759119, India",85.2178957,21.4102776
0,NKB,Nagrakota,Nagrakota West Bengal,North Frontier Railway,West Bengal,"Nagrakata, West Bengal 735225, India",88.9117463,26.8882081
0,RD,Ram Dayalu Nagr,Ram Dayalu Nagr Bihar,East Central Railway,Bihar,"Ramdayalu Nagar, Bhikanpur Dih, Muzaffarpur, Bihar, India",85.3835568,26.0948533
0,MYL,MALLIYALA,MALLIYALA Andhra Pradesh,South Central Railway,Andhra Pradesh,"Malyala, Andhra Pradesh 518401, India",78.2376466,15.886533
0,BVV,BEDETTI,BEDETTI Assam,North Frontier Railway,Assam,"Assam, India",92.9375739,26.2006043
0,NWN,NANWAN,NANWAN Haryana,North Western Railway,Haryana,"Nanwan, Haryana, India",76.0072749,28.3794151
0,KUND,KUND,KUND Haryana,North Western Railway,Haryana,"Kund, Haryana 123102, India",76.394749,28.1458911
0,AMNA,Aman Lodge,Aman Lodge ,Central Railway,,"Aman Lodge, Matheran, Maharashtra 410102, India",73.2761675,18.9970097
0,DHD,Dahod,Dahod Gujarat,Western Railway,Gujarat,"Dahod, Gujarat, India",74.2606185,22.8344992
0,CNS,Chuchura,Chuchura West Bengal,Eastern Railway,West Bengal,"Chinsurah, West Bengal, India",88.3898552,22.9011588
0,COB,COOCH BEHAR,COOCH BEHAR West Bengal,North Frontier Railway,West Bengal,"Cooch Behar, West Bengal, India",89.4482079,26.3452397
0,NNA,Naugachia,Naugachia Bihar,East Central Railway,Bihar,"Naugachhia, Bihar 853204, India",87.0979867,25.387344
0,BNDA,Banda Jn,Banda Jn Uttar Pradesh,North Central Railway,Uttar Pradesh,"Banda, Uttar Pradesh 210001, India",80.3395498,25.4762689
0,BH,Bharuch Jn,Bharuch Jn Gujarat,Western Railway,Gujarat,"Bharuch, Gujarat, India",72.9958748,21.7051358
0,JBS,JADOLI KA BAS,JADOLI KA BAS Rajasthan,North Central Railway,Rajasthan,"Jadoli Ka Bas, Jadoli, Rajasthan 301021, India",76.88089,27.53947
0,SYM,SAVALYAPURAM,SAVALYAPURAM Andhra Pradesh,South Central Railway,Andhra Pradesh,"Savalyapuram, Andhra Pradesh 522646, India",79.8146656,16.1034296
0,PPW,PACHPERWA,PACHPERWA Uttar Pradesh,North Eastern Railway,Uttar Pradesh,"Pachperwa, Uttar Pradesh 271206, India",82.6461419,27.5181738
0,NZM,Kota Jn,Kota Jn Delhi,Northern Railway,Delhi,"Kota, Rajasthan, India",75.8647527,25.2138156
0,CNDM,Chandi Mandir,Chandi Mandir Haryana,Northern Railway,Haryana,"Chandi Mandir, Haryana, India",76.8922729,30.7285106
0,NIL,Nilambur Road,Nilambur Road Kerala,Southern Railway,Kerala,"Nilambur Road, Kerala, India",76.1448053,11.3354596
0,KAJG,Karanjgaon,Karanjgaon Maharashtra,South Central Railway,Maharashtra,"Karanjgaon, Maharashtra 422210, India",74.0718702,20.0135982
0,EVA,EDAVAI,EDAVAI Kerala,Southern Railway,Kerala,"Edava, Kerala, India",76.6959358,8.7645839
0,PMY,Pali Marwar,Pali Marwar Rajasthan,North Western Railway,Rajasthan,"Pali Marwar, Pali, Rajasthan 306401, India",73.3382006,25.7748303
0,MTT,Mutupet,Mutupet Tamil Nadu,Southern Railway,Tamil Nadu,"Muthupet, Tamil Nadu, India",79.4949884,10.3956993
0,MJBT,Majbat,Majbat Assam,North Frontier Railway,Assam,"Mazbat, Assam 784507, India",92.2923115,26.7909574
0,MPO,Manpur Jn,Manpur Jn Bihar,East Central Railway,Bihar,"Manpur, Bihar 823003, India",85.0247308,24.7986168
0,SAV,Savda,Savda Maharashtra,Central Railway,Maharashtra,"Savda, Maharashtra, India",75.8859349,21.1506344
0,RD,Bagevadi Rd,Bagevadi Rd Bihar,East Central Railway,Bihar,"Bihar, India",85.2722472,25.9644427
0,ASLU,ASLU,ASLU Rajasthan,North Western Railway,Rajasthan,"Lakhau, Rajasthan, India",75.0859356,28.3587117
0,BJKN,BAJEKAN,BAJEKAN Haryana,North Western Railway,Haryana,"Bajekan, Haryana 125055, India",75.103454,29.5067351
0,KKDE,Kurukshetra Jn,Kurukshetra Jn Haryana,Northern Railway,Haryana,"Kurukshetra, Haryana, India",76.878282,29.9695121
0,YPD,Yerpedu,Yerpedu Andhra Pradesh,South Central Railway,Andhra Pradesh,"Erpedu, Andhra Pradesh, India",79.5934577,13.6930918
0,JDL,Jagdevwala,Jagdevwala Rajasthan,North Western Railway,Rajasthan,"Jagdevwala, Rajasthan, India",73.4688797,28.3064985
0,BANE,Basni,Basni Rajasthan,North Western Railway,Rajasthan,"Basni, Rajasthan 341021, India",73.6449797,27.1697747
0,DISA,Disa,Disa Gujarat,Western Railway,Gujarat,"Deesa, Gujarat, India",72.1906739,24.2585055
0,NTV,NAUTANWA,NAUTANWA Uttar Pradesh,North Eastern Railway,Uttar Pradesh,"Nautanwa, Uttar Pradesh 273164, India",83.4269996,27.4241659
0,RNQ,Renukut,Renukut Uttar Pradesh,East Central Railway,Uttar Pradesh,"Renukoot, Uttar Pradesh, India",83.0334524,24.2194761
0,PSE,PUSAULI,PUSAULI Bihar,East Central Railway,Bihar,"Pusauli, Bihar 821101, India",83.7265548,25.0964939
0,PLP,Phulpur,Phulpur Uttar Pradesh,Northern Railway,Uttar Pradesh,"Phoolpur, Uttar Pradesh 212402, India",82.088374,25.5510396
0,RK,Roorkee,Roorkee Uttarakhand,Northern Railway,Uttarakhand,"Roorkee, Uttarakhand, India",77.8880002,29.8542626
0,DQL,Dhalaibil,Dhalaibil Assam,North Frontier Railway,Assam,"Dhalaibil, Assam, India",92.9076094,26.7788691
0,BHY,Bhayavadar,Bhayavadar Gujarat,Western Railway,Gujarat,"Bhayavadar, Gujarat 365450, India",70.9955445,21.6975888
0,KUR,Khurda Road Jn,Khurda Road Jn Odisha,East Coast Railway,Odisha,"Jatni, Odisha, India",85.7011384,20.1623534
0,PURI,Puri,Puri Odisha,East Coast Railway,Odisha,"Puri, Odisha, India",85.8312359,19.8134554
0,KTLA,Katkola Jn,Katkola Jn Gujarat,Western Railway,Gujarat,"Katkola, Gujarat, India",69.8763173,21.8681663
0,DSME,DASARA,DASARA Jharkhand,East Central Railway,Jharkhand,"Jharkhand, India",85.2722472,23.6913486
0,REN,Ren,Ren Rajasthan,North Western Railway,Rajasthan,"Ren, Rajasthan 341514, India",74.0883152,26.7800678
0,NAK,NAKSALBARI,NAKSALBARI West Bengal,North Frontier Railway,West Bengal,"Naxalbari, West Bengal 734429, India",88.1998512,26.6823035
0,GEA,Ghatera,Ghatera Madhya Pradesh,West Central Railway,Madhya Pradesh,"Ghatera, Madhya Pradesh 470664, India",79.6740663,23.8304504
0,AIT,Ait,Ait Uttar Pradesh,North Central Railway,Uttar Pradesh,"Ait, Uttar Pradesh 285201, India",79.2410128,25.8935522
0,PDF,PADAMPUR,PADAMPUR Gujarat,Western Railway,Gujarat,"Padampur, Gujarat 370475, India",69.1797258,22.9572541
0,TKR,Takari,Takari Maharashtra,Central Railway,Maharashtra,"Takari, Maharashtra 415313, India",74.3616798,17.1309306
0,MAN,Maninagar,Maninagar Gujarat,Western Railway,Gujarat,"Maninagar, Ahmedabad, Gujarat, India",72.604097,22.995165
0,LBI,Lilabari,Lilabari Assam,North Frontier Railway,Assam,"73PV+X6J Lilabari Airport, Chaboti, Ujjalpur, Assam 787051, India",94.0930156,27.2874625
0,BPO,Baripada,Baripada Odisha,South Eastern Railway,Odisha,"Baripada, Odisha, India",86.7465928,21.9319838
0,FM,Falaknuma,Falaknuma Telangana,South Central Railway,Telangana,"Falaknuma, Hyderabad, Telangana, India",78.46987,17.3323544
0,RBL,Rae Bareli Jn,Rae Bareli Jn Uttar Pradesh,Northern Railway,Uttar Pradesh,"Raebareli, Uttar Pradesh, India",81.2528139,26.2144806
0,PRGR,Pinargaria,Pinargaria West Bengal,Eastern Railway,West Bengal,"Pinargaria, Jharkhand, India",87.6408469,24.206016
0,DING,DING,DING Haryana,North Western Railway,Haryana,"Ding, Haryana 125058, India",75.2624898,29.4609824
0,JGA,JOGIARA,JOGIARA Bihar,East Central Railway,Bihar,"Yogiara, Bihar 847302, India",85.750001,26.4110681
0,HSA,Hasimara,Hasimara West Bengal,North Frontier Railway,West Bengal,"Hasimara, West Bengal, India",89.3506423,26.7308712
0,NAT,Nathnagar,Nathnagar Bihar,Eastern Railway,Bihar,"Nathnagar, Bhagalpur, Bihar, India",86.9348672,25.2432132
0,BSPX,Banspani,Banspani Odisha,South Eastern Railway,Odisha,"Banspani, Joda, Odisha 758034, India",85.4279011,22.0097354
0,JN,Howrah Jn,Howrah Jn Gujarat,Western Railway,Gujarat,"Gujarat, India",71.5723953,22.6708317
0,KPZ,KAPREN,KAPREN Rajasthan,West Central Railway,Rajasthan,"Kapren, Rajasthan 323301, India",76.0727708,25.4053256
0,SIKD,SIKRODA KWANRI,SIKRODA KWANRI Madhya Pradesh,North Central Railway,Madhya Pradesh,"Sikroda Kwanri, Sikrauda, Madhya Pradesh 476001, India",77.966382,26.562924
0,BKH,Bankhedi,Bankhedi Madhya Pradesh,West Central Railway,Madhya Pradesh,"Bankhedi, Madhya Pradesh 461990, India",78.5348565,22.7690544
0,BHS,Vidisha,Vidisha Madhya Pradesh,West Central Railway,Madhya Pradesh,"Vidisha, Madhya Pradesh 464001, India",77.8139718,23.5235719
0,AVD,Avadi,Avadi Tamil Nadu,Southern Railway,Tamil Nadu,"Avadi, Tamil Nadu, India",80.0969511,13.1067448
0,KMN,Khamgaon,Khamgaon Maharashtra,Central Railway,Maharashtra,"Khamgaon, Maharashtra, India",76.5650829,20.7131695
0,CPP,Chipurupalle,Chipurupalle Andhra Pradesh,East Coast Railway,Andhra Pradesh,"Cheepurupalli, Andhra Pradesh 535128, India",83.568301,18.3105327
0,MON,Modran,Modran Rajasthan,North Western Railway,Rajasthan,"Modran, Rajasthan 343028, India",72.4321782,25.1837121
0,GHL,GOLHALLI,GOLHALLI Karnataka,South Western Railway,Karnataka,"I. Gollahally, Karnataka 562119, India",77.4638699,12.3789837
0,KAWR,Karwar,Karwar Karnataka,Konkan Railway,Karnataka,"Karwar, Karnataka, India",74.129898,14.8073777
0,SED,Shedbal,Shedbal Karnataka,South Western Railway,Karnataka,"Shedbal, Karnataka 591315, India",74.7592744,16.6898199
0,BLR,BALGANUR,BALGANUR Karnataka,South Western Railway,Karnataka,"Balaganur, Karnataka 584138, India",76.7531301,15.956087
0,NYP,Nayudupeta,Nayudupeta Andhra Pradesh,Southern Railway,Andhra Pradesh,"Naidupeta, Andhra Pradesh, India",79.8910459,13.9058635
0,CGL,Chengalpattu,Chengalpattu Tamil Nadu,Southern Railway,Tamil Nadu,"Chengalpattu, Tamil Nadu, India",79.9888413,12.6819372
0,NCJ,Nagercoil Jn,Nagercoil Jn Tamil Nadu,Southern Railway,Tamil Nadu,"Nagercoil Jn., Railway Feeder Rd, Kottar, Vadiveeswaram, Tamil Nadu 629001, India",77.443901,8.1745591
0,UCA,Uchana,Uchana Haryana,Northern Railway,Haryana,"Uchana, Haryana 126115, India",76.181272,29.4702591
0,PUM,PALLIPPURAM,PALLIPPURAM Kerala,Southern Railway,Kerala,"Pallippuram, Kerala, India",76.85569,8.5942619
0,PAY,Payyanur,Payyanur Kerala,Southern Railway,Kerala,"Payyanur, Kerala, India",75.1933906,12.0972416
0,MGN,Meghnagar,Meghnagar Madhya Pradesh,Western Railway,Madhya Pradesh,"Megh Nagar, Madhya Pradesh 457779, India",74.5422147,22.9062054
0,YNG,YENUGONDA,YENUGONDA Telangana,South Central Railway,Telangana,"Yenugonda, Telangana 509001, India",78.0452217,16.7541791
0,BARH,Barh,Barh Bihar,East Central Railway,Bihar,"Barh, Bihar 803213, India",85.7081842,25.4722676
0,NGD,Nagardevla,Nagardevla Maharashtra,Central Railway,Maharashtra,"Nagardeola, Maharashtra 424104, India",75.2070644,20.552163
0,BNDP,Buniadpur,Buniadpur West Bengal,North Frontier Railway,West Bengal,"Buniadpur, West Bengal 733121, India",88.387051,25.3875501
0,ASB,ASANBONI,ASANBONI Jharkhand,South Eastern Railway,Jharkhand,"Asanbani, Jharkhand 816118, India",87.4430564,24.1315518
0,BLQR,BILASPUR ROAD,BILASPUR ROAD Uttar Pradesh,North Eastern Railway,Uttar Pradesh,"Bilaspur Rd, Uttar Pradesh, India",79.2064578,28.9177215
0,KZPR,Kazipara,Kazipara West Bengal,Eastern Railway,West Bengal,"Kazipara, West Bengal, India",87.9175451,23.8221758
0,URML,Uparmal,Uparmal Rajasthan,West Central Railway,Rajasthan,"Rajasthan, India",74.2179326,27.0238036
0,KWAE,Katwa,Katwa West Bengal,Eastern Railway,West Bengal,"Katwa, West Bengal, India",88.1299373,23.6403783
0,SGL,Sagauli Jn,Sagauli Jn Bihar,East Central Railway,Bihar,"Sugauli, Bihar, India",84.7420032,26.7584464
0,SWO,Sonwara,Sonwara Himachal Pradesh,Northern Railway,Himachal Pradesh,"Himachal Pradesh, India",77.5619419,32.1024076
0,GNC,Gandhinagar Cap,Gandhinagar Cap Gujarat,Western Railway,Gujarat,"Gandhinagar, Gujarat, India",72.6369415,23.2156354
0,SLY,Samalpatti,Samalpatti Tamil Nadu,Southern Railway,Tamil Nadu,"Samalpatti, Tamil Nadu 635306, India",78.4865933,12.3089173
0,KBPR,Kabakaputtur,Kabakaputtur Karnataka,South Western Railway,Karnataka,"Kabaka Rural, Karnataka 574220, India",75.161492,12.7832278
0,NGO,Nagaur,Nagaur Rajasthan,North Western Railway,Rajasthan,"Nagaur, Rajasthan 341001, India",73.7493272,27.1983368
0,BRU,BHAIROGANJ,BHAIROGANJ Bihar,East Central Railway,Bihar,"Bhairoganj, Bihar, India",84.242368,27.1483109
0,TCL,TYAKAL,TYAKAL Karnataka,South Western Railway,Karnataka,"Tekal, Karnataka 563137, India",78.0711333,12.9834354
0,BOBS,Bobas,Bobas Rajasthan,North Western Railway,Rajasthan,"Bobas, Rajasthan, India",75.4752537,26.9259755
0,BOR,Boisar,Boisar Maharashtra,Western Railway,Maharashtra,"Boisar, Maharashtra, India",72.7451817,19.7968929
0,BLGR,Balangir,Balangir Odisha,East Coast Railway,Odisha,"Balangir, Odisha, India",83.4846069,20.7011108
0,KHTG,KHATGAON,KHATGAON Maharashtra,Western Railway,Maharashtra,"Khatgaon, Maharashtra 413203, India",74.8916458,18.2761736
0,DGW,DHIGAWARA,DHIGAWARA Rajasthan,North Western Railway,Rajasthan,"Dhigawara, Rajasthan, India",76.6246721,27.29936
0,UPW,Uppalavai,Uppalavai Telangana,South Central Railway,Telangana,"Uppalwai, Telangana, India",78.3244788,18.412927
0,PAL,PALASNER,PALASNER Madhya Pradesh,West Central Railway,Madhya Pradesh,"Palasner, Madhya Pradesh 461331, India",77.0362967,22.2954628
0,BO,Borivali,Borivali Gujarat,Western Railway,Gujarat,"Gujarat, India",71.5723953,22.6708317
0,AME,Amethi,Amethi Uttar Pradesh,Northern Railway,Uttar Pradesh,"Amethi, Uttar Pradesh 227405, India",81.814238,26.1540538
0,KTP,KATEPURNA,KATEPURNA Maharashtra,Central Railway,Maharashtra,"Katepurna Bridge, Pailpada, Maharashtra 444102, India",77.2376826,20.705958
0,KOU,Koduru,Koduru Andhra Pradesh,South Central Railway,Andhra Pradesh,"Koduru, Andhra Pradesh 521328, India",81.0340601,16.008622
0,VPDA,Vidyapatidham,Vidyapatidham Bihar,East Central Railway,Bihar,"Vidhyapati Dham Rd, Bihar, India",85.8127645,25.6235843
0,MMH,MAHADANAPURAM,MAHADANAPURAM Tamil Nadu,Southern Railway,Tamil Nadu,"Mahadhanapuram, Tamil Nadu 639102, India",78.3002869,10.9507587
0,CHP,Chhapi,Chhapi Gujarat,Western Railway,Gujarat,"Chhapi, Gujarat 385210, India",72.3850227,24.0271252
0,PTAE,PATULI,PATULI West Bengal,Eastern Railway,West Bengal,"Patuli, West Bengal, India",88.2874736,23.5664443
0,MMCT,Mumbai Central,Mumbai Central Maharashtra,Western Railway,Maharashtra,"Mumbai Central, Mumbai, Maharashtra, India",72.8205292,18.9690247
0,BZA,Vijayawada Jn,Vijayawada Jn Andhra Pradesh,South Central Railway,Andhra Pradesh,"Vijayawada, Andhra Pradesh, India",80.6480153,16.5061743
0,KNNA,Khinaniyan,Khinaniyan Rajasthan,North Western Railway,Rajasthan,"Khinaniyan, Khanania, tehsil, Nohar, 20 Knn, Rajasthan 125102, India",74.7175453,29.3460951
0,PS,Tetulmari,Tetulmari Maharashtra,Central Railway,Maharashtra,"Maharashtra, India",75.7138884,19.7514798
0,MMZ,Mandamari,Mandamari Telangana,South Central Railway,Telangana,"Mandamarri, Telangana, India",79.4853964,18.9822786
0,BWN,Barddhaman Jn,Barddhaman Jn West Bengal,Eastern Railway,West Bengal,"Barddhaman Junction., Railway Overbridge, Railway Loco Colony, Bardhaman, West Bengal 713103, India",87.8696093,23.2502677
0,SFH,Safedabad,Safedabad Uttar Pradesh,Northern Railway,Uttar Pradesh,"Safedabad, Gadia, Uttar Pradesh 225003, India",81.1427031,26.9124013
0,KHH,Kichha,Kichha Uttarakhand,North Eastern Railway,Uttarakhand,"Kichha, Uttarakhand, India",79.5153705,28.9115087
0,LAD,LOHARDAGA,LOHARDAGA Jharkhand,South Eastern Railway,Jharkhand,"Lohardaga, Jharkhand 835302, India",84.6869722,23.4415776
0,TPZ,Tapri,Tapri Uttar Pradesh,Northern Railway,Uttar Pradesh,"Tapri, Uttar Pradesh 247554, India",77.5522692,29.7660035
0,HBLN,HBL NAGAR,HBL NAGAR Telangana,South Central Railway,Telangana,"Telangana, India",79.0192997,18.1124372
0,GBA,Garhbeta,Garhbeta West Bengal,South Eastern Railway,West Bengal,"Garhbeta, West Bengal, India",87.3537738,22.8631347
0,CHIB,Chirai Bg,Chirai Bg Gujarat,Western Railway,Gujarat,"Gujarat, India",71.5723953,22.6708317
0,MQ,MANNARGUDI,MANNARGUDI Tamil Nadu,Southern Railway,Tamil Nadu,"Mannargudi, Tamil Nadu, India",79.4481754,10.6631615
0,BRPL,Barpali,Barpali Odisha,East Coast Railway,Odisha,"Barapali Town, Odisha 768029, India",83.5975882,21.1813399
0,CHLK,Chavalkhede,Chavalkhede Maharashtra,Western Railway,Maharashtra,"Chavalkhede, Maharashtra, India",75.3522206,21.027943
0,BTH,Bettiah,Bettiah Bihar,East Central Railway,Bihar,"Bettiah, Bihar, India",84.520147,26.8025577
0,RKR,Ranikund Rarah,Ranikund Rarah Rajasthan,West Central Railway,Rajasthan,"8HC4+97M, Rarah, Rajasthan 321025, India",77.5556708,27.3209568
0,BJW,Bajva,Bajva Gujarat,Western Railway,Gujarat,"Bajva, Vadodara, Gujarat, India",73.1574371,22.3420935
0,SDPT,SEDARAMPATTU,SEDARAMPATTU Tamil Nadu,Southern Railway,Tamil Nadu,"Sedarampattu, Tamil Nadu 632315, India",79.1908272,12.6810848
0,MRDG,Maradanga,Maradanga West Bengal,North Frontier Railway,West Bengal,"Maradanga, West Bengal 736156, India",89.55448,26.3065431
0,DVM,Dalbhumgarh,Dalbhumgarh Jharkhand,South Eastern Railway,Jharkhand,"Dalbhumgarh, Jharkhand, India",86.5558682,22.508251
0,MAY,Mariahu,Mariahu Uttar Pradesh,Northern Railway,Uttar Pradesh,"Mariahu, Uttar Pradesh 222161, India",82.5883844,25.6027545
0,GRH,GHORASAHAN,GHORASAHAN Bihar,East Central Railway,Bihar,"Ghorasahan, Bihar 845303, India",85.1307078,26.8202004
0,UMED,Umed,Umed Rajasthan,North Western Railway,Rajasthan,"Rajasthan, India",74.2179326,27.0238036
0,EKI,Eklakhi,Eklakhi West Bengal,North Frontier Railway,West Bengal,"Eklakhi, West Bengal 732102, India",88.101066,25.1693884
0,JW,JATWARA,JATWARA Rajasthan,North Western Railway,Rajasthan,"Jatwara, Rajasthan 321609, India",76.8526367,27.1158939
0,SKAR,Sakariya,Sakariya Madhya Pradesh,West Central Railway,Madhya Pradesh,"Sakariya, Madhya Pradesh 456441, India",75.7342416,23.6353227
0,AUS,Anupshahr,Anupshahr Rajasthan,North Western Railway,Rajasthan,"Anupshahar, Rajasthan, India",75.2098956,28.9554269
0,HYB,Himayatnagar,Himayatnagar Telangana,South Central Railway,Telangana,"Himayatnagar, Telangana 500075, India",78.3061664,17.343269
0,CAN,Kannur,Kannur Kerala,Southern Railway,Kerala,"Kannur, Kerala, India",75.3703662,11.8744775
0,MLDT,Malda Town,Malda Town West Bengal,Eastern Railway,West Bengal,"Malda, West Bengal 732101, India",88.1410967,25.0108408
0,POK,Pokran,Pokran Rajasthan,North Western Railway,Rajasthan,"Pokhran, Rajasthan 345021, India",71.9224355,26.9207919
0,LJN,Agra Fort,Agra Fort Uttar Pradesh,North Eastern Railway,Uttar Pradesh,"Agra Fort, Rakabganj, Agra, Uttar Pradesh, India",78.0238197,27.179202
0,GNG,Gauriganj,Gauriganj Uttar Pradesh,Northern Railway,Uttar Pradesh,"Gauriganj, Uttar Pradesh 227409, India",81.682344,26.2073489
0,RNT,Ranthambhore,Ranthambhore Rajasthan,West Central Railway,Rajasthan,"Ranthambhore Fort, Rajasthan, India",76.4520804,26.0212605
0,MXW,Mahadevsal,Mahadevsal Jharkhand,South Eastern Railway,Jharkhand,"Mahadevsal, Tamsai, Jharkhand 833103, India",85.3345,22.51047
0,SCH,Sachin,Sachin Gujarat,Western Railway,Gujarat,"Sachin, Surat, Gujarat, India",72.8821606,21.0847018
0,SVO,Sanvrad,Sanvrad Rajasthan,North Western Railway,Rajasthan,"Sanvrad, Rajasthan 341303, India",74.4937564,27.516222
0,PLMG,Puliyamangalam,Puliyamangalam Tamil Nadu,Southern Railway,Tamil Nadu,"Puliyamangalam, Tamil Nadu 631001, India",79.6836496,13.080295
0,TAY,Talaiyuthu,Talaiyuthu Tamil Nadu,Southern Railway,Tamil Nadu,"Thalaiyuthu, Tamil Nadu 624618, India",77.4379257,10.5204493
0,ENB,Ellenabad,Ellenabad Haryana,North Western Railway,Haryana,"Ellenabad, Haryana 125102, India",74.6693186,29.4522574
0,DO,Dausa,Dausa Rajasthan,North Western Railway,Rajasthan,"Dausa, Rajasthan 303303, India",76.332411,26.8996953
0,KQW,KHEDULI,KHEDULI Rajasthan,North Western Railway,Rajasthan,"Kheduli, Rajasthan 341511, India",73.9888797,26.7280968
0,KOI,Khodri,Khodri Chhatisgarh,South East Central Railway,Chhatisgarh,"Khondri, Chhattisgarh 495117, India",81.941599,22.6876966
0,MJE,MUJNAL,MUJNAL West Bengal,North Frontier Railway,West Bengal,"West Bengal, India",87.8549755,22.9867569
0,IDG,Indargarh,Indargarh Rajasthan,West Central Railway,Rajasthan,"Indergarh, Rajasthan 323613, India",76.1882667,25.730075
0,SOB,Silanibari,Silanibari Assam,North Frontier Railway,Assam,"Salonibari, Tezpur, Assam, India",92.7630471,26.7169774
0,BELA,Bela,Bela Bihar,East Central Railway,Bihar,"Belaganj, Bihar 804403, India",84.973511,24.9694491
0,NDJ,Nandganj,Nandganj Uttar Pradesh,North Eastern Railway,Uttar Pradesh,"Nandganj, Barahpur, Uttar Pradesh 233302, India",83.3976335,25.5408406
0,BLYH,Bally,Bally West Bengal,Eastern Railway,West Bengal,"Bally, Howrah, West Bengal, India",88.3386447,22.6496657
0,MML,Madan Mahal,Madan Mahal Madhya Pradesh,West Central Railway,Madhya Pradesh,"Madan Mahal, Jabalpur, Madhya Pradesh 482001, India",79.9094751,23.1485573
0,GLPT,Goalpara Town,Goalpara Town Assam,North Frontier Railway,Assam,"Goalpara, Assam, India",90.6253459,26.1639014
0,RMGM,Ramanagaram,Ramanagaram Karnataka,South Western Railway,Karnataka,"Ramanagara, Karnataka 562159, India",77.2798963,12.7208614
0,KAPG,Kalupara Ghat,Kalupara Ghat Odisha,East Coast Railway,Odisha,"Kalupada Ghat, Odisha 752023, India",85.4019698,19.8986491
0,SCT,Sengottai,Sengottai Tamil Nadu,Southern Railway,Tamil Nadu,"Shenkottai, Tamil Nadu, India",77.2488281,8.9724562
0,BRS,Birsinghpur,Birsinghpur Madhya Pradesh,South East Central Railway,Madhya Pradesh,"Maa Birasini Dham, Madhya Pradesh 485226, India",80.9732924,24.8003118
0,NMGA,Nelamangala,Nelamangala Karnataka,South Western Railway,Karnataka,"Nelamangala Town, Karnataka 562123, India",77.3856398,13.097301
0,CH,KRISHNA CH PURA,KRISHNA CH PURA Uttar Pradesh,Northern Railway,Uttar Pradesh,"Pura, Uttar Pradesh, India",77.6507489,29.336997
0,HMA,HUMMA,HUMMA Odisha,East Coast Railway,Odisha,"Humma, Odisha, India",85.0739945,19.4292127
0,THE,Thawe Jn,Thawe Jn Bihar,North Eastern Railway,Bihar,"Thawe Junction, Thawe Railway Station Rd, Thawe, Bihar 841440, India",84.3943142,26.4391391
0,NEW,Nivari,Nivari Madhya Pradesh,North Central Railway,Madhya Pradesh,"Niwari, Madhya Pradesh, India",78.7022678,25.2746327
0,HMO,Hanumangarhtown,Hanumangarhtown Rajasthan,North Western Railway,Rajasthan,"Hanumangarh, Rajasthan 335513, India",74.3292106,29.5821848
0,KTM,Kuttalam,Kuttalam Tamil Nadu,Southern Railway,Tamil Nadu,"Courtallam, Tamil Nadu, India",77.277938,8.9341102
0,RPR,Raghunathpur,Raghunathpur Bihar,East Central Railway,Bihar,"Raghunathpur, Bihar 802134, India",84.3094955,25.5613615
0,HPP,Harpalpur,Harpalpur Uttar Pradesh,North Central Railway,Uttar Pradesh,"Harpalpur, Uttar Pradesh, India",79.8394783,27.323797
0,DNT,Dantan,Dantan West Bengal,South Eastern Railway,West Bengal,"Dantan, West Bengal 721426, India",87.2692942,21.9088379
0,APR,Anuppur Jn,Anuppur Jn Madhya Pradesh,South East Central Railway,Madhya Pradesh,"Anuppur Junction, Chetna Nagar, Anuppur, Madhya Pradesh 484224, India",81.6964539,23.1177652
0,KFA,Koparia,Koparia Bihar,East Central Railway,Bihar,"Koparia, Bihar 852127, India",86.6109504,25.6478423
0,RASP,RASIPURAM,RASIPURAM Tamil Nadu,Southern Railway,Tamil Nadu,"Rasipuram, Tamil Nadu, India",78.1854772,11.4614624
0,NCB,New Cooch Behar,New Cooch Behar West Bengal,North Frontier Railway,West Bengal,"New Cooch Behar, Gosanimari, Cooch Behar, West Bengal, India",89.4659462,26.3490445
0,HTD,Hatundi,Hatundi Rajasthan,North Western Railway,Rajasthan,"Hatundi, Rajasthan 342037, India",73.1555824,26.8484476
0,NPL,NAGALAPALLE,NAGALAPALLE Telangana,South Central Railway,Telangana,"Nagulapalli, Hyderabad, Telangana 502300, India",78.2376372,17.4621718
0,RDUM,Rampur Dumra,Rampur Dumra Bihar,East Central Railway,Bihar,"Rampur Dumra, Bihar, India",86.0162775,25.3147753
0,KWE,Khurial,Khurial Bihar,North Frontier Railway,Bihar,"Khuriyal, Bihar 855113, India",87.8230436,25.4898572
0,SINI,Sini Jn,Sini Jn Jharkhand,South Eastern Railway,Jharkhand,"Sini, Jharkhand 833220, India",85.9443436,22.7941651
0,PAU,Purna Jn,Purna Jn Maharashtra,South Central Railway,Maharashtra,"Purna, Maharashtra 431511, India",77.030539,19.1790258
0,RIM,RANYAL JASMIYA,RANYAL JASMIYA Chhatisgarh,South East Central Railway,Chhatisgarh,"Chhattisgarh, India",81.8661442,21.2786567
0,JN,Kunkavav Jn,Kunkavav Jn Gujarat,Western Railway,Gujarat,"Kunkavav, Gujarat 365450, India",70.9814281,21.6350957
0,MHJ,Mahajan,Mahajan Rajasthan,North Western Railway,Rajasthan,"Mahajan, Rajasthan 334604, India",73.8449944,28.7853158
0,VNE,CHARALI,CHARALI Assam,North Frontier Railway,Assam,"Charali, Assam, India",95.3599355,27.4555386
0,DOD,Dhodhar,Dhodhar Madhya Pradesh,Western Railway,Madhya Pradesh,"Dhodar, Madhya Pradesh 457339, India",75.1049137,23.7785188
0,DS,Nangal Pathani,Nangal Pathani Uttar Pradesh,Northern Railway,Uttar Pradesh,"Uttar Pradesh, India",80.0981869,27.5705886
0,BNY,Barhni,Barhni Uttar Pradesh,North Eastern Railway,Uttar Pradesh,"Barhni, Uttar Pradesh, India",82.787235,27.4975259
0,GTK,Ghutku,Ghutku Chhatisgarh,South East Central Railway,Chhatisgarh,"Ghutku, Chhattisgarh 495112, India",82.0924577,22.1745789
0,KQK,Kotikulam,Kotikulam Kerala,Southern Railway,Kerala,"Kotikulam, Kottikkulam - Arattu Kadavu Rd, Palakkunnu, Bekal, Pallikkara II, Kerala 671319, India",75.0241113,12.4235405
0,NDKD,Nadikudi Jn,Nadikudi Jn Andhra Pradesh,South Central Railway,Andhra Pradesh,"Nadikudi, Andhra Pradesh 522414, India",79.7068596,16.5879495
0,KKRL,KAKRALA,KAKRALA Punjab,Northern Railway,Punjab,"Kakrala Bhaika, Punjab 147001, India",76.3083663,30.279512
0,SGAC,Sogaria,Sogaria Rajasthan,West Central Railway,Rajasthan,"Sogriya, Rajasthan 324002, India",75.8969633,25.2141424
0,NKD,Nekonda,Nekonda Telangana,South Central Railway,Telangana,"Nekkonda, Telangana 506122, India",79.8048114,17.7958876
0,HDP,Hadapsar,Hadapsar Maharashtra,Central Railway,Maharashtra,"Hadapsar, Pune, Maharashtra, India",73.9259102,18.508934
0,DHH,DINHATA,DINHATA West Bengal,North Frontier Railway,West Bengal,"Dinhata, West Bengal 736135, India",89.4694913,26.1290634
0,VLNK,VELLANKANNI,VELLANKANNI Tamil Nadu,Southern Railway,Tamil Nadu,"Velankanni, Tamil Nadu, India",79.8503744,10.6813736
0,SRJ,Shankargarh,Shankargarh Uttar Pradesh,North Central Railway,Uttar Pradesh,"Shankargarh, Uttar Pradesh 212108, India",81.6117277,25.1907691
0,KDHN,KANDHARAN HALT,KANDHARAN HALT Rajasthan,North Western Railway,Rajasthan,"Rajasthan, India",74.2179326,27.0238036
0,VU,VAGHPURA,VAGHPURA Gujarat,Western Railway,Gujarat,"Vaghapura, Gujarat 384245, India",71.6029314,23.6257777
0,SGP,Sohagpur,Sohagpur Madhya Pradesh,West Central Railway,Madhya Pradesh,"Sohagpur, Madhya Pradesh 461771, India",78.199447,22.7009771
0,OTR,MOTURU,MOTURU Andhra Pradesh,South Central Railway,Andhra Pradesh,"Moturu, Andhra Pradesh 521323, India",81.046484,16.4477118
0,DBN,DHABLAN,DHABLAN Punjab,Northern Railway,Punjab,"Dhablan, Punjab, India",76.2775995,30.333144
0,KTH,Katrasgarh,Katrasgarh Jharkhand,East Central Railway,Jharkhand,"Katras, Jharkhand, India",86.2920255,23.8081498
0,MED,TIPPAPUR,TIPPAPUR Telangana,South Central Railway,Telangana,"Thippapur, Telangana 503101, India",78.3657342,18.1949873
0,ZARP,ZARAP,ZARAP Maharashtra,Konkan Railway,Maharashtra,"Zarap, Maharashtra, India",73.7448437,15.9392519
0,JPL,Japla,Japla Jharkhand,East Central Railway,Jharkhand,"Japla, Jharkhand, India",83.9982326,24.5327804
0,PC,Pachora Jn,Pachora Jn Maharashtra,Central Railway,Maharashtra,"Pachora Junction, Vivekanand Nagar, Shivaji Nagar, Pachora, Maharashtra 424201, India",75.3493844,20.6692381
0,RD,Kyataneakeri Rd,Kyataneakeri Rd Bihar,East Central Railway,Bihar,"Bihar, India",85.2722472,25.9644427
0,PFM,Phaphamau Jn,Phaphamau Jn Uttar Pradesh,Northern Railway,Uttar Pradesh,"Phaphamau, Uttar Pradesh, India",81.8537532,25.5341192
0,NLR,Nellore,Nellore Andhra Pradesh,South Central Railway,Andhra Pradesh,"Nellore, Andhra Pradesh, India",79.986456,14.4425987
0,ANDI,Adrsh Ngr Delhi,Adrsh Ngr Delhi Delhi,Northern Railway,Delhi,"Adarsh Nagar, Delhi, India",77.173582,28.7192604
0,FA,Falna,Falna Rajasthan,North Western Railway,Rajasthan,"Falna, Rajasthan, India",73.2452239,25.2332965
0,AAR,Adesar,Adesar Gujarat,Western Railway,Gujarat,"Adesar, Gujarat 370155, India",70.9814281,23.5580562
0,PVR,Pandharpur,Pandharpur Maharashtra,Central Railway,Maharashtra,"Pandharpur, Maharashtra 413304, India",75.3155035,17.6805816
0,MKPT,Malikpeth,Malikpeth Maharashtra,Central Railway,Maharashtra,"Malikpeth, Maharashtra, India",75.641175,17.8747139
0,MCU,Mulacalacheruvu,Mulacalacheruvu Andhra Pradesh,South Central Railway,Andhra Pradesh,"Mulakalacheruvu, Andhra Pradesh, India",78.2641774,13.8016231
0,HTK,Hatkanagale,Hatkanagale Maharashtra,Central Railway,Maharashtra,"Hatkanangale, Maharashtra, India",74.4274412,16.7494246
0,SMPR,Shri Madhopur,Shri Madhopur Rajasthan,North Western Railway,Rajasthan,"Shrimadhopur, Rajasthan 332715, India",75.5964177,27.4650258
0,DKI,DHARMKUNDI,DHARMKUNDI Madhya Pradesh,West Central Railway,Madhya Pradesh,"Dharam Kundi, Madhya Pradesh 461221, India",77.553344,22.5121796
0,GW,Girwar,Girwar Madhya Pradesh,West Central Railway,Madhya Pradesh,"Girwar, Madhya Pradesh 470021, India",78.955693,23.824424
0,SIA,SHIVLANKHA,SHIVLANKHA Gujarat,Western Railway,Gujarat,"Shivlakha, Gujarat, India",70.5859867,23.3848412
0,TKRI,Tikiri,Tikiri Odisha,East Coast Railway,Odisha,"Tikiri, Odisha 765015, India",83.0911609,19.1785011
0,TRM,TIRUNAGESVARAM,TIRUNAGESVARAM Tamil Nadu,Southern Railway,Tamil Nadu,"Tirunagesvaram, Pudhu Theru, Thirunageswaram, Thepperumanallur, Tamil Nadu 612103, India",79.4291661,10.975868
0,MJZ,Majhola Pakarya,Majhola Pakarya Uttarakhand,North Eastern Railway,Uttarakhand,"Majhola Pakarya, Pakaria Vijaypur, Uttar Pradesh 262305, India",79.89191,28.82066
0,CBZ,CHURAIBARI,CHURAIBARI Tripura,North Frontier Railway,Tripura,"Churaibari, Assam 788726, India",92.2535006,24.4411047
0,TVC,Trivandrumnorth,Trivandrumnorth Kerala,Southern Railway,Kerala,"Thiruvananthapuram, Kerala, India",76.9366376,8.5241391
0,DJ,To Darjeeling,To Darjeeling West Bengal,North Frontier Railway,West Bengal,"Darjeeling, West Bengal, India",88.2664124,27.0416208
0,GGN,Gurgaon,Gurgaon Haryana,Northern Railway,Haryana,"Gurugram, Haryana, India",77.0266383,28.4594965
0,KWP,KHATIPURA,KHATIPURA Rajasthan,North Western Railway,Rajasthan,"Khatipura, Jaipur, Rajasthan, India",75.7480083,26.9280172
0,CCK,Chichaki,Chichaki Jharkhand,East Central Railway,Jharkhand,"Chichaki, Jharkhand, India",85.9330098,24.1108329
0,SUT,SUTLANA,SUTLANA Rajasthan,North Western Railway,Rajasthan,"Sultana, Rajasthan, India",70.8357792,27.4775575
0,RJA,Rajanagar,Rajanagar Bihar,East Central Railway,Bihar,"Rajnagar, Bihar 847235, India",86.1606733,26.3950012
0,NANR,NARANPUR,NARANPUR Odisha,East Coast Railway,Odisha,"Naranpur, Odisha 758014, India",85.6447716,21.6167199
0,BZS,BANSJORA,BANSJORA Jharkhand,East Central Railway,Jharkhand,"Bansjora, Jharkhand, India",86.2285536,23.7620638
0,BIG,Belgahna,Belgahna Chhatisgarh,South East Central Railway,Chhatisgarh,"Belgahana, Chhattisgarh, India",82.0338477,22.4323168
0,KGN,Kurseong,Kurseong West Bengal,North Frontier Railway,West Bengal,"Kurseong, West Bengal, India",88.2788511,26.8821382
0,KUN,Karnal,Karnal Haryana,Northern Railway,Haryana,"Karnal, Haryana, India",76.9904825,29.6856929
0,JTTN,Jorhat Town,Jorhat Town Assam,North Frontier Railway,Assam,"Jorhat, Assam, India",94.2036696,26.7509207
0,MXN,Mariani Jn,Mariani Jn Assam,North Frontier Railway,Assam,"Mariani, Assam, India",94.3254697,26.6520725
0,GQN,GARHANI,GARHANI Bihar,East Central Railway,Bihar,"Garhani, Bihar 802203, India",84.5599922,25.4094772
0,AED,Aulenda,Aulenda Uttar Pradesh,North Eastern Railway,Uttar Pradesh,"Aulenda, Uttar Pradesh 283110, India",77.6178125,27.0307404
0,SHU,Sholinghur,Sholinghur Tamil Nadu,Southern Railway,Tamil Nadu,"Sholinghur, Tamil Nadu, India",79.4310052,13.1115847
0,BNSA,Banbasa,Banbasa Uttarakhand,North Eastern Railway,Uttarakhand,"Banbasa, Uttarakhand 262310, India",80.0800325,28.9910774
0,GRMP,Gangarampur,Gangarampur West Bengal,North Frontier Railway,West Bengal,"Gangarampur, West Bengal 733124, India",88.5323606,25.40091
0,JID,Jagi Road,Jagi Road Assam,North Frontier Railway,Assam,"Jagiroad, Assam, India",92.2008692,26.1258644
0,TFGN,Tufanganj,Tufanganj West Bengal,North Frontier Railway,West Bengal,"Tufanganj, West Bengal, India",89.6675144,26.3304643
0,GKL,GOKULPUR,GOKULPUR West Bengal,South Eastern Railway,West Bengal,"Gokulpur, West Bengal 712708, India",88.2400333,22.6802668
0,GJJ,GAJJELAKONDA,GAJJELAKONDA Andhra Pradesh,South Central Railway,Andhra Pradesh,"Gajjalakonda, Andhra Pradesh 523315, India",79.391367,15.7518595
0,LDH,Ludhiana Jn,Ludhiana Jn Punjab,Northern Railway,Punjab,"Ludhiana, Punjab, India",75.8572758,30.900965
0,RNPR,Rupnarayanpur,Rupnarayanpur West Bengal,Eastern Railway,West Bengal,"Rupnarayanpur, West Bengal, India",86.8866319,23.8145545
0,BPL,Bhopal  Jn,Bhopal  Jn Madhya Pradesh,West Central Railway,Madhya Pradesh,"Bhopal Jn., Pal Tower, Hamidia Rd, Bhopal Talkies, Bajariya, Navbahar Colony, Bhopal, Madhya Pradesh 462001, India",77.4131785,23.2666891
0,PUU,Punalur,Punalur Kerala,Southern Railway,Kerala,"Punalur, Kerala, India",76.9260936,9.0176117
0,BZE,BASERIA,BASERIA Jharkhand,East Central Railway,Jharkhand,"Baseria, Kusunda, Jharkhand 828101, India",86.37578,23.7864
0,SDF,Sudsar,Sudsar Rajasthan,North Western Railway,Rajasthan,"Sudsar, Rajasthan 331811, India",73.7595532,27.986757
0,SIGA,Shantigrama,Shantigrama Karnataka,South Western Railway,Karnataka,"Shantigrama, Karnataka 577114, India",75.3464391,13.3392542
0,DPD,DOSAPADU,DOSAPADU Andhra Pradesh,South Central Railway,Andhra Pradesh,"Dosapadu, Andhra Pradesh 521321, India",80.9498015,16.4668876
0,SF,Alleppey,Alleppey Andhra Pradesh,South Central Railway,Andhra Pradesh,"Andhra Pradesh, India",79.7399875,15.9128998
0,RIGA,RIGA,RIGA Bihar,East Central Railway,Bihar,"Riga, Bihar 843327, India",85.4315391,26.6581851
0,KWO,Karauta,Karauta Bihar,East Central Railway,Bihar,"Karauta, Bihar, India",85.4852488,25.4737373
0,RNG,Raniganj,Raniganj West Bengal,Eastern Railway,West Bengal,"Raniganj, West Bengal, India",87.1142646,23.6233888
0,KGB,Kargi Road,Kargi Road Chhatisgarh,South East Central Railway,Chhatisgarh,"Kargi Road, Kota, Chhattisgarh 495113, India",82.02625,22.2977873
0,BAGL,Baragopal,Baragopal Bihar,East Central Railway,Bihar,"Baragopal, Bihar 841211, India",84.8854545,25.7596395
0,AGT,Agthori,Agthori Assam,North Frontier Railway,Assam,"Agthori, IIT Rd, IIT Guwahati, Guwahati, Assam 781039, India",91.6859991,26.1984821
0,RPAR,Rupnagar,Rupnagar Punjab,Northern Railway,Punjab,"Rupnagar, Punjab 140001, India",76.5230961,30.9661003
0,JRO,RATIKHEDA,RATIKHEDA Uttar Pradesh,North Central Railway,Uttar Pradesh,"Uttar Pradesh, India",80.0981869,27.5705886
0,SNMR,Soniyana,Soniyana Rajasthan,North Western Railway,Rajasthan,"Soniyana, Rajasthan 312901, India",74.6327236,25.1223483
0,BGMR,BAGUMRA,BAGUMRA Gujarat,Western Railway,Gujarat,"Bagumara, Gujarat, India",73.0110096,21.1435349
0,SQE,Samarala Halt,Samarala Halt Maharashtra,South Central Railway,Maharashtra,"Samarala Halt, Samrala, Maharashtra 431809, India",77.7968276,18.9189449
0,MWM,Malleswaram,Malleswaram Karnataka,South Western Railway,Karnataka,"Malleshwaram, Bengaluru, Karnataka, India",77.5692358,13.0055113
0,NBD,Najibabad Jn,Najibabad Jn Uttar Pradesh,Northern Railway,Uttar Pradesh,"Najibabad, Uttar Pradesh, India",78.3441643,29.6123401
0,DDJ,Dum Dum,Dum Dum West Bengal,Eastern Railway,West Bengal,"Dum Dum, Kolkata, West Bengal, India",88.4311688,22.6420109
0,DZA,Dasuya,Dasuya Punjab,Northern Railway,Punjab,"Dasuya, Punjab 144205, India",75.6614115,31.8126955
0,JHBN,Jmtpur Baharan,Jmtpur Baharan West Bengal,Eastern Railway,West Bengal,"Jhamatpur, West Bengal, India",88.1254781,23.7385913
0,TBB,TILBHITA,TILBHITA Jharkhand,Eastern Railway,Jharkhand,"Tilbhita, Jharkhand 816107, India",87.8426967,24.6780969
0,TLM,TIRUSULAM,TIRUSULAM Tamil Nadu,Southern Railway,Tamil Nadu,"Tirusulam, Chennai, Tamil Nadu, India",80.1703706,12.9695212
0,LGTR,Lingaraj Tmp Rd,Lingaraj Tmp Rd Odisha,East Coast Railway,Odisha,"Odisha, India",84.2700179,20.2375561
0,HUP,Hindupur,Hindupur Andhra Pradesh,South Western Railway,Andhra Pradesh,"Hindupuram, Andhra Pradesh, India",77.5009298,13.8222599
0,SQR,Sultanpur Lodi,Sultanpur Lodi Punjab,Northern Railway,Punjab,"Sultanpur Lodhi, Punjab 144626, India",75.1953934,31.2141276
0,BWIP,Bhawanipatna,Bhawanipatna Odisha,East Coast Railway,Odisha,"Bhawanipatna, Odisha, India",83.1641562,19.9074279
0,GDPT,Medapadu,Medapadu Andhra Pradesh,South Central Railway,Andhra Pradesh,"Medapadu, Andhra Pradesh 533434, India",82.0992633,17.0053537
0,AGR,Amargarh,Amargarh Madhya Pradesh,Western Railway,Madhya Pradesh,"Amargarh, Madhya Pradesh 475330, India",77.802417,26.0762227
0,HPR,Hirapur,Hirapur Maharashtra,Central Railway,Maharashtra,"Hirapur, Maharashtra 424108, India",74.9252615,20.421483
0,BHTN,Bhitoni,Bhitoni Madhya Pradesh,West Central Railway,Madhya Pradesh,"Shahpura, Madhya Pradesh 483119, India",79.6684537,23.1387551
0,UMR,Umaria,Umaria Madhya Pradesh,South East Central Railway,Madhya Pradesh,"Umaria, Madhya Pradesh 484661, India",80.8294747,23.5309797
0,JYG,Jaynagar,Jaynagar Bihar,East Central Railway,Bihar,"Jainagar, Bihar, India",86.1370148,26.5883988
0,PAP,Pithapuram,Pithapuram Andhra Pradesh,South Central Railway,Andhra Pradesh,"Pithapuram, Andhra Pradesh 533450, India",82.2521517,17.1145559
0,BPL,Bhopal Jn,Bhopal Jn Madhya Pradesh,West Central Railway,Madhya Pradesh,"Bhopal Jn., Pal Tower, Hamidia Rd, Bhopal Talkies, Bajariya, Navbahar Colony, Bhopal, Madhya Pradesh 462001, India",77.4131785,23.2666891
0,AAM,Angadippuram,Angadippuram Kerala,Southern Railway,Kerala,"Angadipuram, Kerala, India",76.2013931,10.977336
0,PKT,Pattukottai,Pattukottai Tamil Nadu,Southern Railway,Tamil Nadu,"Pattukkottai, Tamil Nadu 614601, India",79.3199985,10.4232271
0,LSD,Lusadiya,Lusadiya Gujarat,North Western Railway,Gujarat,"Lusadiya, Gujarat 383251, India",73.4460123,23.706249
0,KKRH,KARAHIA,KARAHIA Uttar Pradesh,East Central Railway,Uttar Pradesh,"Karahiya, Uttar Pradesh 232339, India",83.7697057,25.4826672
0,NN,Nandura,Nandura Maharashtra,Central Railway,Maharashtra,"Nandura, Maharashtra, India",76.4505243,20.8307334
0,RASP,Rasipuram,Rasipuram Tamil Nadu,Southern Railway,Tamil Nadu,"Rasipuram, Tamil Nadu, India",78.1854772,11.4614624
0,KWI,KIVARLI,KIVARLI Rajasthan,North Western Railway,Rajasthan,"Kivarali, Rajasthan 307026, India",72.8367776,24.5406744
0,MAR,Mulanur,Mulanur Andhra Pradesh,South Western Railway,Andhra Pradesh,"Andhra Pradesh, India",79.7399875,15.9128998
0,DMR,DHARMANAGAR,DHARMANAGAR Tripura,North Frontier Railway,Tripura,"Dharmanagar, Tripura, India",92.1548473,24.3783242
0,BYD,Byadgi,Byadgi Karnataka,South Western Railway,Karnataka,"Byadagi, Karnataka 581106, India",75.4869033,14.6814129
0,VJPJ,VIJAY PUR,VIJAY PUR Jammu And Kashmir,Northern Railway,Jammu And Kashmir,Vijaypur 184120,75.0207619,32.5664109
0,BMPL,BRAHMANPALLI,BRAHMANPALLI Telangana,South Central Railway,Telangana,"Brahmanpalle(PS), Telangana 505172, India",79.3845675,18.6675551
0,PDGM,PUDUNAGARAM,PUDUNAGARAM Kerala,Southern Railway,Kerala,"Pudunagaram, Kerala, India",76.6837842,10.6829815
0,RNR,Ranibennur,Ranibennur Karnataka,South Western Railway,Karnataka,"Ranebennur, Karnataka 581115, India",75.6288239,14.615399
0,SMRL,Samrala,Samrala Punjab,Northern Railway,Punjab,"Samrala, Punjab 141114, India",76.1910284,30.8356679
0,CLX,Chirala,Chirala Andhra Pradesh,South Central Railway,Andhra Pradesh,"Chirala, Andhra Pradesh, India",80.35869,15.8166616
0,ABEO,Pattaravakkam,Pattaravakkam Tamil Nadu,Southern Railway,Tamil Nadu,"Pattravakkam, Kannan Koil, Sidco Industrial Estate, Ambattur, Chennai, Tamil Nadu, India",80.1672782,13.1102605
0,AML,Amalsad,Amalsad Gujarat,Western Railway,Gujarat,"Amalsad, Gujarat, India",72.9553012,20.8139725
0,MHC,Masrakh,Masrakh Bihar,North Eastern Railway,Bihar,"Masrakh, Bihar 841417, India",84.8032248,26.1063994
0,NMH,Nimach,Nimach Madhya Pradesh,Western Railway,Madhya Pradesh,"Neemuch, Madhya Pradesh 458441, India",74.8726497,24.4737663
0,DEMU,MAHENDRANATH,MAHENDRANATH Jharkhand,East Central Railway,Jharkhand,"Jharkhand, India",85.2722472,23.6913486
0,GYM,Gudiyattam,Gudiyattam Tamil Nadu,Southern Railway,Tamil Nadu,"Gudiyatham, Tamil Nadu, India",78.8681614,12.9427995
0,KKPR,KOKPARA,KOKPARA Jharkhand,South Eastern Railway,Jharkhand,"Kokpara, Jharkhand 832302, India",86.589276,22.4513845
0,KDN,KUDATINI,KUDATINI Karnataka,South Western Railway,Karnataka,"Kudatini, Karnataka 583115, India",76.7596221,15.1963592
0,JJN,Jhunjhunun,Jhunjhunun Rajasthan,North Western Railway,Rajasthan,"Jhunjhunu, Rajasthan 333001, India",75.4022233,28.1317038
0,BVL,Bikkavolu,Bikkavolu Andhra Pradesh,South Central Railway,Andhra Pradesh,"Bikkavolu, Andhra Pradesh, India",82.0484013,16.9609832
0,MWT,Marwar Lohwat,Marwar Lohwat Rajasthan,North Western Railway,Rajasthan,"Marwar Lohawat, Lumbaram Circle, Lohawat, Rajasthan 342302, India",72.5902044,26.9819103
0,DUMR,DUMRA,DUMRA Bihar,East Central Railway,Bihar,"Dumra, Bihar 854312, India",87.4195123,26.0140365
0,GBE,GAYABARI,GAYABARI West Bengal,North Frontier Railway,West Bengal,"Gayabari, West Bengal 734223, India",88.3263603,26.8605653
0,MMA,Muhammadabad,Muhammadabad Uttar Pradesh,North Eastern Railway,Uttar Pradesh,"Muhammadabad, Uttar Pradesh 276403, India",83.3823004,26.0329808
0,VVV,Vavera,Vavera Gujarat,Western Railway,Gujarat,"Vavera, Gujarat 365560, India",71.4596201,21.1259317
0,MACR,MANGULI CHOWDWAR,MANGULI CHOWDWAR Odisha,East Coast Railway,Odisha,"GWFQ+3PW, Cuttack, Odisha 754025, India",85.9393411,20.5227418
0,AWR,Alwar,Alwar Rajasthan,North Western Railway,Rajasthan,"Alwar, Rajasthan, India",76.6345735,27.5529907
0,BNW,Bhiwani,Bhiwani Haryana,North Western Railway,Haryana,"Bhiwani, Haryana, India",76.1322058,28.7974684
0,KSG,Kishangarh,Kishangarh Rajasthan,North Western Railway,Rajasthan,"Kishangarh, Rajasthan, India",74.8541759,26.5866303
0,PRL,Polur,Polur Tamil Nadu,Southern Railway,Tamil Nadu,"Polur, Tamil Nadu 606803, India",79.12685,12.5106863
0,CAF,Chanda Fort,Chanda Fort Maharashtra,South East Central Railway,Maharashtra,"Chanda Fort, Babupeth, Chandrapur, Maharashtra 442403, India",79.3125641,19.9401405
0,SYN,Sayan,Sayan Gujarat,Western Railway,Gujarat,"Sayan, Gujarat, India",72.8816726,21.3199495
0,MPI,MELPATTI,MELPATTI Tamil Nadu,Southern Railway,Tamil Nadu,"Mailpatti, Tamil Nadu 635805, India",78.7938227,12.859637
0,NNR,Narayanpur,Narayanpur Bihar,East Central Railway,Bihar,"Narayanpur, Bihar 853201, India",86.9448015,25.40163
0,GOE,Ghograpur,Ghograpur Assam,North Frontier Railway,Assam,"Ghagrapar Circle, Assam, India",91.5291045,26.4525782
0,KAT,Khatauli,Khatauli Uttar Pradesh,Northern Railway,Uttar Pradesh,"Khatauli, Uttar Pradesh 251201, India",77.7338472,29.2772598
0,BYZA,Begunia,Begunia Odisha,East Coast Railway,Odisha,"Begunia, Odisha 752062, India",85.4517403,20.2022439
0,KAD,Khandala,Khandala Maharashtra,Central Railway,Maharashtra,"Khandala, Lonavala, Maharashtra, India",73.3757026,18.7583142
0,PRR,ADHICHCHANUR,ADHICHCHANUR West Bengal,South Eastern Railway,West Bengal,"West Bengal, India",87.8549755,22.9867569
0,MTDI,Maltekdi,Maltekdi Maharashtra,South Central Railway,Maharashtra,"Maltekdi, Amravati, Maharashtra, India",77.7719363,20.930991
0,CAT,CHATTAR HAT,CHATTAR HAT West Bengal,North Frontier Railway,West Bengal,"Chatter Hat, Paschim Bansgaon Kismat, West Bengal 734436, India",88.3239059,26.5490013
0,DLGN,DHALGAON,DHALGAON Maharashtra,Central Railway,Maharashtra,"Dhalgaon, Maharashtra 416403, India",74.9880895,17.1160114
0,GTP,GHATPURI,GHATPURI Uttar Pradesh,North Eastern Railway,Uttar Pradesh,"Ghatpuri, Uttar Pradesh 243634, India",79.2070463,28.1190597
0,IRA,ISRANA,ISRANA Haryana,Northern Railway,Haryana,"Israna, Haryana, India",76.8519159,29.27698
0,MDDP,Mandi Dip,Mandi Dip Madhya Pradesh,West Central Railway,Madhya Pradesh,"Mandideep, Bhopal, Madhya Pradesh 462046, India",77.5114731,23.0992796
0,SAU,Sanand,Sanand Gujarat,Western Railway,Gujarat,"Sanand, Gujarat 382110, India",72.3772986,22.9919637
0,GBB,Gubbi,Gubbi Karnataka,South Western Railway,Karnataka,"Gubbi, Karnataka 572216, India",76.9398195,13.3117814
0,DEC,Delhi Cantt,Delhi Cantt Delhi,Northern Railway,Delhi,"Delhi Cantonment, New Delhi, Delhi, India",77.1587375,28.5961279
0,PAW,Pandabeswar,Pandabeswar West Bengal,Eastern Railway,West Bengal,"Pandaveswar, West Bengal, India",87.2767544,23.7096875
0,VKT,Venkatachalam,Venkatachalam Andhra Pradesh,South Central Railway,Andhra Pradesh,"Venkatachalam, Andhra Pradesh 524320, India",79.9231886,14.3258569
0,MBM,Mambalam,Mambalam Tamil Nadu,Southern Railway,Tamil Nadu,"West Mambalam, Chennai, Tamil Nadu, India",80.2209499,13.0382876
0,WAB,Balwa,Balwa Gujarat,Western Railway,Gujarat,"Balva, Gujarat 382735, India",72.6595927,23.3524644
0,ODM,Ondagram,Ondagram West Bengal,South Eastern Railway,West Bengal,"Ondagram, Onda, Kamar Danga, West Bengal 722144, India",87.2024479,23.1482917
0,MBI,Madhubani,Madhubani Bihar,East Central Railway,Bihar,"Madhubani, Bihar, India",86.0711661,26.3482938
0,KT,Kumta,Kumta Karnataka,Konkan Railway,Karnataka,"Kumta, Karnataka, India",74.4190929,14.4275482
0,SHRN,S Hirdaramnagar,S Hirdaramnagar Madhya Pradesh,West Central Railway,Madhya Pradesh,"Sant Hirdaram Nagar, Block A, Hemu Kalani, Bairagarh, Bhopal, Madhya Pradesh 462030, India",77.3363908,23.2702771
0,BGQ,Bhongaon,Bhongaon Uttar Pradesh,North Central Railway,Uttar Pradesh,"Bhogaon, Uttar Pradesh 205262, India",79.1722772,27.2554043
0,OKL,OTTAKKAL,OTTAKKAL Kerala,Southern Railway,Kerala,"Kottakkal, Kerala, India",75.9917634,10.9989697
0,GZB,Ghaziabad,Ghaziabad Uttar Pradesh,Northern Railway,Uttar Pradesh,"Ghaziabad, Uttar Pradesh, India",77.4537578,28.6691565
0,DBD,Deoband,Deoband Uttar Pradesh,Northern Railway,Uttar Pradesh,"Deoband, Uttar Pradesh 247554, India",77.6820491,29.6880187
0,RKK,Ratangrh Knkwal,Ratangrh Knkwal Punjab,North Western Railway,Punjab,"Ratangarh, Punjab 140701, India",76.4667921,30.4580816
0,PCN,Panch Pipila,Panch Pipila Madhya Pradesh,Western Railway,Madhya Pradesh,"Panch Pipila, Panchpipaliya, Madhya Pradesh 457770, India",74.6667751,23.0328397
0,CHJ,Chata,Chata Uttar Pradesh,North Eastern Railway,Uttar Pradesh,"Chata, Uttar Pradesh 212507, India",81.9698456,25.7077221
0,MYX,METYAL SOHAR,METYAL SOHAR West Bengal,South Eastern Railway,West Bengal,"Metyal Sahar, Metyal Sahar Station Rd, Metyal Sahar, West Bengal 723121, India",86.7483376,23.4819955
0,BAWD,BHADWAD,BHADWAD Maharashtra,Western Railway,Maharashtra,"Bhadwad, Maharashtra 425416, India",74.103441,21.3130758
0,HKG,Hirakud,Hirakud Odisha,East Coast Railway,Odisha,"Hirakud, Odisha 768016, India",83.8950042,21.5366818
0,JOA,Janwal,Janwal Maharashtra,Central Railway,Maharashtra,"Janwal, Maharashtra 413529, India",76.7531301,18.5497442
0,MDKU,Modukuru,Modukuru Andhra Pradesh,South Central Railway,Andhra Pradesh,"Modukuru, Andhra Pradesh, India",80.5820613,16.1285007
0,SURP,Suratpura,Suratpura Rajasthan,North Western Railway,Rajasthan,"Suratpura, Rajasthan 331023, India",75.5130822,28.6904084
0,KMU,Kumbakonam,Kumbakonam Tamil Nadu,Southern Railway,Tamil Nadu,"Kumbakonam, Tamil Nadu, India",79.3844976,10.9601852
0,TLGP,Talguppa,Talguppa Karnataka,South Western Railway,Karnataka,"Talaguppa, Karnataka 577430, India",74.9087223,14.214477
0,KJJ,Kodavaluru,Kodavaluru Andhra Pradesh,South Central Railway,Andhra Pradesh,"Kodavaluru, Andhra Pradesh 524316, India",80.0022922,14.5673143
0,BLPU,Bilpur,Bilpur Uttar Pradesh,Northern Railway,Uttar Pradesh,"Bilaspur, Uttar Pradesh 244921, India",79.2648481,28.8864288
0,MRQ,MATARI,MATARI Jharkhand,East Central Railway,Jharkhand,"Matari, Jharkhand, India",86.2539519,23.8458449
0,SRNK,Soron,Soron Uttar Pradesh,North Eastern Railway,Uttar Pradesh,"Soron, Uttar Pradesh 207403, India",78.7447868,27.886626
0,PLNI,Palani,Palani Tamil Nadu,Southern Railway,Tamil Nadu,"Palani, Tamil Nadu, India",77.5161356,10.4500374
0,JNRI,Jalindri,Jalindri Rajasthan,West Central Railway,Rajasthan,"Jalindri, Rajasthan, India",75.3596817,25.2983367
0,NRM,Nurmahal,Nurmahal Punjab,Northern Railway,Punjab,"Nurmahal, Punjab 144039, India",75.5887989,31.0942615
0,SCT,SENGOTTAI,SENGOTTAI Tamil Nadu,Southern Railway,Tamil Nadu,"Shenkottai, Tamil Nadu, India",77.2488281,8.9724562
0,SKT,Sakti,Sakti Chhatisgarh,South East Central Railway,Chhatisgarh,"Sakti, Chhattisgarh 495689, India",82.9602387,22.0237859
0,MLO,Malur,Malur Karnataka,South Western Railway,Karnataka,"Malur, Karnataka, India",77.9383033,13.0037225
0,MKP,Manikpur,Manikpur Uttar Pradesh,North Central Railway,Uttar Pradesh,"Manikpur, Uttar Pradesh 210208, India",81.1030573,25.0698727
0,JN,Sakrigali Jn,Sakrigali Jn Gujarat,Western Railway,Gujarat,"Gujarat, India",71.5723953,22.6708317
0,AKV,Ankleshwar Jn,Ankleshwar Jn Gujarat,Western Railway,Gujarat,"Ankleshwar, Gujarat, India",73.0151984,21.6264236
0,OLA,OLAKUR,OLAKUR Tamil Nadu,Southern Railway,Tamil Nadu,"Olakkur, Tamil Nadu 604305, India",79.7189541,12.3079852
0,KTU,Kuttippuram,Kuttippuram Kerala,Southern Railway,Kerala,"Kuttippuram, Kerala 679571, India",76.0298804,10.8423474
0,STN,Sitarampur,Sitarampur West Bengal,Eastern Railway,West Bengal,"Sitarampur, West Bengal 713359, India",86.8947789,23.7233343
0,KEG,Karengi,Karengi Uttar Pradesh,Northern Railway,Uttar Pradesh,"Karengi, Uttar Pradesh 243303, India",79.0849825,28.3381707
0,MQO,Munroturuttu,Munroturuttu Kerala,Southern Railway,Kerala,"Munroturuttu, Munroe Island, Kerala 691502, India",76.6115213,8.9946666
0,TKO,TAKKOLAM,TAKKOLAM Tamil Nadu,Southern Railway,Tamil Nadu,"Thakkolam, Tamil Nadu, India",79.7231612,13.021058
0,NKE,Narkatiaganj Jn,Narkatiaganj Jn Bihar,East Central Railway,Bihar,"Narkatiaganj, Bihar 845455, India",84.4749925,27.1063462
0,HSRA,Hosur,Hosur Tamil Nadu,South Western Railway,Tamil Nadu,"Hosur, Tamil Nadu, India",77.8252923,12.7409127
0,NDY,NANDI HALT,NANDI HALT Karnataka,South Western Railway,Karnataka,"Karnataka, India",75.7138884,15.3172775
0,LHLL,Lahli,Lahli Haryana,North Western Railway,Haryana,"Lahli, Haryana 124411, India",76.4529116,28.8524788
0,SFR,SAFRAI,SAFRAI Assam,North Frontier Railway,Assam,"Safrai, Barpothar, Assam 785689, India",94.940711,27.028055
0,AFK,Angamali,Angamali Kerala,Southern Railway,Kerala,"Angamaly, Kerala, India",76.3869289,10.1926394
0,DGPP,DHENGLI PP GOAN,DHENGLI PP GOAN Maharashtra,South Central Railway,Maharashtra,"Maharashtra, India",75.7138884,19.7514798
0,TPTY,Tirupati,Tirupati Andhra Pradesh,South Central Railway,Andhra Pradesh,"Tirupati, Andhra Pradesh, India",79.4191795,13.6287557
0,RRI,Rahuri,Rahuri Maharashtra,Central Railway,Maharashtra,"Rahuri, Maharashtra 413705, India",74.6520835,19.3950986
0,SBC,Arabagatta H,Arabagatta H Karnataka,South Western Railway,Karnataka,"Arabagatta, Karnataka 577554, India",76.139243,13.8935207
0,NMM,New Misamari,New Misamari Assam,North Frontier Railway,Assam,"Misamari, Dhekiajuli, Dheki Peluya Kachari Gaon, Assam 784506, India",92.5777912,26.8110298
0,JPM,Jiyapuram,Jiyapuram Tamil Nadu,Null,Tamil Nadu,"Jeeyapuram, Tamil Nadu 639101, India",78.6044052,10.8734354
0,KJU,KUNTIGHAT,KUNTIGHAT West Bengal,Eastern Railway,West Bengal,"Kuntighat - Magra Rd, West Bengal, India",88.3882833,23.0051811
0,RSR,Rasra,Rasra Uttar Pradesh,North Eastern Railway,Uttar Pradesh,"Rasra, Uttar Pradesh, India",83.855467,25.8591065
0,LOGH,Lottegolahali H,Lottegolahali H Karnataka,South Western Railway,Karnataka,"Lottegollahalli, R.M.V. 2nd Stage, Bengaluru, Karnataka 560094, India",77.5669571,13.0456969
0,VKDH,VEER KUNWAR HALT,VEER KUNWAR HALT Bihar,East Central Railway,Bihar,"Katira, Arrah, Bihar 802301, India",84.6531604,25.5523376
0,MLSA,MALLASANDRA,MALLASANDRA Karnataka,South Western Railway,Karnataka,"Mallasandra, Karnataka, India",77.5419447,12.855086
0,JAO,Jaora,Jaora Madhya Pradesh,Western Railway,Madhya Pradesh,"Jaora, Madhya Pradesh 457226, India",75.1227569,23.6349287
0,TRL,Tiruvallur,Tiruvallur Tamil Nadu,Southern Railway,Tamil Nadu,"Tiruvallur, Tamil Nadu 602003, India",79.911769,13.1226901
0,LOHA,Loha,Loha Rajasthan,North Western Railway,Rajasthan,"Loha, Rajasthan, India",74.6126473,28.0028719
0,HET,HETAMPUR,HETAMPUR Madhya Pradesh,North Central Railway,Madhya Pradesh,"Hetampur, Madhya Pradesh 476001, India",77.9881401,26.6005593
0,GDO,Goverdhan,Goverdhan Uttar Pradesh,North Central Railway,Uttar Pradesh,"Govardhan, Uttar Pradesh, India",77.4650284,27.4940756
0,FDK,Faridkot,Faridkot Punjab,Northern Railway,Punjab,"Faridkot, Punjab 151203, India",74.7539266,30.6774058
0,DNWR,Dhanwar,Dhanwar Jharkhand,East Central Railway,Jharkhand,"Rajdhanwar, Jharkhand, India",85.9840865,24.4088427
0,OBR,Obra Dam,Obra Dam Uttar Pradesh,East Central Railway,Uttar Pradesh,"Obra Dam, Rihand River, Panari, Obra, Uttar Pradesh 231219, India",82.9656237,24.4393379
0,MLT,MALATIPATPUR,MALATIPATPUR Odisha,East Coast Railway,Odisha,"Maltipatpur, Odisha, India",85.831986,19.866902
0,DKWA,DOKWA,DOKWA Rajasthan,North Western Railway,Rajasthan,"Dokwa, Rajasthan, India",75.3205302,28.583094
0,MLV,Mallarpur,Mallarpur West Bengal,Eastern Railway,West Bengal,"Mallarpur, West Bengal 731216, India",87.7098723,24.0763414
0,KPV,Kashipur,Kashipur Uttarakhand,North Eastern Railway,Uttarakhand,"Kashipur, Uttarakhand 244713, India",78.9618845,29.2104232
0,SWR,Sonua,Sonua Jharkhand,South Eastern Railway,Jharkhand,"Sonua, Jharkhand 833105, India",85.4607639,22.5708967
0,HRI,Hardoi,Hardoi Uttar Pradesh,Northern Railway,Uttar Pradesh,"Hardoi, Uttar Pradesh 241001, India",80.1250479,27.3965071
0,MAAR,MALHAR,MALHAR Rajasthan,North Western Railway,Rajasthan,"Malhar, Rajasthan 342301, India",72.381334,27.2018469
0,PBW,Pantnagar,Pantnagar Uttarakhand,North Eastern Railway,Uttarakhand,"Pantnagar, Uttarakhand, India",79.4908489,29.0221538
0,RKL,Ramkola,Ramkola Uttar Pradesh,North Eastern Railway,Uttar Pradesh,"Ramkola, Uttar Pradesh 274305, India",83.8526036,26.9046557
0,KAMG,Kamakhyaguri,Kamakhyaguri West Bengal,North Frontier Railway,West Bengal,"Uttar Kamakhyaguri, West Bengal 736202, India",89.7168647,26.4633681
0,RN,Ratnagiri,Ratnagiri Maharashtra,Konkan Railway,Maharashtra,"Ratnagiri, Maharashtra, India",73.3120233,16.990215
0,TWL,Tilwara,Tilwara Rajasthan,North Western Railway,Rajasthan,"Tilwara, Rajasthan 344025, India",72.089775,25.8584859
0,DBEC,Devbaloda Chrda,Devbaloda Chrda Chhatisgarh,South East Central Railway,Chhatisgarh,"Unnamed Road, Bhilai Marshalling Yard, Bhilai, Charoda, Chhattisgarh 490025, India",81.4731536,21.218739
0,SMBL,Simbhooli,Simbhooli Uttar Pradesh,Northern Railway,Uttar Pradesh,"Simbhaoli, Uttar Pradesh 245207, India",77.9823915,28.7604653
0,JBD,JALLALABD,JALLALABD Punjab,Northern Railway,Punjab,"Jalalabad, Punjab 152024, India",74.2557874,30.6049809
0,NBQ,New Bongaigaon,New Bongaigaon Assam,North Frontier Railway,Assam,"New Bongaigaon, BGR Twp, Dhaligaon Pt, Assam 783385, India",90.5193288,26.5110388
0,NHN,Nigohan,Nigohan Uttar Pradesh,Northern Railway,Uttar Pradesh,"Nigoha, Uttar Pradesh 226302, India",81.0299183,26.5623466
0,LJR,Lanjigarh Road,Lanjigarh Road Odisha,East Coast Railway,Odisha,"Lanjigarh Road, Odisha, India",83.393628,19.9475516
0,BJ,Bahjoi,Bahjoi Uttar Pradesh,Northern Railway,Uttar Pradesh,"Bahjoi, Uttar Pradesh 244410, India",78.6171753,28.3868609
0,NHLG,New Haflong,New Haflong Assam,North Frontier Railway,Assam,"New Haflong, Haflong, Assam 788819, India",93.03181,25.1481188
0,UVD,Udvada,Udvada Gujarat,Western Railway,Gujarat,"Udvada, Gujarat 396180, India",72.8722249,20.4863158
0,KKLR,Kaikalur,Kaikalur Andhra Pradesh,South Central Railway,Andhra Pradesh,"Kaikaluru, Andhra Pradesh 521333, India",81.2129374,16.5527275
0,KHDB,KHODIYAR,KHODIYAR Gujarat,Western Railway,Gujarat,"Khodiyar, Gujarat, India",72.5387548,23.1469145
0,MYK,MAYAKONDA,MAYAKONDA Karnataka,South Western Railway,Karnataka,"Mayakonda, Karnataka 577534, India",76.0798006,14.2744547
0,TNL,Tangla,Tangla Assam,North Frontier Railway,Assam,"Tangla, Assam, India",91.9123664,26.6572726
0,BURN,Burnpur,Burnpur West Bengal,South Eastern Railway,West Bengal,"Burnpur, Asansol, West Bengal, India",86.9325541,23.6645124
0,TKG,THAKURGANJ,THAKURGANJ Bihar,North Frontier Railway,Bihar,"Thakurganj, Bihar 855115, India",88.1253739,26.4272073
0,RTWS,Rahatwas,Rahatwas Madhya Pradesh,West Central Railway,Madhya Pradesh,"Rahatwas, Madhya Pradesh 464240, India",78.1877922,24.06734
0,NGG,Nagina,Nagina Uttar Pradesh,Northern Railway,Uttar Pradesh,"Nagina, Uttar Pradesh 246762, India",78.4326638,29.4426409
0,UKD,ULINDAKONDA,ULINDAKONDA Andhra Pradesh,South Central Railway,Andhra Pradesh,"Ulindakonda, Andhra Pradesh, India",77.9752926,15.6498644
0,KSE,Kosad,Kosad Gujarat,Western Railway,Gujarat,"Kosad, Surat, Gujarat, India",72.8623962,21.2545494
0,RDG,RAYADRUG,RAYADRUG Andhra Pradesh,South Western Railway,Andhra Pradesh,"Rayadurgam, Andhra Pradesh, India",76.8500725,14.7005847
0,DLR,Dullahapur,Dullahapur Uttar Pradesh,North Eastern Railway,Uttar Pradesh,"Dullahapur, Uttar Pradesh 275202, India",83.4243305,25.8012642
0,JNU,Jaunpur Jn,Jaunpur Jn Uttar Pradesh,North Eastern Railway,Uttar Pradesh,"Jaunpur Junction, Station Rd, Khasanpur, Jaunpur, Uttar Pradesh 222001, India",82.6993114,25.7614036
0,SELU,Selu,Selu Maharashtra,South Central Railway,Maharashtra,"Selu, Maharashtra 431503, India",76.4389549,19.4532003
0,PUL,Rajendra Pul,Rajendra Pul Punjab,Northern Railway,Punjab,"Punjab, India",75.3412179,31.1471305
0,CWLE,CHOWRIGACHA,CHOWRIGACHA West Bengal,Eastern Railway,West Bengal,"Chowrigacha, Chumarigacha, West Bengal 742405, India",88.1855351,23.9656542
0,PO,PARANGIPETTAI,PARANGIPETTAI Tamil Nadu,Southern Railway,Tamil Nadu,"Parangipettai, Tamil Nadu, India",79.7568107,11.5084474
0,SN,SUKNA,SUKNA West Bengal,North Frontier Railway,West Bengal,"Sukna, West Bengal, India",88.3624815,26.7884727
0,CRWL,Chak Rakhwal,Chak Rakhwal ,Northern Railway,,"Chak, Punjab 140118, India",76.488118,31.238171
0,KBT,KADAMBATTUR,KADAMBATTUR Tamil Nadu,Southern Railway,Tamil Nadu,"Kadambathur, Tamil Nadu 631203, India",79.8634388,13.0972156
0,HWT,Hanwant,Hanwant Rajasthan,North Western Railway,Rajasthan,"Hanwant, Rajasthan 342802, India",73.00559,26.06302
0,JN,Rajkot Jn,Rajkot Jn Gujarat,Western Railway,Gujarat,"Rajkot, Gujarat, India",70.8021599,22.3038945
0,JTJ,Jolarpettai,Jolarpettai Tamil Nadu,Southern Railway,Tamil Nadu,"Jolarpet, Tamil Nadu 635851, India",78.5748962,12.5687194
0,JUP,Jhunpa,Jhunpa Rajasthan,North Western Railway,Rajasthan,"Jhunpa, Gothyan Bari, Rajasthan 331023, India",75.5137132,28.7658241
0,VJPJ,Vijiypur Jammu,Vijiypur Jammu Jammu And Kashmir,Northern Railway,Jammu And Kashmir,"Vijaypur, Madhya Pradesh 476332, India",77.3690496,26.0538287
0,RTGH,Ratangarh Jn,Ratangarh Jn Rajasthan,North Western Railway,Rajasthan,"Ratangarh Junction, Ratangarh, Rajasthan 331022, India",74.6243844,28.0679337
0,AMLA,Amla Jn,Amla Jn Madhya Pradesh,Central Railway,Madhya Pradesh,"Amla, Madhya Pradesh, India",78.130787,21.9282789
0,NGF,NAGARNABI,NAGARNABI West Bengal,Eastern Railway,West Bengal,"Nagarnabi, Nabinagar, West Bengal 816107, India",87.8684916,24.590446
0,CAPE,Kanyakumari,Kanyakumari Tamil Nadu,Southern Railway,Tamil Nadu,"Kanniyakumari, Tamil Nadu, India",77.5495019,8.0843512
0,AST,Asaoti,Asaoti Haryana,Northern Railway,Haryana,"Asaoti - Jataula Rd, Haryana 121102, India",77.3120064,28.2321545
0,LTT,Tiruppur,Tiruppur Maharashtra,Central Railway,Maharashtra,"Maharashtra, India",75.7138884,19.7514798
0,GOL,Goilkera,Goilkera Jharkhand,South Eastern Railway,Jharkhand,"Goilkera, Jharkhand 833103, India",85.3769159,22.5075703
0,AJK,AJAKOLLU,AJAKOLLU Telangana,South Central Railway,Telangana,"8VC7+RVR Ajakollu Railway Bridge, Devarapalle, Telangana 509131, India",77.8646534,16.3221112
0,SGM,SOLGAMPATTI,SOLGAMPATTI Tamil Nadu,Southern Railway,Tamil Nadu,"Usilampatti, Tamil Nadu 625532, India",77.788508,9.9649231
0,SVKS,Sivakasi,Sivakasi Tamil Nadu,Southern Railway,Tamil Nadu,"Sivakasi, Tamil Nadu, India",77.802417,9.4532852
0,ANR,Anara,Anara West Bengal,South Eastern Railway,West Bengal,"Anara, Chapari, West Bengal 723126, India",86.5608924,23.4882015
0,VDI,VELDURTI,VELDURTI Andhra Pradesh,South Central Railway,Andhra Pradesh,"Veldurthi, Andhra Pradesh, India",77.9292916,15.5533014
0,ABD,Ambli Road,Ambli Road Gujarat,Western Railway,Gujarat,"Ambli Rd, Ahmedabad, Gujarat, India",72.4921573,23.0281905
0,VJR,VIJAYANAGAR,VIJAYANAGAR Maharashtra,South Western Railway,Maharashtra,"Vijaynagar, Maharashtra 423102, India",74.2017906,20.4633986
0,RTGN,Ratangaon,Ratangaon Madhya Pradesh,West Central Railway,Madhya Pradesh,"Ratangaon, Adhrand, Madhya Pradesh 488442, India",79.902321,23.83697
0,BJU,Barauni Jn,Barauni Jn Bihar,East Central Railway,Bihar,"Barauni Junction, Barauni, Nipania, Bihar 851118, India",85.9884762,25.4616885
0,NGZ,S K Nagjihari,S K Nagjihari Maharashtra,Central Railway,Maharashtra,"Maharashtra, India",75.7138884,19.7514798
0,ARL,Araul Makanpur,Araul Makanpur Uttar Pradesh,North Eastern Railway,Uttar Pradesh,"Araul, Uttar Pradesh 209202, India",80.0196068,26.9203155
0,AKD,Akodia,Akodia Madhya Pradesh,Western Railway,Madhya Pradesh,"Akodia, Madhya Pradesh 465223, India",76.6037222,23.3813932
0,WRR,Warora,Warora Maharashtra,Central Railway,Maharashtra,"Warora, Maharashtra, India",79.0163018,20.250596
0,EKR,Ekangarsarai,Ekangarsarai Bihar,East Central Railway,Bihar,"Ekangarsarai, Bihar 801301, India",85.2294002,25.2208896
0,FAB,Fatehabad,Fatehabad Uttar Pradesh,North Central Railway,Uttar Pradesh,"Fatehabad, Uttar Pradesh 283111, India",78.3074027,27.0221711
0,SDVL,SOLDEVANAHALLI,SOLDEVANAHALLI Karnataka,South Western Railway,Karnataka,"Soladevanahalli, Karnataka, India",77.4831032,13.0847246
0,CRJ,Chittaranjan,Chittaranjan West Bengal,Eastern Railway,West Bengal,"Chittaranjan, West Bengal, India",86.9019814,23.8492455
0,DEEG,DEEG,DEEG Rajasthan,North Central Railway,Rajasthan,"Deeg, Rajasthan 321203, India",77.3267927,27.4725477
0,KGD,Kalligudi,Kalligudi Tamil Nadu,Southern Railway,Tamil Nadu,"Kalligudi, Tamil Nadu 625701, India",77.9749223,9.7103469
0,PYV,PALAYASIVARAM,PALAYASIVARAM Tamil Nadu,Southern Railway,Tamil Nadu,"Palayaseevaram, Tamil Nadu 631606, India",79.8696741,12.7776209
0,BSKH,BASUKINATH,BASUKINATH Jharkhand,Eastern Railway,Jharkhand,"Basukinath, Jharkhand, India",87.0799077,24.3863547
0,CHRG,CHORGI,CHORGI Karnataka,South Western Railway,Karnataka,"Chorgi, Karnataka 586211, India",75.865741,17.1810184
0,RD,Subrahmanya Rd,Subrahmanya Rd Bihar,East Central Railway,Bihar,"Bihar, India",85.2722472,25.9644427
0,LM,Limbdi,Limbdi Gujarat,Western Railway,Gujarat,"Limbdi, Gujarat 363421, India",71.801943,22.5687621
0,MUPA,Mupa,Mupa Assam,North Frontier Railway,Assam,"Mupa, Assam 788832, India",93.119896,25.391134
0,NLNR,Nulemuru,Nulemuru Karnataka,South Western Railway,Karnataka,"Karnataka, India",75.7138884,15.3172775
0,MANA,MANA,MANA Maharashtra,Central Railway,Maharashtra,"Mana, Maharashtra 444106, India",77.4795184,20.7672865
0,LAE,LAKHOLI,LAKHOLI Chhatisgarh,East Coast Railway,Chhatisgarh,"Lakhoti, Chhattisgarh 493441, India",81.8885771,21.2024753
0,AGTL,Agartala,Agartala Tripura,North Frontier Railway,Tripura,"Agartala, Tripura, India",91.2867777,23.831457
0,SRI,Salmari,Salmari Bihar,North Frontier Railway,Bihar,"Salmari, Bihar 855113, India",87.842076,25.6144663
0,KSN,Krishna,Krishna Telangana,South Central Railway,Telangana,"Madhavaram, Telangana 508213, India",79.7750322,17.0944155
0,UDL,Andal Jn,Andal Jn West Bengal,Eastern Railway,West Bengal,"Andal, West Bengal 713321, India",87.1910184,23.5815244
0,BUH,Burhar,Burhar Madhya Pradesh,South East Central Railway,Madhya Pradesh,"Burhar, Madhya Pradesh, India",81.5706109,23.1919608
0,BMD,Bhimadolu,Bhimadolu Andhra Pradesh,South Central Railway,Andhra Pradesh,"Bhimadole, Andhra Pradesh 534425, India",81.2636995,16.8108022
0,JAA,Jhalida,Jhalida West Bengal,South Eastern Railway,West Bengal,"Jhalda, West Bengal, India",86.2336343,23.3283436
0,BCT,DHURANT JWAS HALT,DHURANT JWAS HALT Maharashtra,Western Railway,Maharashtra,"Maharashtra, India",75.7138884,19.7514798
0,BDGU,Budagumpa,Budagumpa Karnataka,South Westernrailway,Karnataka,"Budagumpa, Karnataka 583229, India",76.6990256,15.5715545
0,MRHT,Moranhat,Moranhat Assam,North Frontier Railway,Assam,"Moranhat, Assam, India",94.9169196,27.1787478
0,BTSR,BHUTESHWAR,BHUTESHWAR Uttar Pradesh,North Central Railway,Uttar Pradesh,"Bhuteshwar Rd, Mathura, Uttar Pradesh 281001, India",77.6711117,27.4955896
0,JHW,Jhalawar Road,Jhalawar Road Rajasthan,West Central Railway,Rajasthan,"Jhalawar Road, Rajasthan, India",75.9209199,24.5406259
0,LUNI,Luni Richha,Luni Richha Rajasthan,North Western Railway,Rajasthan,"Richa, Rajasthan 314022, India",74.2326058,23.8698696
0,DGBH,Digha Bridge Halt,Digha Bridge Halt Bihar,East Central Railway,Bihar,"Digha Bridge Halt, Yadav Colony, Patna, Bihar 800011, India",85.0801363,25.6463047
0,BDBG,BADHAI BALAMGRH,BADHAI BALAMGRH Punjab,Northern Railway,Punjab,"Badhai, Punjab 143527, India",75.4737974,31.8231296
0,POR,Pipalda Road,Pipalda Road Rajasthan,West Central Railway,Rajasthan,"Pipalda Rd, Rajasthan, India",76.4193517,25.5443514
0,HRR,CHALGERI,CHALGERI Karnataka,South Western Railway,Karnataka,"Chalageri, Karnataka 581402, India",74.9563588,14.8516435
0,MUR,Mankapur Jn,Mankapur Jn Uttar Pradesh,North Eastern Railway,Uttar Pradesh,"Mankapur Junction, Mankapur, Uttar Pradesh 271302, India",82.2268666,27.0396698
0,BGBR,Bagbahra,Bagbahra Chhatisgarh,East Coast Railway,Chhatisgarh,"Bagbahara, Chhattisgarh 493449, India",82.3869134,21.0447495
0,FSW,Fateh Singhwala,Fateh Singhwala Rajasthan,North Western Railway,Rajasthan,"Rajasthan, India",74.2179326,27.0238036
0,MLC,Malkisar,Malkisar Rajasthan,North Western Railway,Rajasthan,"Malkisar, Rajasthan 334603, India",73.9065883,28.6696495
0,KJG,Karajgi,Karajgi Karnataka,South Western Railway,Karnataka,"Karjgi, Karnataka 585217, India",76.2163533,17.2836132
0,BRYA,GANGA SAHAI,GANGA SAHAI Bihar,East Central Railway,Bihar,"Gangasarai Halt, Bihar 811311, India",86.022407,25.259766
0,PTA,Patiala,Patiala Punjab,Northern Railway,Punjab,"Patiala, Punjab, India",76.3868797,30.3397809
0,MLYR,MELNARIYAPANUR,MELNARIYAPANUR Tamil Nadu,Southern Railway,Tamil Nadu,"Melnariyapanur, Tamil Nadu 606201, India",78.8113632,11.6176363
0,NQH,New Domohani,New Domohani West Bengal,North Frontier Railway,West Bengal,"Domohani, West Bengal 735302, India",88.7758503,26.5763948
0,MHUR,MOHANPUR,MOHANPUR Jharkhand,Eastern Railway,Jharkhand,"Mohanpur, Jharkhand 814157, India",86.8163855,24.5064389
0,BELD,BELKHERA,BELKHERA Madhya Pradesh,West Central Railway,Madhya Pradesh,"Belkheda, Madhya Pradesh, India",79.4647633,23.1766871
0,PKR,Pakur,Pakur Jharkhand,Eastern Railway,Jharkhand,"Pakur, Jharkhand 816107, India",87.8500644,24.6336908
0,BPP,Bapatla,Bapatla Andhra Pradesh,South Central Railway,Andhra Pradesh,"Bapatla, Andhra Pradesh, India",80.4671375,15.9039445
0,GVB,Guneru Bamori,Guneru Bamori Madhya Pradesh,West Central Railway,Madhya Pradesh,"Guneru Bamori, Gunehru Bamori Gaon, Bamori, Madhya Pradesh 473443, India",78.0629477,24.4621039
0,ORAI,Orai,Orai Uttar Pradesh,North Central Railway,Uttar Pradesh,"Orai, Uttar Pradesh 285001, India",79.4488695,25.987523
0,BLDI,Bhildi,Bhildi Gujarat,Western Railway,Gujarat,"Bhildi, Gujarat 385530, India",72.0271421,24.1954097
0,TTL,Tiruttangal,Tiruttangal Tamil Nadu,Southern Railway,Tamil Nadu,"Thiruthangal, Sivakasi, Tamil Nadu 626130, India",77.8081363,9.4807463
0,ISHN,Ishanagar,Ishanagar Madhya Pradesh,North Central Railway,Madhya Pradesh,"Isha Nagar, Madhya Pradesh 471315, India",79.4084928,24.8528434
0,JOQ,JORAI,JORAI West Bengal,North Frontier Railway,West Bengal,"Jorai, West Bengal 736207, India",89.8048352,26.4561388
0,RNI,RANGAPANI,RANGAPANI West Bengal,North Frontier Railway,West Bengal,"Rangapani, West Bengal 736145, India",89.3689231,26.1685391
0,WJ,WALAJABAD,WALAJABAD Tamil Nadu,Southern Railway,Tamil Nadu,"Walajabad, Tamil Nadu, India",79.82127,12.7947909
0,SBIB,Sabarmati Bg,Sabarmati Bg Gujarat,Western Railway,Gujarat,"Sabarmati BG, Ram Nagar, Sabarmati, Ahmedabad, Gujarat 380005, India",72.58883,23.07711
0,RTN,RETANG,RETANG Odisha,East Coast Railway,Odisha,"Retang, Odisha 752054, India",85.760897,20.2077142
0,KSR,KSR Bengaluru,KSR Bengaluru Uttar Pradesh,North Eastern Railway,Uttar Pradesh,"Bengaluru, Karnataka, India",77.5945627,12.9715987
0,JMQ,JAMIRGHATA,JAMIRGHATA West Bengal,Eastern Railway,West Bengal,"Jamirghata, Gayeshbari Main Road, Pratappur, Sujapur, West Bengal 732206, India",88.0678963,24.9168454
0,KRMA,KARAMTOLA,KARAMTOLA Jharkhand,Eastern Railway,Jharkhand,"Karam Tola, Jharkhand 814156, India",87.3574973,24.6629664
0,GGN,Gaudgaon.,Gaudgaon. Haryana,Northern Railway,Haryana,"Gurugram, Haryana, India",77.0266383,28.4594965
0,MSP,Mansurpur,Mansurpur Uttar Pradesh,Northern Railway,Uttar Pradesh,"Mansurpur, Uttar Pradesh 251203, India",77.7157249,29.355377
0,SLKX,Salakati,Salakati Assam,North Frontier Railway,Assam,"Salakati, Assam 783376, India",90.3642437,26.444008
0,MUD,Muradnagar,Muradnagar Uttar Pradesh,Northern Railway,Uttar Pradesh,"Muradnagar, Uttar Pradesh 201206, India",77.5074593,28.7718326
0,BAND,Banaswadi,Banaswadi Karnataka,South Western Railway,Karnataka,"Banaswadi, Bengaluru, Karnataka, India",77.6481944,13.0103761
0,CLVR,CHILUVUR,CHILUVUR Andhra Pradesh,South Central Railway,Andhra Pradesh,"Chiluvuru, Andhra Pradesh, India",80.5827272,16.3647153
0,SDT,Sadat,Sadat Uttar Pradesh,North Eastern Railway,Uttar Pradesh,"Sadat, Uttar Pradesh 275204, India",83.3014319,25.6719892
0,BST,Basti,Basti Uttar Pradesh,North Eastern Railway,Uttar Pradesh,"Basti, Uttar Pradesh, India",82.605118,26.8390734
0,KTKH,KOTLA,KOTLA Madhya Pradesh,Western Railway,Madhya Pradesh,"Kotala, Madhya Pradesh 473885, India",77.3640257,25.0283214
0,MJGP,Majhagawan,Majhagawan Madhya Pradesh,West Central Railway,Madhya Pradesh,"Majhagawan, Madhya Pradesh 485778, India",81.0996088,24.3773467
0,MAH,C Shivaji Mah T,C Shivaji Mah T Uttar Pradesh,Northern Railway,Uttar Pradesh,"Mahraja, Uttar Pradesh 210208, India",81.4704659,25.1753258
0,MGD,MUGAD,MUGAD Karnataka,South Western Railway,Karnataka,"Mugad, Karnataka 580007, India",74.9101075,15.4427896
0,BELA,Bela Tal,Bela Tal Bihar,East Central Railway,Bihar,"Bihar, India",85.2722472,25.9644427
0,HATB,HATIBARI,HATIBARI Odisha,East Coast Railway,Odisha,"Hatibari, Odisha, India",85.9636618,20.882368
0,SWA,Sahjanwa,Sahjanwa Uttar Pradesh,North Eastern Railway,Uttar Pradesh,"Sahjanwa, Uttar Pradesh 273209, India",83.213527,26.7537849
0,TPK,Tipkai,Tipkai Assam,North Frontier Railway,Assam,"Tipkai River, Chatakurachar, Assam 783339",90.0164708,26.0537769
0,STA,Satna,Satna Madhya Pradesh,West Central Railway,Madhya Pradesh,"Satna, Madhya Pradesh, India",80.8322428,24.6005075
0,BSZ,Bharwa Sumerpur,Bharwa Sumerpur Uttar Pradesh,North Central Railway,Uttar Pradesh,"Bharuwa Sumerpur, Uttar Pradesh, India",80.1596041,25.8191996
0,GUR,Ganagapur Road,Ganagapur Road Karnataka,Central Railway,Karnataka,"Ganagapur Road, Karnataka, India",76.4839833,17.1042359
0,CPDR,Chhipadohar,Chhipadohar Jharkhand,East Central Railway,Jharkhand,"Chhipadohar, Jharkhand 829204, India",84.1936203,23.8178135
0,AVS,Auvaneswsarem,Auvaneswsarem Kerala,Southern Railway,Kerala,"Auvaneeswaram, Kunnicode - Avaneeswaram - Pathanapuram Rd, Kunnicode, Kerala 691508, India",76.8519465,9.0354049
0,KED,KENDUAPADA,KENDUAPADA Odisha,East Coast Railway,Odisha,"Kenduapada, Odisha 756112, India",86.3712536,21.0216668
0,MZP,Mirzapur,Mirzapur Uttar Pradesh,North Central Railway,Uttar Pradesh,"Mirzapur, Uttar Pradesh, India",82.5644344,25.1336987
0,USL,Uslapur,Uslapur Chhatisgarh,South East Central Railway,Chhatisgarh,"Uslapur, Chhattisgarh 495003, India",82.0909015,22.111855
0,UJP,Ujiarpur,Ujiarpur Bihar,East Central Railway,Bihar,"Ujiarpur, Bihar, India",85.7999758,25.7770016
0,MFC,Monabari,Monabari Assam,North Frontier Railway,Assam,"Monabari, Assam, India",93.2332244,26.7777303
0,KMC,Kamareddi,Kamareddi Telangana,South Central Railway,Telangana,"Kamareddy, Telangana 503111, India",78.3369523,18.3204832
0,GMDA,Gumada,Gumada Andhra Pradesh,East Coast Railway,Andhra Pradesh,"Gumada, Andhra Pradesh 535521, India",83.4683933,18.8842837
0,KXJ,KARIMGANJ JN,KARIMGANJ JN Assam,North Frontier Railway,Assam,"Karimganj, Assam 788710, India",92.3591531,24.8649128
0,JVT,JIBANTI,JIBANTI West Bengal,Eastern Railway,West Bengal,"Jibanti, West Bengal 742187, India",88.1675571,24.0861925
0,BSN,Banasandra,Banasandra Karnataka,South Western Railway,Karnataka,"Banasandra, Karnataka 572212, India",76.6578759,13.2637841
0,BG,Indore Jn Bg,Indore Jn Bg Telangana,South Central Railway,Telangana,"Indore, Madhya Pradesh, India",75.8577258,22.7195687
0,DTV,DHUTRA,DHUTRA Odisha,South Eastern Railway,Odisha,"Dhutra, Odisha, India",84.0909058,21.899325
0,PDA,PUNDOOAH,PUNDOOAH West Bengal,Eastern Railway,West Bengal,"Pundooah, Pundooah Station Rd, Pandua, West Bengal 712149, India",88.2698514,23.0706406
0,ANDN,ANAND NAGAR,ANAND NAGAR Uttar Pradesh,North Eastern Railway,Uttar Pradesh,"Anand Nagar, Uttar Pradesh 273155, India",83.2759219,27.1022603
0,KGA,Khaga,Khaga Uttar Pradesh,North Central Railway,Uttar Pradesh,"Khaga, Uttar Pradesh 212655, India",81.1035342,25.7720835
0,MHSP,Maheshpur,Maheshpur West Bengal,Eastern Railway,West Bengal,"Maheshpur, West Bengal 743355, India",88.3633918,22.2816125
0,JNKR,JANAKINAGAR,JANAKINAGAR Bihar,East Central Railway,Bihar,"Jankinagar, Bihar, India",87.0923906,25.905956
0,UKL,Uttukuli,Uttukuli Tamil Nadu,Southern Railway,Tamil Nadu,"Uthukuli, Tamil Nadu, India",77.4447362,11.1557323
0,TSD,Tahsil Bhadra,Tahsil Bhadra Rajasthan,North Western Railway,Rajasthan,"6J35+W3F, Ajay Nagar, Bhadra, Rewari, Rajasthan 123401, India",76.6076833,28.204825
0,RYC,RAYAKKOTTAI,RAYAKKOTTAI Tamil Nadu,South Western Railway,Tamil Nadu,"Rayakottai, Tamil Nadu 635116, India",78.030389,12.5164541
0,LKE,Lakheri,Lakheri Rajasthan,West Central Railway,Rajasthan,"Lakheri, Rajasthan, India",76.181272,25.6649505
0,CHAS,CHAS ROAD,CHAS ROAD Jharkhand,South Eastern Railway,Jharkhand,"Chas Main Rd, Bokaro Steel City, Jharkhand 827013, India",86.1727361,23.6448272
0,PGTN,Palghat Town,Palghat Town Kerala,Southern Railway,Kerala,"Palakkad, Kerala, India",76.6547932,10.7867303
0,UKC,Ukshi,Ukshi Maharashtra,Konkan Railway,Maharashtra,"Ukshi, Maharashtra, India",73.4445392,17.1252124
0,PLMG,PULIYAMANGALAM,PULIYAMANGALAM Tamil Nadu,Southern Railway,Tamil Nadu,"Puliyamangalam, Tamil Nadu 631001, India",79.6836496,13.080295
0,NCH,NAKACHARI,NAKACHARI Assam,North Frontier Railway,Assam,"Nakachari, Dohatia Gaon, Assam 785635, India",94.4140293,26.7074027
0,TEA,Taregna,Taregna Bihar,East Central Railway,Bihar,"Taregana, Bihar 804452, India",85.0411133,25.3515364
0,SEQ,SEKHA,SEKHA Punjab,Northern Railway,Punjab,"Sekha, Punjab 148024, India",75.6469934,30.3582911
0,DSJ,Delhi Safdarjng,Delhi Safdarjng Delhi,Northern Railway,Delhi,"Delhi Safdarjung, New Moti Bagh, New Delhi, Delhi 110021, India",77.1862647,28.5822929
0,SURL,Sureli,Sureli Rajasthan,North Western Railway,Rajasthan,"Sureli, Rajasthan, India",76.068199,26.1086947
0,MVC,MAVINKERE,MAVINKERE Karnataka,South Western Railway,Karnataka,"Mavinakere, Karnataka 573211, India",76.1734833,12.8358124
0,ABSA,Ambasa,Ambasa Tripura,North Frontier Railway,Tripura,"Ambassa, Tripura, India",91.8512714,23.921233
0,SKI,Sakri Jn,Sakri Jn Bihar,East Central Railway,Bihar,"Sakri East, Bihar 847239, India",86.0838906,26.2217939
0,NGT,NAGAPPATTINAM,NAGAPPATTINAM Tamil Nadu,Southern Railway,Tamil Nadu,"Nagapattinam, Tamil Nadu, India",79.8448512,10.7672313
0,NLP,North Lakhimpur,North Lakhimpur Assam,North Frontier Railway,Assam,"North Lakhimpur, Assam, India",94.1069344,27.2357041
0,MIL,Milak,Milak Uttar Pradesh,Northern Railway,Uttar Pradesh,"Milak, Uttar Pradesh 243701, India",79.1689623,28.613825
0,VG,Viramgam Jn,Viramgam Jn Gujarat,Western Railway,Gujarat,"Viramgam, Gujarat 382150, India",72.0535829,23.1249646
0,SJKL,Surja Kamal,Surja Kamal West Bengal,North Frontier Railway,West Bengal,"Surjakamal, Surjapur, West Bengal 733209, India",87.8494977,25.9358992
0,HTGR,Hathigadh,Hathigadh Gujarat,Western Railway,Gujarat,"Hathigadh, Gujarat 365535, India",71.4291942,21.5776828
0,HDB,Haldibari,Haldibari West Bengal,North Frontier Railway,West Bengal,"Haldibari, West Bengal 735122, India",88.7806578,26.3345442
0,LRJ,Laksar Jn,Laksar Jn Uttarakhand,Northern Railway,Uttarakhand,"Laksar, Uttarakhand 247663, India",78.021482,29.7538434
0,MYG,Miyagam Karjan,Miyagam Karjan Gujarat,Western Railway,Gujarat,"Karjan, Gujarat, India",73.1201988,22.0534997
0,HMY,Harmuti,Harmuti Assam,North Frontier Railway,Assam,"Harmuti, Assam 784160, India",93.9291984,27.1393446
0,KITA,KITA,KITA Jharkhand,South Eastern Railway,Jharkhand,"Kita, Jharkhand, India",84.7341682,23.7541325
0,KMNP,Kishan Manpura,Kishan Manpura Rajasthan,North Western Railway,Rajasthan,"Kishan Manpura, Kishanpura, Rajasthan 303602, India",75.5066793,27.3008639
0,ETM,Ettumanur,Ettumanur Kerala,Southern Railway,Kerala,"Ettumanoor, Kerala, India",76.557882,9.670626
0,TKWD,TIKEKARWADI,TIKEKARWADI Maharashtra,Central Railway,Maharashtra,"Tikekarwadi, Maharashtra, India",73.9683102,19.2404779
0,KYX,KARHIYA BHADELI,KARHIYA BHADELI Madhya Pradesh,West Central Railway,Madhya Pradesh,"Karhiya Bhadeli, Madhya Pradesh 470771, India",79.5034293,23.8592754
0,UPD,Ulavapadu,Ulavapadu Andhra Pradesh,South Central Railway,Andhra Pradesh,"Ulavapadu, Andhra Pradesh 523292, India",80.0098057,15.1675306
0,SEN,Senapura,Senapura Karnataka,Konkan Railway,Karnataka,"Senapura, Railway Station Road, Senapura Proper, Karnataka 576235, India",74.68438,13.71797
0,BLD,Bhilad,Bhilad Gujarat,Western Railway,Gujarat,"Bhilad, Gujarat 396105, India",72.885432,20.2767183
0,CHA,Chawapall,Chawapall Punjab,Northern Railway,Punjab,"Chawapail, Punjab 141417, India",76.1275872,30.7597959
0,NDV,NIDVANDA,NIDVANDA Karnataka,South Western Railway,Karnataka,"Nidavanda, Karnataka, India",77.2718024,13.2417373
0,HAT,Gumanihat,Gumanihat Gujarat,Western Railway,Gujarat,"Gujarat, India",71.5723953,22.6708317
0,MIM,MANIRAM,MANIRAM Uttar Pradesh,North Eastern Railway,Uttar Pradesh,"Maniram, Uttar Pradesh 273007, India",83.3388608,26.8491511
0,NRS,Nagaria Sadat,Nagaria Sadat Uttar Pradesh,Northern Railway,Uttar Pradesh,"Nagaria Sadat, Uttar Pradesh 243504, India",79.2077514,28.5528095
0,BH,Keshwari Bh,Keshwari Bh Gujarat,Western Railway,Gujarat,"Gujarat, India",71.5723953,22.6708317
0,BLDA,Belda,Belda West Bengal,South Eastern Railway,West Bengal,"Belda, West Bengal, India",87.3412438,22.0758421
0,BQR,Bhilainagar,Bhilainagar Chhatisgarh,South East Central Railway,Chhatisgarh,"Bhilai, Chhattisgarh, India",81.3509416,21.1938475
0,BNCE,Bengaluru East,Bengaluru East Karnataka,South Western Railway,Karnataka,"Bengaluru East, Bengaluru, Karnataka 562129, India",77.7406561,13.0624408
0,GJS,GAJSINGHPUR,GAJSINGHPUR Rajasthan,North Western Railway,Rajasthan,"Gajsinghpur, Rajasthan 335024, India",73.4386481,29.6610352
0,ANGL,Angul,Angul Odisha,East Coast Railway,Odisha,"Angul, Odisha, India",85.1028982,20.8404122
0,CPD,Chinchpada,Chinchpada Maharashtra,Western Railway,Maharashtra,"Chinchpada, Maharashtra 425417, India",73.9065883,21.1868491
0,DDGJ,DEEDARGANJ,DEEDARGANJ Bihar,East Central Railway,Bihar,"Deedarganj, Patna, Bihar 800008, India",85.2554299,25.5787581
0,BAOL,BAOLI,BAOLI Uttar Pradesh,Northern Railway,Uttar Pradesh,"Baoli, Uttar Pradesh 250621, India",77.2682774,29.1399334
0,MUGR,Manuguru,Manuguru Telangana,South Central Railway,Telangana,"Manuguru (PT), Telangana 507117, India",80.8178589,17.9385138
0,PLCJ,Phalodi Jn,Phalodi Jn Rajasthan,North Western Railway,Rajasthan,"Phalodi, Rajasthan 342301, India",72.3700545,27.1338631
0,ATNR,Awatarnagar,Awatarnagar Bihar,East Central Railway,Bihar,"Awatarnagar, Dharipur, Bihar 841225, India",84.9571928,25.7645704
0,KIM,Kim,Kim Gujarat,Western Railway,Gujarat,"Kim, Gujarat, India",72.9268634,21.4006259
0,PLM,Paneli Moti,Paneli Moti Gujarat,Western Railway,Gujarat,"Paneli Moti, Gujarat 360480, India",70.1559994,21.87342
0,NWH,Nawalgarh,Nawalgarh Rajasthan,North Western Railway,Rajasthan,"Nawalgarh, Rajasthan 333042, India",75.2546476,27.8454214
0,PNDM,Pennadam,Pennadam Tamil Nadu,Southern Railway,Tamil Nadu,"Pennadam, Tamil Nadu 606105, India",79.2383032,11.4017446
0,KRJ,Khurja Jn,Khurja Jn Uttar Pradesh,North Central Railway,Uttar Pradesh,"Khurja Junction, Maina Mojpur, Uttar Pradesh 203132, India",77.8183669,28.2074987
0,MCVM,Machavaram,Machavaram Andhra Pradesh,South Central Railway,Andhra Pradesh,"Machavaram, Vijayawada, Andhra Pradesh 520004, India",80.652167,16.5193151
0,BDLN,BORDOLONI,BORDOLONI Assam,North Frontier Railway,Assam,"Bordoloni, Assam 784172, India",93.5635559,26.8022042
0,DHCA,Dhaka Cantonment,Dhaka Cantonment ,Br,,"Dhaka, Bihar 845418, India",85.1601281,26.6581484
0,BKP,S Bakhtiyarpur,S Bakhtiyarpur Bihar,East Central Railway,Bihar,"Bakhtiarpur, Bihar 803212, India",85.539154,25.4547359
0,VYN,Vyasnagar,Vyasnagar Uttar Pradesh,Northern Railway,Uttar Pradesh,"Vyasnagar, Bagahi, Uttar Pradesh 221009, India",83.0795007,25.2961194
0,MLZ,Malarna,Malarna Rajasthan,West Central Railway,Rajasthan,"Malarna, Rajasthan 322033, India",76.5350947,26.2297273
0,RD,Harishanker Rd,Harishanker Rd Bihar,East Central Railway,Bihar,"Bihar, India",85.2722472,25.9644427
0,ANO,Anjani,Anjani Maharashtra,Konkan Railway,Maharashtra,"Anjani Budruk, Maharashtra, India",76.6483238,20.1729941
0,DR,Dr Ambedkar Ngr,Dr Ambedkar Ngr Maharashtra,Central Railway,Maharashtra,"MIDC, Chhatrapati Sambhaji Nagar, Maharashtra, India",75.3667229,19.8922418
0,ERL,Eraniel,Eraniel Tamil Nadu,Southern Railway,Tamil Nadu,"Eraniel, Tamil Nadu 629802, India",77.3158884,8.2059428
0,SEJ,Sarkhej,Sarkhej Gujarat,Western Railway,Gujarat,"Sarkhej, Ahmedabad, Gujarat, India",72.4979419,22.9778146
0,RPH,Rampur Hat,Rampur Hat West Bengal,Eastern Railway,West Bengal,"Rampurhat, West Bengal, India",87.7793421,24.1744845
0,VPJ,Vaiyampatti,Vaiyampatti Tamil Nadu,Southern Railway,Tamil Nadu,"Vaiyampatti, Tamil Nadu 621315, India",78.3024217,10.55109
0,BCY,Varanasi City,Varanasi City Uttar Pradesh,North Eastern Railway,Uttar Pradesh,"Varanasi, Uttar Pradesh, India",82.9739144,25.3176452
0,BGN,Borgaon,Borgaon Maharashtra,Central Railway,Maharashtra,"Borgaon, Maharashtra 413203, India",75.2654063,18.4447416
0,NBR,Namburu,Namburu Andhra Pradesh,South Central Railway,Andhra Pradesh,"Namburu, Andhra Pradesh, India",80.5287945,16.35895
0,CCT,Kakinada Town,Kakinada Town Andhra Pradesh,South Central Railway,Andhra Pradesh,"Kakinada, Andhra Pradesh, India",82.2474648,16.9890648
0,BPC,Berhampore Crt,Berhampore Crt West Bengal,Eastern Railway,West Bengal,"Berhampore - Amtala Rd, West Bengal, India",88.3684618,24.0470579
0,BWI,Bilwai,Bilwai Uttar Pradesh,Northern Railway,Uttar Pradesh,"Belwai, Uttar Pradesh 228101, India",82.663883,26.1614106
0,CHUA,CHOURAI,CHOURAI Madhya Pradesh,South East Central Railway,Madhya Pradesh,"Chaurai, Madhya Pradesh 480115, India",79.2479342,22.0528825
0,GOGH,Gossaigaon Hat,Gossaigaon Hat Assam,North Frontier Railway,Assam,"Gossaigaon Hat, Gossaigaon, Assam 783360, India",89.9768694,26.4296126
0,CBJ,Clutterbuckganj,Clutterbuckganj Uttar Pradesh,Northern Railway,Uttar Pradesh,"C.B.Ganj, Bareilly, Uttar Pradesh 243502, India",79.3775294,28.3996741
0,JTI,Jaithari,Jaithari Madhya Pradesh,South East Central Railway,Madhya Pradesh,"Jaithari, Madhya Pradesh, India",81.797839,23.0413976
0,KVLR,KARUVALLI,KARUVALLI Tamil Nadu,South Western Railway,Tamil Nadu,"Karuvalli, Tamil Nadu, India",78.0295273,11.8461804
0,CBH,Chaube,Chaube Jharkhand,East Central Railway,Jharkhand,"Chaube, Jharkhand, India",85.8307059,24.2504928
0,HISE,Hirisave,Hirisave Karnataka,South Western Railway,Karnataka,"Hirisave, Karnataka 573116, India",76.4563155,12.9171795
0,UMD,Usmanabad,Usmanabad Maharashtra,North Western Railway,Maharashtra,"Dharashiv (Osmanabad), Maharashtra 413501, India",76.0419642,18.185332
0,DJG,Duliajan,Duliajan Assam,North Frontier Railway,Assam,"Duliajan, Assam, India",95.3222503,27.3572121
0,DHA,Dheena,Dheena Uttar Pradesh,East Central Railway,Uttar Pradesh,"Daina, Uttar Pradesh 232106, India",83.4152942,25.3440257
0,ME,MASAIPET,MASAIPET Telangana,South Central Railway,Telangana,"Masaipet, Telangana 502335, India",78.4609854,17.9074495
0,SBPD,Sambalpur,Sambalpur Odisha,East Coast Railway,Odisha,"Sambalpur, Odisha, India",83.9811665,21.4668716
0,MRF,MARPALLI,MARPALLI Telangana,South Central Railway,Telangana,"Marpalli, Telangana, India",77.7729729,17.5395908
0,FKM,Fakiragram Jn,Fakiragram Jn Assam,North Frontier Railway,Assam,"Fakiragram, Assam 783345, India",90.1834504,26.3646756
0,KZJ,Kazipet Jn,Kazipet Jn Telangana,South Central Railway,Telangana,"Kazipet, Telangana, India",79.5034501,17.972366
0,PNYA,Paniahwa,Paniahwa Uttar Pradesh,North Eastern Railway,Uttar Pradesh,"Paniahwa, Paniyahawa, Khadda - Chhitauni Road, Malhia, Uttar Pradesh 274801, India",83.9338881,27.1672416
0,USK,USIA KHAS,USIA KHAS Uttar Pradesh,East Central Railway,Uttar Pradesh,"Usia, Uttar Pradesh 232330, India",83.7074709,25.4307161
0,NEW,New Harangajao,New Harangajao Madhya Pradesh,North Central Railway,Madhya Pradesh,"Madhya Pradesh, India",78.6568942,22.9734229
0,BY,Bhayandar,Bhayandar Maharashtra,Central Railway,Maharashtra,"Bhayandar, Sonam Sagar, Mira Bhayandar, Maharashtra, India",72.8547727,19.2990485
0,JAJ,Jhajha,Jhajha Bihar,East Central Railway,Bihar,"Jhajha, Bihar 811308, India",86.3756867,24.7744999
0,BLSR,BELASAR,BELASAR Rajasthan,North Western Railway,Rajasthan,"Belasar, Rajasthan, India",73.6321922,27.9920155
0,RV,Raver,Raver Maharashtra,Central Railway,Maharashtra,"Raver, Maharashtra 425508, India",76.0333885,21.2400311
0,NBT,NAYABAGIRTHIPUR,NAYABAGIRTHIPUR Odisha,East Coast Railway,Odisha,"Nayabhagirathipur East, Odisha, India",85.3872426,20.783121
0,PHM,PATAPATNAM,PATAPATNAM Andhra Pradesh,East Coast Railway,Andhra Pradesh,"Pathapatnam, Andhra Pradesh, India",84.0890177,18.7476489
0,HLT,Khed Temple Hlt,Khed Temple Hlt Karnataka,South Western Railway,Karnataka,"Karnataka, India",75.7138884,15.3172775
0,BLGT,Balurghat,Balurghat West Bengal,North Frontier Railway,West Bengal,"Balurghat, West Bengal, India",88.7830612,25.2372834
0,KKDI,Karaikkudi Jn,Karaikkudi Jn Tamil Nadu,Southern Railway,Tamil Nadu,"Karaikudi, Tamil Nadu, India",78.773198,10.07354
0,NPZ,Nawapatra,Nawapatra Jharkhand,Eastern Railway,Jharkhand,"Nawapatra, Bariarpur, Jharkhand 814114, India",86.64747,24.31684
0,BWT,Bangarapet,Bangarapet Karnataka,South Western Railway,Karnataka,"Bangarapet, Karnataka, India",78.1767503,12.9923861
0,NJT,Nager Coil Town,Nager Coil Town Tamil Nadu,Southern Railway,Tamil Nadu,"Nagercoil, Tamil Nadu, India",77.4118996,8.1832857
0,PLE,Piplee,Piplee Gujarat,Western Railway,Gujarat,"Pipli, Gujarat 382745, India",71.6792008,23.0852246
0,HPO,Hasanpur Road,Hasanpur Road Bihar,East Central Railway,Bihar,"Hasanpur Rd, Bihar, India",86.1978854,25.7243134
0,SHNR,Shadnagar,Shadnagar Telangana,South Central Railway,Telangana,"Shadnagar, Telangana 509216, India",78.2058966,17.0712949
0,JMP,Jamalpur Jn,Jamalpur Jn Bihar,Eastern Railway,Bihar,"Jamalpur, Bihar, India",86.4934065,25.3180386
0,KDZ,Kandaghat,Kandaghat Himachal Pradesh,Northern Railway,Himachal Pradesh,"Kandaghat, Himachal Pradesh, India",77.1053673,30.9702143
0,RAM,Ram Chaura Road,Ram Chaura Road Andhra Pradesh,South Central Railway,Andhra Pradesh,"Andhra Pradesh, India",79.7399875,15.9128998
0,WKI,Wadakancheri,Wadakancheri Kerala,Southern Railway,Kerala,"Wadakkanchery, Kerala, India",76.2492717,10.6643834
0,JN,Samlaya Jn,Samlaya Jn Gujarat,Western Railway,Gujarat,"Samlaya, Gujarat 391520, India",73.2824331,22.523261
0,BLS,Balasore,Balasore Odisha,South Eastern Railway,Odisha,"Balasore, Odisha, India",86.9134794,21.4933578
0,BPB,Badarpur Jn,Badarpur Jn Assam,North Frontier Railway,Assam,"Badarpur, Assam, India",92.5643773,24.864512
0,MBNR,Mahbubnagar,Mahbubnagar Telangana,South Central Railway,Telangana,"Mahbubnagar, Telangana 509001, India",78.0035172,16.7488379
0,CAI,Chanpatia,Chanpatia Bihar,East Central Railway,Bihar,"Chanpatia, Bihar 845449, India",84.5379455,26.9445192
0,KVS,KALSUR,KALSUR Karnataka,South Western Railway,Karnataka,"Kalasur, Karnataka 581112, India",75.3980519,14.8847842
0,BHLE,Barahat,Barahat Bihar,Eastern Railway,Bihar,"Barahat, Bihar, India",87.006192,24.9143608
0,BUU,BHADANPUR,BHADANPUR Madhya Pradesh,West Central Railway,Madhya Pradesh,"Bhadanpur, Madhya Pradesh 485772, India",80.8173628,24.159859
0,WSJ,Wansjaliya,Wansjaliya Gujarat,Western Railway,Gujarat,"Wansjaliya Junction, Tarsai - Vansjaliya, Vansjaliya, Gujarat 360531, India",69.873351,21.7995742
0,NDM,NIDAMANURU,NIDAMANURU Andhra Pradesh,South Central Railway,Andhra Pradesh,"Nidamanuru, Vijayawada, Andhra Pradesh, India",80.7203035,16.5094491
0,MTL,MAILAM,MAILAM Tamil Nadu,Southern Railway,Tamil Nadu,"Mailam, Tamil Nadu 604304, India",79.625264,12.1227548
0,ANK,Ankai,Ankai Maharashtra,Central Railway,Maharashtra,"Ankai, Maharashtra 423104, India",74.4547609,20.1844982
0,UR,Umdanagar,Umdanagar Telangana,South Central Railway,Telangana,"Umda Nagar, Hyderabad, Telangana, India",78.4156128,17.3000548
0,CRW,Charaud,Charaud Haryana,North Western Railway,Haryana,"Charaud, Haryana 125001, India",75.6470786,29.0102867
0,BNT,Bharthana,Bharthana Uttar Pradesh,North Central Railway,Uttar Pradesh,"Bharthana, Uttar Pradesh 206242, India",79.2197376,26.7524711
0,LBA,Lambhua,Lambhua Uttar Pradesh,Northern Railway,Uttar Pradesh,"Lambhua, Uttar Pradesh 222302, India",82.2270885,26.1402711
0,GAJB,GAJARA BAHARA,GAJARA BAHARA Madhya Pradesh,West Central Railway,Madhya Pradesh,"Gajara Bahara, Madhya Pradesh 486886, India",82.2854848,24.0623503
0,KISN,Kalisen Ph,Kalisen Ph West Bengal,South Eastern Railway,West Bengal,"Kalisen, Shalihan, West Bengal 722174, India",87.165093,23.179124
0,MEJ,Vanchimaniyachi,Vanchimaniyachi Tamil Nadu,Southern Railway,Tamil Nadu,"Vanchi Maniyachchi Junction, Tamil Nadu 628302, India",77.891315,8.881972
0,BMO,Bolarum,Bolarum Telangana,South Central Railway,Telangana,"Bolarum, Secunderabad, Telangana, India",78.510961,17.5217602
0,SNC,Snarayan Chapia,Snarayan Chapia Uttar Pradesh,North Eastern Railway,Uttar Pradesh,"Uttar Pradesh, India",80.0981869,27.5705886
0,KAJ,Kaliyaganj,Kaliyaganj West Bengal,North Frontier Railway,West Bengal,"Kaliyaganj, West Bengal 733129, India",88.3287896,25.6355626
0,NED,H Sahib Nanded,H Sahib Nanded Maharashtra,South Central Railway,Maharashtra,"Hazur Sahib Nanded, Railway Station Rd, Harsh Nagar, Nanded, Maharashtra 431601, India",77.3101719,19.1602341
0,KJME,KAJORAGRAM,KAJORAGRAM West Bengal,Eastern Railway,West Bengal,"Kajoragram, Khas Kajora Colliery, West Bengal 713338, India",87.1857343,23.6170091
0,BID,Bidadi,Bidadi Karnataka,South Western Railway,Karnataka,"Bidadi, Karnataka 562109, India",77.3838303,12.7968835
0,BRNA,BERAWANYA,BERAWANYA Madhya Pradesh,Western Railway,Madhya Pradesh,"Berawanya, Western Railway, Bedavanya, Madhya Pradesh 456224, India",75.33641,23.46647
0,SLGR,Simaluguri Jn,Simaluguri Jn Assam,North Frontier Railway,Assam,"Simaluguri Junction, Simaluguri, Deodhai Gaon, Simolu Guri Town, Simaluguri, Assam 785686, India",94.7563797,26.9177061
0,ADTP,Adityapur,Adityapur Jharkhand,South Eastern Railway,Jharkhand,"Adityapur, Jamshedpur, Jharkhand, India",86.165969,22.7866185
0,PUW,Patuwas Mehrana,Patuwas Mehrana Haryana,North Western Railway,Haryana,"Patuwas Mehrana, Haryana 127306, India",76.3342886,28.5571933
0,JPH,Jhantipahari,Jhantipahari West Bengal,South Eastern Railway,West Bengal,"Jhantipahari, West Bengal 722137, India",86.9048041,23.3608223
0,GAYA,Makhdumpur Gaya,Makhdumpur Gaya Bihar,East Central Railway,Bihar,"Makhdumpur, Bihar 805131, India",85.0934624,24.7026038
0,BFM,Bhalui,Bhalui Bihar,East Central Railway,Bihar,"Bhalui, Bihar 844103, India",85.3531127,25.7321494
0,NANA,Nana,Nana Rajasthan,North Western Railway,Rajasthan,"Nana, Rajasthan 306504, India",73.1379109,24.9207825
0,HLW,HIRNAWALI,HIRNAWALI Rajasthan,North Western Railway,Rajasthan,"Hirnawali, Rajasthan 335064, India",74.2487451,29.7086718
0,VR,Virar,Virar Maharashtra,Western Railway,Maharashtra,"Virar, Maharashtra, India",72.7924612,19.4563596
0,BHPI,Bichhupali,Bichhupali Odisha,East Coast Railway,Odisha,"Bichhupali, Odisha 767002, India",83.6055732,20.751445
0,BXHT,Boxirhat,Boxirhat West Bengal,North Frontier Railway,West Bengal,"Bakshirhat, West Bengal, India",89.7591154,26.3276945
0,LRB,Larabad Bh,Larabad Bh Jharkhand,East Central Railway,Jharkhand,"Larabad, Jharkhand, India",85.5586368,24.4088652
0,VRX,Varahi,Varahi Gujarat,Western Railway,Gujarat,"Varahi, Gujarat 385360, India",71.4426268,23.7920431
0,BNA,Banni Koppa,Banni Koppa Karnataka,South Western Railway,Karnataka,"Bannikoppa, Karnataka 581205, India",75.2486353,15.0251777
0,CRY,Chirayinkeezh,Chirayinkeezh Kerala,Southern Railway,Kerala,"Chirayinkeezhu, Kerala, India",76.7831744,8.6558696
0,MZM,Muzzampur Nryn,Muzzampur Nryn Uttar Pradesh,Northern Railway,Uttar Pradesh,"Uttar Pradesh, India",80.0981869,27.5705886
0,THEA,THALERA,THALERA Rajasthan,West Central Railway,Rajasthan,"Thalera, Rajasthan, India",74.9734805,25.3965079
0,GJL,Gajraula Jn,Gajraula Jn Uttar Pradesh,Northern Railway,Uttar Pradesh,"Gajraula Junction, Railway Station Road, Gajraula, Uttar Pradesh 244235, India",78.249244,28.8347945
0,CUR,Churu,Churu Rajasthan,North Western Railway,Rajasthan,"Churu, Rajasthan 331001, India",74.9707262,28.2925364
0,USLP,USILAMPATTI,USILAMPATTI Tamil Nadu,Southern Railway,Tamil Nadu,"Usilampatti, Tamil Nadu 625532, India",77.788508,9.9649231
0,SPE,Sullurupeta,Sullurupeta Andhra Pradesh,Southern Railway,Andhra Pradesh,"Sullurupeta, Andhra Pradesh 524121, India",80.0209065,13.7008756
0,ARA,Ara Jn,Ara Jn Bihar,East Central Railway,Bihar,"Arrah, Bihar, India",84.6664797,25.5541358
0,JN,Piplod Jn,Piplod Jn Gujarat,Western Railway,Gujarat,"Piplod, Surat, Gujarat, India",72.77122,21.1593189
0,RD,Vaibhavwadi Rd,Vaibhavwadi Rd Bihar,East Central Railway,Bihar,"Bihar, India",85.2722472,25.9644427
0,GKP,Kasbe Sukene,Kasbe Sukene Uttar Pradesh,North Eastern Railway,Uttar Pradesh,"Uttar Pradesh, India",80.0981869,27.5705886
0,PUV,Khudiram B Pusa,Khudiram B Pusa Bihar,East Central Railway,Bihar,"Khudiram B Pusa, Bihar 848131, India",85.6717405,25.9090352
0,SNLR,Santalpur,Santalpur Gujarat,Western Railway,Gujarat,"Santalpur, Gujarat 385350, India",71.1671315,23.7630716
0,DWK,Dwarka,Dwarka Gujarat,Western Railway,Gujarat,"Dwarka, Gujarat, India",68.9684562,22.2441975
0,SEG,Shegaon,Shegaon Maharashtra,Central Railway,Maharashtra,"Shegaon, Maharashtra 444203, India",76.6910458,20.7929874
0,ERS,Ernakulam Jn,Ernakulam Jn Kerala,Southern Railway,Kerala,"Ernakulam, Kerala, India",76.2998842,9.9816358
0,KO,Kosgi,Kosgi Andhra Pradesh,South Central Railway,Andhra Pradesh,"Kosigi, Andhra Pradesh, India",77.2423732,15.8569521
0,SAI,Sarai,Sarai Bihar,East Central Railway,Bihar,"Sarai, Bihar, India",85.2774207,25.793503
0,PNKD,Panki Dham,Panki Dham Uttar Pradesh,North Central Railway,Uttar Pradesh,"Panki Dham, Panki, Kanpur, Uttar Pradesh 208020, India",80.2383557,26.4598236
0,CGN,Chirgaon,Chirgaon Uttar Pradesh,North Central Railway,Uttar Pradesh,"Chirgaon, Uttar Pradesh 284301, India",78.8099472,25.5692712
0,KPI,Kalpi,Kalpi Uttar Pradesh,North Central Railway,Uttar Pradesh,"Kalpi, Uttar Pradesh, India",79.7483995,26.1209624
0,GRRU,Guraru,Guraru Bihar,East Central Railway,Bihar,"Guraru, Bihar, India",84.7915999,24.8108395
0,MWX,Mallanwala Khas,Mallanwala Khas Punjab,Northern Railway,Punjab,"Mallanwala Khas, Punjab 152021, India",74.8346296,31.0496683
0,ETUE,Etmadpur,Etmadpur Uttar Pradesh,North Central Railway,Uttar Pradesh,"Etmadpur, Uttar Pradesh, India",78.1991896,27.2333127
0,VDG,Vadnagar,Vadnagar Gujarat,Western Railway,Gujarat,"Vadnagar, Gujarat, India",72.6165643,23.7757259
0,AII,Ajmer Jn,Ajmer Jn Rajasthan,North Western Railway,Rajasthan,"Ajmer, Rajasthan, India",74.6399163,26.4498954
0,JML,JUMNAL,JUMNAL Karnataka,South Western Railway,Karnataka,"Jumnal, Karnataka 591156, India",74.5360751,15.9630084
0,MRT,SALI,SALI Uttar Pradesh,North Eastern Railway,Uttar Pradesh,"Salai, Uttar Pradesh 245101, India",77.8052767,28.6810251
0,ADL,ANDUL,ANDUL West Bengal,South Eastern Railway,West Bengal,"Andul, Howrah, West Bengal, India",88.2437502,22.5943202
0,MDRR,Madavnagar Road,Madavnagar Road Madhya Pradesh,West Central Railway,Madhya Pradesh,"Madhav Nagar Rd, Lashkar, Gwalior, Madhya Pradesh 474002, India",78.1763281,26.1988748
0,HLK,HOLALKERE,HOLALKERE Karnataka,South Western Railway,Karnataka,"Holalkere Rural, Karnataka 577526, India",76.1957618,14.0541336
0,GY,Gooty,Gooty Andhra Pradesh,South Central Railway,Andhra Pradesh,"Gooty, Andhra Pradesh, India",77.634687,15.1220053
0,DPA,Durgapura,Durgapura Rajasthan,North Western Railway,Rajasthan,"Durgapura, Jaipur, Rajasthan, India",75.7862232,26.8517972
0,KM,Ghunwara,Ghunwara Goa,South Western Railway,Goa,"Goa, India",74.123996,15.2993265
0,DHRR,Dhirera,Dhirera Rajasthan,North Western Railway,Rajasthan,"Dhirera, Runiya Barawas, Rajasthan 334602, India",73.6333329,28.216667
0,MUT,Meerut Cant,Meerut Cant Uttar Pradesh,Northern Railway,Uttar Pradesh,"Meerut Cantt, Meerut, Uttar Pradesh, India",77.6822442,28.993758
0,KWD,KARWANDIA,KARWANDIA Bihar,East Central Railway,Bihar,"Karwandiya, Bihar, India",84.0867636,24.951722
0,SRBA,Saragbundia,Saragbundia Chhatisgarh,South East Central Railway,Chhatisgarh,"Saragbundiya, Chhattisgarh 495674, India",82.7266217,22.23969
0,KRUR,KEERANUR,KEERANUR Tamil Nadu,Southern Railway,Tamil Nadu,"Keeranur, Tamil Nadu, India",78.7861797,10.5724196
0,BTI,Bathinda Jn,Bathinda Jn Punjab,Northern Railway,Punjab,"Bathinda, Punjab, India",74.9454745,30.210994
0,JITE,JITE,JITE Maharashtra,Central Railway,Maharashtra,"Jite, Maharashtra 402107, India",73.0884867,18.8110147
0,JN,Hathras Jn,Hathras Jn Gujarat,Western Railway,Gujarat,"Gujarat, India",71.5723953,22.6708317
0,BRPS,Barapalasi,Barapalasi Jharkhand,Eastern Railway,Jharkhand,"Barapalasi, Jharkhand 814145, India",87.1840395,24.3757007
0,KHF,KHANTAPARA,KHANTAPARA Odisha,South Eastern Railway,Odisha,"Khantapara, Chakajaganathapur, Khantapada, Odisha 756053, India",86.823405,21.39658
0,BDJ,Vadakara,Vadakara Kerala,Southern Railway,Kerala,"Vatakara, Kerala, India",75.5919758,11.601558
0,NGP,Nagpur,Nagpur Maharashtra,Central Railway,Maharashtra,"Nagpur, Maharashtra, India",79.0881546,21.1458004
0,LGH,Lalgarh Jn,Lalgarh Jn Rajasthan,North Western Railway,Rajasthan,"Rajasthan, India",74.2179326,27.0238036
0,AMRO,Amroha,Amroha Uttar Pradesh,Northern Railway,Uttar Pradesh,"Amroha, Uttar Pradesh 244221, India",78.467318,28.9051778
0,DGQ,Dugdol,Dugdol Gujarat,North Western Railway,Gujarat,"Dugdol Nani, Gujarat 385310, India",72.1031057,24.6310031
0,RGQ,Raigadh Road,Raigadh Road Gujarat,North Western Railway,Gujarat,"Raigadh Road, Gujarat 383276, India",73.1834363,23.5968926
0,BSI,Basbari,Basbari Assam,North Frontier Railway,Assam,"Basbari, Assam, India",89.9031257,26.1905586
0,ARU,ARASALU,ARASALU Karnataka,South Western Railway,Karnataka,"Arasalu, Karnataka 577426, India",75.3091483,13.9983631
0,EKC,Ekchari,Ekchari Bihar,Eastern Railway,Bihar,"Ekchari, Bihar 813204, India",87.216113,25.2124382
0,KRA,Karepalli,Karepalli Telangana,South Central Railway,Telangana,"Karepalli, Telangana 507122, India",80.2719738,17.5096083
0,RD,Champaner Rd Jn,Champaner Rd Jn Bihar,East Central Railway,Bihar,"Bihar, India",85.2722472,25.9644427
0,BLP,Balrampur,Balrampur Uttar Pradesh,North Eastern Railway,Uttar Pradesh,"Balrampur, Uttar Pradesh 271201, India",82.1805203,27.4307473
0,BDBP,Basudebpur H,Basudebpur H West Bengal,Eastern Railway,West Bengal,"Basudebpur, West Bengal, India",87.3661844,23.0329977
0,PTRD,Pataudi Road,Pataudi Road Haryana,Northern Railway,Haryana,"Pataudi Rd, Haryana, India",76.8837389,28.4056714
0,KDGI,KUDGI,KUDGI Karnataka,South Western Railway,Karnataka,"Kudgi, Karnataka 586203, India",75.9617783,16.5869974
0,BDXT,BASAI DHANKOT,BASAI DHANKOT Haryana,Northern Railway,Haryana,"Basai Rd, Dhankot, Haryana, India",76.9570713,28.4723975
0,MRB,Munirabad,Munirabad Karnataka,South Western Railway,Karnataka,"Munirabad Rural, Karnataka, India",76.3376786,15.3024752
0,WR,Chalthan,Chalthan Maharashtra,Central Railway,Maharashtra,"Chalthan, Gujarat, India",72.9603146,21.156607
0,SVG,SAWALGI,SAWALGI Karnataka,Central Railway,Karnataka,"Sawalgi, Karnataka, India",76.7293233,17.3483995
0,PKBS,PEEPLEE KA BAS,PEEPLEE KA BAS Rajasthan,North Western Railway,Rajasthan,"Peepli Ka Bas, Rajasthan, India",75.2770721,26.9166099
0,SMD,Charanmahadevi,Charanmahadevi Tamil Nadu,Southern Railway,Tamil Nadu,"Cheranmahadevi, Tamil Nadu, India",77.5658381,8.6747285
0,DUD,Dudhani,Dudhani Maharashtra,Central Railway,Maharashtra,"Dudhani, Maharashtra 413220, India",76.3680696,17.3585392
0,CAER,Chhanera,Chhanera Madhya Pradesh,West Central Railway,Madhya Pradesh,"Chhanera, Madhya Pradesh 450001, India",76.4013471,21.6121611
0,NPD,Nawapara Road,Nawapara Road Odisha,East Coast Railway,Odisha,"Nawapara, Ratipali, Odisha 766105, India",82.543457,20.81035
0,DUMK,DUMKA,DUMKA Jharkhand,Eastern Railway,Jharkhand,"Dumka, Jharkhand, India",87.2488088,24.2684794
0,HPGM,Haripurgram  Jn,Haripurgram  Jn Odisha,East Coast Railway,Odisha,"Haripurgram Junction, Godiputamatiapara, Odisha 752050, India",85.7080043,20.1332895
0,CCL,CHANCHELAV,CHANCHELAV Gujarat,Western Railway,Gujarat,"Chanchelav, Gujarat 389120, India",73.7213063,22.8036362
0,NW,Faridabad Nw Tn,Faridabad Nw Tn Karnataka,South Central Railway,Karnataka,"Faridabad, Haryana, India",77.3177894,28.4089123
0,JUCT,Jodhpur Cantt,Jodhpur Cantt Rajasthan,North Western Railway,Rajasthan,"Jodhpur Cantt, Nandri, Rajasthan 342015, India",73.0929336,26.3127891
0,ANAS,Anas,Anas Gujarat,Western Railway,Gujarat,"Gujarat, India",71.5723953,22.6708317
0,SWPR,Sewapuri,Sewapuri Uttar Pradesh,Northern Railway,Uttar Pradesh,"Sewapuri, Gairaha, Gopal Pur, Uttar Pradesh 221403, India",82.7692432,25.3510282
0,BZG,Bilga,Bilga Punjab,Northern Railway,Punjab,"Bilga, Punjab 144036, India",75.6546595,31.0501545
0,GRMR,Garhi Manikpur,Garhi Manikpur Uttar Pradesh,Northern Railway,Uttar Pradesh,"Manikpur, Uttar Pradesh 210208, India",81.1030573,25.0698727
0,SKA,Sikandra Rao,Sikandra Rao Uttar Pradesh,North Eastern Railway,Uttar Pradesh,"Sikandra Rao, Uttar Pradesh 204215, India",78.378274,27.6864088
0,CKV,CHERUKUVADA,CHERUKUVADA Andhra Pradesh,South Central Railway,Andhra Pradesh,"Cherukuwada, Andhra Pradesh, India",81.7376778,16.6676111
0,SID,Siddhpur,Siddhpur Gujarat,Western Railway,Gujarat,"Siddhpur, Gujarat 384151, India",72.3621359,23.9308631
0,MEX,Mukerian,Mukerian Punjab,Northern Railway,Punjab,"Mukerian, Punjab 144211, India",75.6174525,31.9501545
0,KMJ,Kaimganj,Kaimganj Uttar Pradesh,North Eastern Railway,Uttar Pradesh,"Kaimganj, Uttar Pradesh 209502, India",79.3296565,27.5540047
0,BRAG,Barang,Barang Odisha,East Coast Railway,Odisha,"Barang, Odisha, India",85.8483832,20.4043985
0,BDTS,Bandra Terminus,Bandra Terminus Maharashtra,Western Railway,Maharashtra,"Bandra Terminus, Naupada, Bandra East, Mumbai, Maharashtra, India",72.8404703,19.0635747
0,MYJ,Maheji,Maheji Maharashtra,Central Railway,Maharashtra,"Mahiji, Maharashtra 425115, India",75.4199054,20.7945211
0,HA,Hargaon,Hargaon Uttar Pradesh,North Eastern Railway,Uttar Pradesh,"Hargaon, Uttar Pradesh, India",80.7269854,27.7711254
0,TLO,TALANDU,TALANDU West Bengal,Eastern Railway,West Bengal,"Talandu, West Bengal 712148, India",88.356707,23.0181876
0,GDA,Godhra Jn,Godhra Jn Gujarat,Western Railway,Gujarat,"Godhra, Gujarat, India",73.6142795,22.7788044
0,DOY,DORNAHALLI,DORNAHALLI Karnataka,South Western Railway,Karnataka,"Dornahalli, Karnataka 571602, India",76.4129198,12.4108184
0,HEI,Heggere H,Heggere H Karnataka,South Western Railway,Karnataka,"Heggere, Karnataka 572215, India",76.6982955,13.2786322
0,BCK,Balichak,Balichak West Bengal,South Eastern Railway,West Bengal,"Balichak, West Bengal, India",87.5568898,22.3601451
0,BNR,Bhagwanpur,Bhagwanpur Bihar,East Central Railway,Bihar,"Bhagwanpur, Bihar 844114, India",85.299719,25.8586153
0,VB,VILLIYAMBAKKAM,VILLIYAMBAKKAM Tamil Nadu,Southern Railway,Tamil Nadu,"Villiambakkam, Tamil Nadu 603101, India",79.9597277,12.7643163
0,SMTL,SIMARIATAL,SIMARIATAL Madhya Pradesh,North Central Railway,Madhya Pradesh,"Simariatal, Simiriya Tal, Madhya Pradesh 475110, India",78.30408,25.9218
0,PDWA,Pindwara,Pindwara Rajasthan,North Western Railway,Rajasthan,"Pindwara, Rajasthan 307022, India",73.0559931,24.7933495
0,KRPU,Koraput,Koraput Odisha,East Coast Railway,Odisha,"Koraput, Odisha, India",82.7123327,18.813487
0,KKW,Kankavali,Kankavali Maharashtra,Konkan Railway,Maharashtra,"Kankavli, Maharashtra 416602, India",73.7082889,16.2655069
0,SCI,Sanchi,Sanchi Madhya Pradesh,West Central Railway,Madhya Pradesh,"Sanchi, Madhya Pradesh 464661, India",77.7418238,23.4873393
0,MLM,Malthan,Malthan Maharashtra,Central Railway,Maharashtra,"Malthan, Maharashtra 412218, India",74.227313,18.8380523
0,NRP,Narsipatnam Rd,Narsipatnam Rd Andhra Pradesh,South Central Railway,Andhra Pradesh,"Narsipatnam Road, Andhra Pradesh, India",82.7596362,17.6297974
0,BGKA,BANGURKELA,BANGURKELA Odisha,South Eastern Railway,Odisha,"Bangurkela, Odisha, India",84.9375287,22.2759757
0,MA,Madha,Madha Maharashtra,Central Railway,Maharashtra,"Madha, Maharashtra 413209, India",75.5160676,18.0339662
0,CSZ,COSSIMBAZAR,COSSIMBAZAR West Bengal,Eastern Railway,West Bengal,"Kasim Bazar, West Bengal, India",88.2813944,24.1179699
0,BTP,Babatpur,Babatpur Uttar Pradesh,Northern Railway,Uttar Pradesh,"Babatpur, Uttar Pradesh, India",82.8559854,25.4506565
0,KATI,Kanthi P H,Kanthi P H West Bengal,South Eastern Railway,West Bengal,"Contai, West Bengal 721401, India",87.7517427,21.778109
0,ZRDE,Jiradei,Jiradei Bihar,North Eastern Railway,Bihar,"Ziradei, Bihar 841245, India",84.2581695,26.1943852
0,JN,Raipur Jn,Raipur Jn Gujarat,Western Railway,Gujarat,"Gujarat, India",71.5723953,22.6708317
0,JN,Jetalsar Jn,Jetalsar Jn Gujarat,Western Railway,Gujarat,"Jetalsar, Gujarat 360360, India",70.5785505,21.708431
0,SLGE,SULERJAVALGE,SULERJAVALGE Maharashtra,South Western Railway,Maharashtra,"Sulerjavalge, Maharashtra, India",75.974626,17.4603082
0,VGN,Vangaon,Vangaon Maharashtra,Western Railway,Maharashtra,"Vangaon, Maharashtra 401103, India",72.7628451,19.8750623
0,NZR,NAZIRA,NAZIRA Assam,North Frontier Railway,Assam,"Nazira, Assam, India",94.7225793,26.9006575
0,SPK,Sapekhati,Sapekhati Assam,North Frontier Railway,Assam,"Sapekhati, Assam, India",95.1614534,27.1113304
0,KCO,Kachhia Bridge,Kachhia Bridge Uttar Pradesh,North Eastern Railway,Uttar Pradesh,"Uttar Pradesh, India",80.0981869,27.5705886
0,NWP,Naupada Jn,Naupada Jn Andhra Pradesh,East Coast Railway,Andhra Pradesh,"Naupada, Andhra Pradesh, India",84.2844961,18.5771816
0,MDKI,Madukarai,Madukarai Tamil Nadu,Southern Railway,Tamil Nadu,"Madukkarai, Tamil Nadu, India",76.948555,10.9144962
0,SPL,Sundaraprmlkoil,Sundaraprmlkoil Tamil Nadu,Southern Railway,Tamil Nadu,"Tamil Nadu, India",78.6568942,11.1271225
0,ANY,ARUMUGANERI,ARUMUGANERI Tamil Nadu,Southern Railway,Tamil Nadu,"Arumuganeri, Tamil Nadu, India",78.0937171,8.5681265
0,OKA,Okhla,Okhla Delhi,Northern Railway,Delhi,"Okhla, New Delhi, Delhi, India",77.2861119,28.5682138
0,DBRG,Dibrugarh,Dibrugarh Assam,North Frontier Railway,Assam,"Dibrugarh, Assam, India",94.9124625,27.4705449
0,GNH,Gangakher,Gangakher Maharashtra,South Central Railway,Maharashtra,"Gangakhed, Maharashtra 431514, India",76.7480805,18.9663544
0,DHG,Dhrangdhra,Dhrangdhra Gujarat,Western Railway,Gujarat,"Dhrangadhra, Gujarat, India",71.4661732,22.9914327
0,TEL,Tenali Jn,Tenali Jn Andhra Pradesh,South Central Railway,Andhra Pradesh,"Tenali, Andhra Pradesh, India",80.6444099,16.237933
0,EL,Elamanur,Elamanur Tamil Nadu,Southern Railway,Tamil Nadu,"Elamanur, Tamil Nadu 625201, India",78.208391,9.8996842
0,PASA,Parashshala,Parashshala Kerala,Southern Railway,Kerala,"Parassala, Kerala, India",77.1525963,8.3431017
0,WENA,Wena,Wena Bihar,East Central Railway,Bihar,"Wena, Bihar 801305, India",85.5242084,25.3260254
0,VLT,VALATHOOR,VALATHOOR Tamil Nadu,Southern Railway,Tamil Nadu,"Valathur, Tamil Nadu 635813, India",78.840663,12.889377
0,SOG,Suratgarh Jn,Suratgarh Jn Rajasthan,North Western Railway,Rajasthan,"Suratgarh, Rajasthan, India",73.9009228,29.32186
0,GKH,Guskara,Guskara West Bengal,Eastern Railway,West Bengal,"Guskhara, West Bengal 713128, India",87.7443457,23.488159
0,KLGD,KOLLENGODE,KOLLENGODE Kerala,Southern Railway,Kerala,"Kollengode, Kerala, India",76.6907753,10.6139109
0,DBL,Dodbele,Dodbele Karnataka,South Western Railway,Karnataka,"Doddabale, Karnataka 560060, India",77.472551,12.8900176
0,ATP,Anantapur,Anantapur Andhra Pradesh,South Central Railway,Andhra Pradesh,"Anantapur, Andhra Pradesh, India",77.6017089,14.6824455
0,PML,Papanasam,Papanasam Tamil Nadu,Southern Railway,Tamil Nadu,"Papanasam, Tamil Nadu 614207, India",79.2863745,10.9233498
0,NH,AUNG,AUNG West Bengal,Eastern Railway,West Bengal,"West Bengal, India",87.8549755,22.9867569
0,NZB,Nizamabad Jn,Nizamabad Jn Telangana,South Central Railway,Telangana,"Nizamabad, Telangana, India",78.0940867,18.6725047
0,PVP,Parvatipuram,Parvatipuram Andhra Pradesh,East Coast Railway,Andhra Pradesh,"Parvathipuram, Andhra Pradesh, India",83.4300877,18.7829598
0,PON,Ponneri,Ponneri Tamil Nadu,Southern Railway,Tamil Nadu,"Ponneri, Tamil Nadu, India",80.1943795,13.3340027
0,TLB,Telwa Bazar Halt,Telwa Bazar Halt Bihar,Eastern Railway,Bihar,"Telwa Bazar Halt, Simultala- Kotaria Rd, Tola Siantanr, Bihar 811316, India",86.5568858,24.6942049
0,SMNN,SHRI MAKRI NATH,SHRI MAKRI NATH Rajasthan,North Western Railway,Rajasthan,"Makri Fatak, Rajasthan, India",75.8152695,27.7920465
0,MESR,Mesra,Mesra Jharkhand,East Central Railway,Jharkhand,"Mesra, Jharkhand, India",85.4120942,23.4270906
0,SPGR,Sampige Road,Sampige Road Karnataka,South Western Railway,Karnataka,"Sampige Rd, Bengaluru, Karnataka, India",77.5713656,13.000094
0,PW,Pirwa,Pirwa Rajasthan,North Western Railway,Rajasthan,"Pirwa, Rajasthan, India",74.4565729,27.203001
0,BTK,Bankata,Bankata Uttar Pradesh,North Eastern Railway,Uttar Pradesh,"Bankata, Uttar Pradesh, India",83.7743509,26.5769669
0,GH,Ghughuli,Ghughuli Uttar Pradesh,North Eastern Railway,Uttar Pradesh,"Ghughuli, Uttar Pradesh 273151, India",83.7365154,27.0937361
0,CVP,Kovilpatti,Kovilpatti Tamil Nadu,Southern Railway,Tamil Nadu,"Kovilpatti, Tamil Nadu, India",77.8714879,9.1726696
0,GZN,N Ghaziabad,N Ghaziabad Uttar Pradesh,Northern Railway,Uttar Pradesh,"DLF dilshad ext 2 bhoupra gzb, Dilshad Plaza, Shalimar Garden, Ghaziabad, Uttar Pradesh 201005, India",77.3305307,28.6933777
0,BMU,Bamhrauli,Bamhrauli Uttar Pradesh,North Central Railway,Uttar Pradesh,"Bamh Rauli, Uttar Pradesh 241401, India",79.7596142,27.4152631
0,ODB,OODLABARI,OODLABARI West Bengal,North Frontier Railway,West Bengal,"Oodlabari, West Bengal 735222, India",88.6217225,26.857848
0,HLE,HEELALIGE,HEELALIGE Karnataka,South Western Railway,Karnataka,"Heelalige, Bommasandra, Karnataka 560099, India",77.7065754,12.818616
0,PJK,Panj Kosi,Panj Kosi Punjab,Northern Railway,Punjab,"Panjkosi, Punjab 152128, India",74.0623244,30.1715664
0,HDIH,Hoodi Halt,Hoodi Halt Karnataka,South Western Railway,Karnataka,"Hoodi Halt, Ayyappa Nagar, Krishnarajapuram, Bengaluru, Karnataka 560048, India",77.718646,12.9961415
0,LKZ,LAKADIYA,LAKADIYA Gujarat,Western Railway,Gujarat,"Lakadia, Gujarat 370145, India",70.5830122,23.347343
0,SMTA,Samuktala Road,Samuktala Road West Bengal,North Frontier Railway,West Bengal,"Samuktala Rd, West Bengal, India",89.6243897,26.503343
0,BHW,Barharwa Jn,Barharwa Jn Jharkhand,Eastern Railway,Jharkhand,"Barharwa Junction, Barharwa, Jharkhand 816101, India",87.7743808,24.8582906
0,HNL,Hingoli Deccan,Hingoli Deccan Maharashtra,South Central Railway,Maharashtra,"Hingoli Deccan, Sawarkar Nagar, Hingoli, Maharashtra 431513, India",77.1475515,19.7267616
0,PTNR,PATELNAGAR,PATELNAGAR Delhi,Northern Railway,Delhi,"Patel Nagar, New Delhi, Delhi, India",77.16462,28.6554182
0,RNC,Ranchi,Ranchi Jharkhand,South Eastern Railway,Jharkhand,"Ranchi, Jharkhand, India",85.309562,23.3440997
0,KER,Kirihrapur,Kirihrapur Uttar Pradesh,North Eastern Railway,Uttar Pradesh,"Village -Kirihrapur Post, Kirihrapur, Distt, ballia, Awarai Kala, Uttar Pradesh 221716, India",83.7342924,26.0377076
0,TIT,TALIT,TALIT West Bengal,Eastern Railway,West Bengal,"Talit, West Bengal 713141, India",87.8169003,23.3032285
0,ATU,ATTUR,ATTUR Tamil Nadu,Southern Railway,Tamil Nadu,"Attur, Tamil Nadu 636102, India",78.5974352,11.5983184
0,TBAE,TRIBENI,TRIBENI West Bengal,Eastern Railway,West Bengal,"Tribeni, West Bengal, India",88.3943282,22.9901287
0,BMKD,BELLAMKONDA,BELLAMKONDA Andhra Pradesh,South Central Railway,Andhra Pradesh,"Bellamkonda, Andhra Pradesh 522411, India",80.0061965,16.4906122
0,SNE,Shenoli,Shenoli Maharashtra,Central Railway,Maharashtra,"Shenoli, Maharashtra 415108, India",74.2612154,17.1897127
0,PKC,PAKRA,PAKRA Jharkhand,South Eastern Railway,Jharkhand,"Pakra, Jharkhand 835227, India",84.9479378,22.8468245
0,JARI,Jari,Jari Gujarat,North Western Railway,Gujarat,"Zari, Gujarat 391155, India",73.7316042,22.4705298
0,BAO,Banmor,Banmor Madhya Pradesh,North Central Railway,Madhya Pradesh,"Banmore, Madhya Pradesh, India",78.092539,26.3589677
0,BILA,BHESLANA,BHESLANA Rajasthan,North Western Railway,Rajasthan,"Bhainslana, Rajasthan 303328, India",75.2947942,27.0586988
0,YGL,YELGUR,YELGUR Telangana,South Central Railway,Telangana,"Yelgur, Telangana 506330, India",79.738879,17.8792882
0,GHB,Gahri Bhagi,Gahri Bhagi Punjab,North Western Railway,Punjab,"Gehri Bhagi, Punjab 151001, India",74.9603313,30.1149411
0,KLSX,KAULSERI,KAULSERI Punjab,Northern Railway,Punjab,"Kaulseri, Punjab 148017, India",75.9448725,30.370011
0,AY,Ayodhya Dham Jn,Ayodhya Dham Jn Uttar Pradesh,Northern Railway,Uttar Pradesh,"shree Ram Janm Bhoomi, Ram Nagar, Ayodhya, Uttar Pradesh 224001, India",82.1989721,26.7914143
0,TPG,Tipling,Tipling Assam,North Frontier Railway,Assam,"Tipling, Assam, India",93.8375413,27.0420039
0,BRLY,Biroliya,Biroliya Rajasthan,North Western Railway,Rajasthan,"Beeroliya, Rajasthan, India",73.1880618,25.165256
0,RGS,Ringas Jn,Ringas Jn Rajasthan,North Western Railway,Rajasthan,"Reengus, Rajasthan 332404, India",75.5579722,27.3766238
0,JN,Kurichedu,Kurichedu Gujarat,Western Railway,Gujarat,"Gujarat, India",71.5723953,22.6708317
0,TBR,Malihati Tbr Rd,Malihati Tbr Rd Bihar,North Frontier Railway,Bihar,"Bihar, India",85.2722472,25.9644427
0,NWDH,Nawadih,Nawadih Jharkhand,East Central Railway,Jharkhand,"Nawadih, Jharkhand 829144, India",86.0453123,23.8525308
0,KEX,KHEKRA,KHEKRA Uttar Pradesh,Northern Railway,Uttar Pradesh,"Khekra, Uttar Pradesh 250101, India",77.2806207,28.8644717
0,JRW,JORAMOW,JORAMOW Jharkhand,Eastern Railway,Jharkhand,"Joramo, Jharkhand 815353, India",86.705164,24.1961632
0,CPA,Kanpur Anwrganj,Kanpur Anwrganj Uttar Pradesh,North Eastern Railway,Uttar Pradesh,"Anwarganj, Darshan Purwa, Kanpur, Uttar Pradesh 208003, India",80.3289701,26.457218
0,VKI,Venkatagiri,Venkatagiri Andhra Pradesh,South Central Railway,Andhra Pradesh,"Venkatagiri, Andhra Pradesh, India",79.5807965,13.9590539
0,JSP,Jayasingpur,Jayasingpur Maharashtra,Central Railway,Maharashtra,"Jaysingpur, Maharashtra, India",74.554442,16.7787019
0,BFD,Borhat,Borhat Assam,North Frontier Railway,Assam,"Borhat, Assam 785693, India",95.2841177,27.1507715
0,DEE,Delhi S Rohilla,Delhi S Rohilla Delhi,Northern Railway,Delhi,"Delhi Sarai Rohilla, Guru Gobind Singh Marg, Railway Officers Colony, Sarai Rohilla, New Delhi, Delhi, 110005, India",77.1852469,28.6627512
0,MRSH,Morshi,Morshi Maharashtra,Central Railway,Maharashtra,"Morshi, Maharashtra 444905, India",78.0138306,21.3241951
0,RNW,Renwal,Renwal Rajasthan,North Western Railway,Rajasthan,"Renwal, Rajasthan 303603, India",75.3578779,27.1622986
0,PHLG,Bharpura Pahleja Ghat Junction,Bharpura Pahleja Ghat Junction Bihar,East Central Railway,Bihar,"Bharpura Pahleza Ghat Junction, Sahapur Diara, Bihar 841101, India",85.1352167,25.6998563
0,BD,Badnera Jn,Badnera Jn Maharashtra,Central Railway,Maharashtra,"Badnera Junction (Amravati), Nai Basti, Amravati, Maharashtra 444701, India",77.7321866,20.8575652
0,DYD,Daryabad,Daryabad Uttar Pradesh,Northern Railway,Uttar Pradesh,"Dariyabad, Uttar Pradesh 225403, India",81.5569003,26.8885325
0,JCL,Jadcherla,Jadcherla Telangana,South Central Railway,Telangana,"Jadcherla, Telangana 509301, India",78.1442814,16.7629646
0,NEO,Neora,Neora Bihar,East Central Railway,Bihar,"Neora, Bihar, India",85.0029134,25.5677385
0,ANP,Anandtandavpur,Anandtandavpur Tamil Nadu,Southern Railway,Tamil Nadu,"Tamil Nadu, India",78.6568942,11.1271225
0,PKU,Panskura,Panskura West Bengal,South Eastern Railway,West Bengal,"Panskura, West Bengal, India",87.7386215,22.397308
0,PS,Paras,Paras Maharashtra,Central Railway,Maharashtra,"Paras, Balapur, Maharashtra 444109, India",76.8115458,20.7219148
0,SRVX,Suravali,Suravali Goa,Konkan Railway,Goa,"Suravali, Fatona, Seraulim, Goa 403708, India",73.939165,15.2915925
0,ANVT,Anand Vihar TRM,Anand Vihar TRM Delhi,Northern Railway,Delhi,"Anand Vihar Terminal, Footover Bridge, Plot Alpha, Isbt Anand Vihar, Anand Vihar, Delhi, 110092, India",77.3153465,28.6488339
0,BQE,BAKANIAN BHAUNR,BAKANIAN BHAUNR Madhya Pradesh,Western Railway,Madhya Pradesh,"Bakanian Bhaunr, Bhopal, Madhya Pradesh 462030, India",77.257236,23.2639738
0,HRE,HIRODIH,HIRODIH Jharkhand,East Central Railway,Jharkhand,"Hirodih, Jharkhand, India",85.5907929,24.3846024
0,ANB,Ammanabrolu,Ammanabrolu Andhra Pradesh,South Central Railway,Andhra Pradesh,"Ammanabrolu, Andhra Pradesh 523180, India",80.1456496,15.5866602
0,CLDY,Chandlodiya B,Chandlodiya B Gujarat,Western Railway,Gujarat,"Chandlodiya B, Shayona City Rd, Rameshwar Park Society, Shayona City, Chanakyapuri, Ahmedabad, Gujarat 380081, India",72.5408099,23.0808508
0,DIH,DHARUADIHI,DHARUADIHI Odisha,South Eastern Railway,Odisha,"Dharuadehi, Odisha 770022, India",84.2094347,21.9903915
0,CBU,C BABUSAMUDRAM,C BABUSAMUDRAM Tamil Nadu,Southern Railway,Tamil Nadu,"Tamil Nadu, India",78.6568942,11.1271225
0,PKNS,Pokharni Nrsnha,Pokharni Nrsnha Maharashtra,South Central Railway,Maharashtra,"Pokharni, Maharashtra 431521, India",76.7047904,19.1350632
0,SAN,Sandila,Sandila Uttar Pradesh,Northern Railway,Uttar Pradesh,"Sandila, Uttar Pradesh 241204, India",80.5179133,27.0764686
0,GQL,Gurla,Gurla Rajasthan,West Central Railway,Rajasthan,"Gurla, Rajasthan 311802, India",74.4701056,25.25354
0,SPP,Shahpur Patoree,Shahpur Patoree Bihar,East Central Railway,Bihar,"Shahpur Patori, Bihar, India",85.5744414,25.6338286
0,MCQ,Mirchadhori,Mirchadhori Uttar Pradesh,East Central Railway,Uttar Pradesh,"Uttar Pradesh, India",80.0981869,27.5705886
0,FTH,FATUHI,FATUHI Rajasthan,Northern Railway,Rajasthan,"Fatuhi, Rajasthan 335901, India",73.8610191,30.0579127
0,TYM,TIRUMAYAM,TIRUMAYAM Tamil Nadu,Southern Railway,Tamil Nadu,"Tirumayam, Tamil Nadu, India",78.7494053,10.2468937
0,DRA,DULARIA,DULARIA Madhya Pradesh,West Central Railway,Madhya Pradesh,"Dularia Railway Station, Madhya Pradesh 461116, India",77.653741,22.5754629
0,HIL,Hilsa,Hilsa Bihar,East Central Railway,Bihar,"Hilsa, Bihar 801302, India",85.2832333,25.3188918
0,UDT,Udumalaippettai,Udumalaippettai Tamil Nadu,Southern Railway,Tamil Nadu,"Udumalaipettai, Tamil Nadu, India",77.2513453,10.5854779
0,SKIP,Sikaripara,Sikaripara Jharkhand,Eastern Railway,Jharkhand,"Shikaripara, Jharkhand 816118, India",87.4678266,24.2388932
0,CQA,CHERUKARA,CHERUKARA Kerala,Southern Railway,Kerala,"Cherukara, Kerala 679340, India",76.2218394,10.9282375
0,PDH,Padadhari,Padadhari Gujarat,Western Railway,Gujarat,"Paddhari, Gujarat 360110, India",70.601862,22.4355711
0,HLX,Hilara,Hilara Assam,North Frontier Railway,Assam,"Hilara, Assam 788805, India",92.5860656,24.9226944
0,KMK,Komakhan,Komakhan Chhatisgarh,East Coast Railway,Chhatisgarh,"Komakhan, Chhattisgarh 493449, India",82.4685064,20.9675543
0,SDE,Sadisopur,Sadisopur Bihar,East Central Railway,Bihar,"Sadisopur, Bihar 801111, India",84.9227146,25.5717301
0,TYAE,TENYA,TENYA West Bengal,Eastern Railway,West Bengal,"Tenya, West Bengal 742404, India",88.1523157,23.8192051
0,MGRL,MANGROLLA,MANGROLLA Gujarat,Western Railway,Gujarat,"Mangrol, Gujarat, India",70.1168209,21.1225405
0,DTRA,DANTRA,DANTRA Rajasthan,North Western Railway,Rajasthan,"Dantra, Rajasthan, India",74.4701475,26.3459742
0,BHTK,Bhanwar Tonk,Bhanwar Tonk Chhatisgarh,South East Central Railway,Chhatisgarh,"Chhattisgarh, India",81.8661442,21.2786567
0,BNV,Binnaguri,Binnaguri West Bengal,North Frontier Railway,West Bengal,"Binnaguri, West Bengal 735203, India",89.0578864,26.7499321
0,KSK,KASIMKOTA,KASIMKOTA Andhra Pradesh,South Central Railway,Andhra Pradesh,"Kasimkota, Andhra Pradesh 531031, India",82.9641299,17.668636
0,KSM,KAMASAMUDRAM,KAMASAMUDRAM Karnataka,South Western Railway,Karnataka,"Kamasamudram, Karnataka 563129, India",78.1963404,12.8652847
0,VKA,Verka Jn,Verka Jn Punjab,Northern Railway,Punjab,"Verka, Amritsar, Punjab, India",74.9302498,31.6645657
0,DGN,Dongargaon,Dongargaon Madhya Pradesh,Central Railway,Madhya Pradesh,"Dongargaon, Madhya Pradesh 465449, India",76.1682299,24.2474584
0,SNM,Sitanagaram,Sitanagaram Andhra Pradesh,East Coast Railway,Andhra Pradesh,"Sitanagaram, Tadepalle, Andhra Pradesh 522501, India",80.6089678,16.4938666
0,SPTR,Silapathar,Silapathar Assam,North Frontier Railway,Assam,"Silapathar, Assam 787059, India",94.724003,27.5952937
0,SLT,Silaut,Silaut Bihar,East Central Railway,Bihar,"Silaut, Bihar, India",85.4620528,26.0339075
0,QSR,Kansrao,Kansrao Uttarakhand,Northern Railway,Uttarakhand,"Kansrao, Uttarakhand, India",78.1222336,30.0906694
0,SEB,Son Nagar,Son Nagar Bihar,East Central Railway,Bihar,"Son Nagar, Bihar 824112, India",84.2239276,24.8831923
0,TOI,Tamkuhi Road,Tamkuhi Road Uttar Pradesh,North Eastern Railway,Uttar Pradesh,"Sewrahi, Uttar Pradesh 274406, India",84.2318313,26.7313146
0,VDD,Vendodu,Vendodu Andhra Pradesh,South Central Railway,Andhra Pradesh,"Vendodu, Andhra Pradesh, India",79.7564475,14.0444575
0,KJZ,Karonji,Karonji Chhatisgarh,South East Central Railway,Chhatisgarh,"Karnji, Chhattisgarh 497235, India",82.9863738,23.3623676
0,KSO,KHEMASULI,KHEMASULI West Bengal,South Eastern Railway,West Bengal,"Khemasuli, Kharagpur, West Bengal 721513, India",87.1827938,22.3384664
0,SPQ,Sorupeta,Sorupeta Assam,North Frontier Railway,Assam,"Sarupeta, Assam, India",91.075377,26.5009169
0,RSKA,Rajsunakhala,Rajsunakhala Odisha,East Coast Railway,Odisha,"Chandpur - Rajsunakhala Rd, Odisha, India",85.351336,20.0478839
0,SEGM,Sevagram,Sevagram Maharashtra,Central Railway,Maharashtra,"Sevagram, Maharashtra, India",78.662567,20.7349924
0,JN,Jalamb Jn,Jalamb Jn Gujarat,Western Railway,Gujarat,"Gujarat, India",71.5723953,22.6708317
0,JGN,Jagraon,Jagraon Punjab,Northern Railway,Punjab,"Jagraon, Punjab 142026, India",75.4670189,30.7923337
0,BNE,Bohani,Bohani Madhya Pradesh,West Central Railway,Madhya Pradesh,"Bohani, Madhya Pradesh, India",78.8594969,22.9335403
0,GPD,Gummidipundi,Gummidipundi Tamil Nadu,Southern Railway,Tamil Nadu,"Gummidipoondi, Tamil Nadu 601201, India",80.1169708,13.4109557
0,DBRG,DIBRUGARH,DIBRUGARH Assam,North Frontier Railway,Assam,"Dibrugarh, Assam, India",94.9124625,27.4705449
0,NPS,Napasar,Napasar Rajasthan,North Western Railway,Rajasthan,"Napasar, Rajasthan, India",73.5596304,27.9645156
0,PRJ,Prantij,Prantij Gujarat,Western Railway,Gujarat,"Prantij, Gujarat, India",72.8528118,23.4367496
0,VDL,Vaitisvarankoil,Vaitisvarankoil Tamil Nadu,Southern Railway,Tamil Nadu,"Tamil Nadu, India",78.6568942,11.1271225
0,CPH,Champa Jn,Champa Jn Chhatisgarh,South East Central Railway,Chhatisgarh,"Champa, Chhattisgarh 495671, India",82.6515036,22.0300039
0,JGLP,Jatinga Lumpur,Jatinga Lumpur Assam,North Frontier Railway,Assam,"Jatinga Lumpur, National Highway 54, Assam 788818, India",92.949541,25.111069
0,MTJ,MATHUR,MATHUR Uttar Pradesh,North Central Railway,Uttar Pradesh,"Mathura, Uttar Pradesh, India",77.673673,27.4924134
0,VARD,Vaikom,Vaikom Kerala,Southern Railway,Kerala,"Vaikom, Kerala, India",76.3926668,9.7216446
0,KNGN,Kanhegaon,Kanhegaon Maharashtra,Central Railway,Maharashtra,"Kanhegaon, Maharashtra 413708, India",74.5614209,19.8377766
0,TO,Ttiruvalangadu,Ttiruvalangadu Tamil Nadu,Southern Railway,Tamil Nadu,"Tamil Nadu, India",78.6568942,11.1271225
0,SGL,DHARMINIYA,DHARMINIYA Bihar,East Central Railway,Bihar,"Dharminiya, Bela, Bihar 845433, India",84.779918,26.829721
0,RNO,Ranoli,Ranoli Gujarat,Western Railway,Gujarat,"Ranoli, Gujarat, India",72.8072342,22.3826508
0,PGW,Phagwara Jn,Phagwara Jn Punjab,Northern Railway,Punjab,"Phagwara, Punjab, India",75.7670466,31.2231589
0,DDA,Duraundha Jn,Duraundha Jn Bihar,North Eastern Railway,Bihar,"Duraundha, Bihar 841233, India",84.4566458,26.0858468
0,STW,Sahatwar,Sahatwar Uttar Pradesh,North Eastern Railway,Uttar Pradesh,"Sahatwar, Uttar Pradesh 277211, India",84.3042333,25.8383497
0,KKZ,Kottarakara,Kottarakara Kerala,Southern Railway,Kerala,"Kottarakkara, Kerala, India",76.7831498,9.0055565
0,KKA,KANKI,KANKI West Bengal,North Frontier Railway,West Bengal,"Kanki, West Bengal 733209, India",87.8562032,26.0063662
0,SRSI,SARSI,SARSI Bihar,East Central Railway,Bihar,"Sarsi, Bihar 854306, India",87.2879425,25.8521083
0,DWL,Dhuwala,Dhuwala Rajasthan,North Western Railway,Rajasthan,"Dhuwala, Rajasthan 311804, India",74.1298684,25.5944827
0,SRVT,SIRUVATTUR,SIRUVATTUR Tamil Nadu,Southern Railway,Tamil Nadu,"Siruvathur, Tamil Nadu 606204, India",78.9531358,11.6352839
0,SVDK,Shri Mata Vaishno Devi Katra,Shri Mata Vaishno Devi Katra Jammu And Kashmir,Northern Railway,Jammu And Kashmir,"Shri Mata Vaishno Devi Katra, Katra Station Rd, Katra, 182320",74.9351966,32.9826641
0,KOLR,Kolnur,Kolnur Telangana,South Central Railway,Telangana,"Kolanur, Telangana 505301, India",78.7844548,18.4174569
0,TBH,Tatibahar,Tatibahar Assam,North Frontier Railway,Assam,"Tatibahar Station Rd, Assam, India",93.8255057,26.9714988
0,SQF,Sukritipur,Sukritipur Assam,North Frontier Railway,Assam,"Sukritipur, Sukritipur, Jagadishpur Pt III, Assam 788805, India",92.5774208,24.9005251
0,CPBH,CHIRAILA,CHIRAILA Bihar,East Central Railway,Bihar,"Chiraila, Bihar 823003, India",85.0778886,24.7909072
0,JJKR,Jajpur K Road,Jajpur K Road Odisha,East Coast Railway,Odisha,"Jajpur, Odisha, India",86.1751759,20.7652197
0,NRZB,Nowrozabad,Nowrozabad Madhya Pradesh,South East Central Railway,Madhya Pradesh,"Nowrozabad, Madhya Pradesh 484555, India",80.9802002,23.352474
0,KTD,KANTADIH,KANTADIH West Bengal,South Eastern Railway,West Bengal,"Kantadi, West Bengal 723153, India",86.3047104,23.2289479
0,KRND,Khorason Road,Khorason Road Uttar Pradesh,North Eastern Railway,Uttar Pradesh,"Khorason Rd, Uttar Pradesh, India",82.8835071,26.1266197
0,ACU,ACHUARA HALT,ACHUARA HALT Bihar,East Central Railway,Bihar,"Achuara, Bihar 803213, India",85.6614682,25.4480006
0,PSD,Parsoda,Parsoda Maharashtra,South Central Railway,Maharashtra,"Parsoda, Maharashtra 423703, India",74.8770282,19.9514518
0,FZD,Firozabad,Firozabad Uttar Pradesh,North Central Railway,Uttar Pradesh,"Firozabad, Uttar Pradesh, India",78.3957331,27.1591961
0,TKJ,Tilak Bridge,Tilak Bridge Delhi,Northern Railway,Delhi,"Tilak Bridge, Mahawat Khan Rd, Mata Sundari Railway Colony, Mandi House, New Delhi, Delhi 110002, India",77.2371894,28.6281533
0,TL,Tiloniya,Tiloniya Rajasthan,North Western Railway,Rajasthan,"Tiloniya, Rajasthan 305816, India",74.9369522,26.6515192
0,ARA,SARVODAYA HALT,SARVODAYA HALT Bihar,East Central Railway,Bihar,"Sarvodaya Halt, Kuardah, Bihar 802162, India",84.5021124,25.5532484
0,PSV,PARSNEU,PARSNEU Rajasthan,North Western Railway,Rajasthan,"Parasneu, Rajasthan 331802, India",74.3696924,28.0354476
0,MAS,Channani,Channani Tamil Nadu,Southern Railway,Tamil Nadu,"Chennai, Tamil Nadu, India",80.2704622,13.0843007
0,MGF,Mandagere,Mandagere Karnataka,South Western Railway,Karnataka,"Mandagere, Karnataka 571423, India",76.3796453,12.7302542
0,PRYJ,Prayagraj Jn.,Prayagraj Jn. Uttar Pradesh,North Central Railway,Uttar Pradesh,"Prayagraj Junction, Civil Lines, Prayagraj, Uttar Pradesh 211001, India",81.8253314,25.4452786
0,KM,PATHRAD,PATHRAD Goa,South Western Railway,Goa,"Goa, India",74.123996,15.2993265
0,SRJM,SIRJAM,SIRJAM West Bengal,South Eastern Railway,West Bengal,"Sirjam, West Bengal 723168, India",86.8182685,23.4022133
0,SIP,Suraimanpur,Suraimanpur Uttar Pradesh,North Eastern Railway,Uttar Pradesh,"Suremanpur, Uttar Pradesh 277001, India",84.1733331,25.7810616
0,LWS,LUKWASA,LUKWASA Madhya Pradesh,West Central Railway,Madhya Pradesh,"Lukwasa, Madhya Pradesh, India",77.5991921,25.1066681
0,KMRJ,KUMARGANJ,KUMARGANJ West Bengal,North Frontier Railway,West Bengal,"Kumarganj, West Bengal, India",88.7289492,25.4249429
0,BRMO,Bermo,Bermo Jharkhand,East Central Railway,Jharkhand,"Bermo, Jharkhand, India",85.9457837,23.7994757
0,KTX,Katakhal Jn,Katakhal Jn Assam,North Frontier Railway,Assam,"Katakhal, Assam 788801, India",92.6226489,24.8323714
0,PSA,Palasa,Palasa Andhra Pradesh,East Coast Railway,Andhra Pradesh,"Palasa, Andhra Pradesh, India",84.4109252,18.7723549
0,DRD,Dahanu Road,Dahanu Road Maharashtra,Western Railway,Maharashtra,"Dahanu Rd, Maharashtra, India",72.8290262,19.9951474
0,VRQ,virarakkiyam,virarakkiyam Tamil Nadu,Southern Railway,Tamil Nadu,"Virarakkiyam, Tamil Nadu, India",78.1749687,10.9320138
0,RGG,Raghogarh,Raghogarh Madhya Pradesh,West Central Railway,Madhya Pradesh,"Raghogarh -Vijaypur, Madhya Pradesh, India",77.1600201,24.4829658
0,SNL,Sanahwal,Sanahwal Punjab,Northern Railway,Punjab,"Sanahwal, 01612844135, Telephone Exchange Road, Sahnewal, Punjab 141120, India",75.979099,30.8379605
0,TZD,TOZHUPPEDU,TOZHUPPEDU Tamil Nadu,Southern Railway,Tamil Nadu,"Thozhupedu, Tamil Nadu 604409, India",79.4542152,12.6619774
0,TTR,Tiptur,Tiptur Karnataka,South Western Railway,Karnataka,"Tiptur, Karnataka, India",76.4785708,13.259273
0,HSI,Harsauli,Harsauli Rajasthan,North Western Railway,Rajasthan,"Harsoli, Rajasthan 301403, India",76.6210539,27.8621576
0,KSB,Kosamba Jn,Kosamba Jn Gujarat,Western Railway,Gujarat,"Kosamba Junction, Station Rd, Kosamba, Gujarat 394120, India",72.9548636,21.4646301
0,SMR,Samdhari Jn,Samdhari Jn Rajasthan,North Western Railway,Rajasthan,"Samdari, Rajasthan, India",72.5830736,25.816373
0,KKU,Dhanakya,Dhanakya Rajasthan,North Western Railway,Rajasthan,"Dhankya, Rajasthan, India",75.5851575,26.912182
0,BJE,Bhojudih Jn,Bhojudih Jn Jharkhand,South Eastern Railway,Jharkhand,"Bhojudih, Jharkhand 828303, India",86.4465631,23.6424192
0,SAPE,SAPE WAMNE,SAPE WAMNE Maharashtra,Null,Maharashtra,"Sape Wamne, Wamane, Maharashtra 402115, India",73.3715556,18.0581428
0,CGL,KAMBRGANVI,KAMBRGANVI Tamil Nadu,Southern Railway,Tamil Nadu,"Tamil Nadu, India",78.6568942,11.1271225
0,KSV,Kosi Kalan,Kosi Kalan Uttar Pradesh,North Eastern Railway,Uttar Pradesh,"Kosi, Uttar Pradesh 281403, India",77.433273,27.797239
0,CBE,Coimbatore Jn,Coimbatore Jn Tamil Nadu,Southern Railway,Tamil Nadu,"Coimbatore, Tamil Nadu, India",76.9558321,11.0168445
0,GZH,Gulzarbagh,Gulzarbagh Bihar,East Central Railway,Bihar,"Gulzarbagh, Sadikpur, Patna, Bihar 800007, India",85.2035187,25.6096329
0,MADR,Madure,Madure Maharashtra,Konkan Railway,Maharashtra,"Madhuri, Gujarat, India",73.4592701,20.5070664
0,BCN,Bachhrawan,Bachhrawan Uttar Pradesh,Northern Railway,Uttar Pradesh,"Bachhrawan, Uttar Pradesh 229301, India",81.112712,26.471033
0,BOI,Bainchi,Bainchi West Bengal,Eastern Railway,West Bengal,"Boinchi, West Bengal 712134, India",88.1925508,23.1211739
0,GDL,Gondal,Gondal Gujarat,Western Railway,Gujarat,"Gondal, Gujarat 360311, India",70.7938777,21.9611708
0,TMV,Tindivanam,Tindivanam Tamil Nadu,Southern Railway,Tamil Nadu,"Tindivanam, Tamil Nadu 604001, India",79.6503543,12.2266754
0,DSS,Dalsingh Sarai,Dalsingh Sarai Bihar,East Central Railway,Bihar,"Dalsinghsarai, Bihar 848114, India",85.8361928,25.6727062
0,ASR,Amritsar Jn,Amritsar Jn Punjab,Northern Railway,Punjab,"Amritsar, Punjab, India",74.8722642,31.6339793
0,KLJ,Kamalganj,Kamalganj Uttar Pradesh,North Eastern Railway,Uttar Pradesh,"Kamalganj, Uttar Pradesh 209724, India",79.6319636,27.2590797
0,FZR,Firozpur City,Firozpur City Punjab,Northern Railway,Punjab,"Firozpur, Punjab, India",74.6224755,30.9331348
0,BMKI,Bapudm Motihari,Bapudm Motihari Bihar,East Central Railway,Bihar,"Bapudham Motihari, Belbawana, Motihari, Bihar 845401, India",84.9050998,26.6554373
0,MSW,Maskanwa,Maskanwa Uttar Pradesh,North Eastern Railway,Uttar Pradesh,"Maskanwa, Uttar Pradesh, India",82.3343375,27.0002144
0,DJA,Daotuhaja,Daotuhaja Assam,North Frontier Railway,Assam,"Daotuhaja, Assam 788830, India",93.1704885,25.2392907
0,MFJ,Muftiganj,Muftiganj Uttar Pradesh,North Eastern Railway,Uttar Pradesh,"Mufti Ganj, Uttar Pradesh 222170, India",82.8243412,25.7030422
0,BKI,Bandikui Jn,Bandikui Jn Rajasthan,North Western Railway,Rajasthan,"Bandikui, Rajasthan 303313, India",76.5701145,27.0479959
0,NDO,Nidubrolu,Nidubrolu Andhra Pradesh,South Central Railway,Andhra Pradesh,"Nidubrolu, Ponnur, Andhra Pradesh, India",80.5645254,16.0612839
0,MQU,Murukkampuzha,Murukkampuzha Kerala,Southern Railway,Kerala,"Murukkampuzha, Murukkumpuzha, Veiloor, Kerala 695302, India",76.8304919,8.6132024
0,PGRL,Piduguralla,Piduguralla Andhra Pradesh,South Central Railway,Andhra Pradesh,"Piduguralla, Andhra Pradesh 522413, India",79.8891327,16.4804583
0,SLD,Sakaldiha,Sakaldiha Uttar Pradesh,East Central Railway,Uttar Pradesh,"Sakaldiha, Uttar Pradesh 232109, India",83.2577312,25.3501849
0,BJP,Vijayapura,Vijayapura Karnataka,South Western Railway,Karnataka,"Vijayapura, Karnataka, India",75.710031,16.8301708
0,SVGA,Sivaganga,Sivaganga Tamil Nadu,Southern Railway,Tamil Nadu,"Sivaganga, Tamil Nadu 630561, India",78.4832344,9.8479616
0,JI,JHUSI,JHUSI Uttar Pradesh,North Eastern Railway,Uttar Pradesh,"Jhusi, Uttar Pradesh 211019, India",81.9139692,25.4290183
0,EDU,ERIODU,ERIODU Tamil Nadu,Southern Railway,Tamil Nadu,"Eriodu, Tamil Nadu 624702, India",78.061376,10.5168361
0,SGA,SHERGARH,SHERGARH Punjab,North Western Railway,Punjab,"Shergarh, Punjab 144629, India",75.1880986,31.1419051
0,SUR,Solapur Jn,Solapur Jn Maharashtra,Central Railway,Maharashtra,"Solapur, Maharashtra, India",75.9063906,17.6599188
0,GLD,Ponmlai Gld Rck,Ponmlai Gld Rck Gujarat,Western Railway,Gujarat,"Gujarat, India",71.5723953,22.6708317
0,PGL,PAGDHAL,PAGDHAL Madhya Pradesh,West Central Railway,Madhya Pradesh,"Pagdhal, Madhya Pradesh 461223, India",77.3467996,22.4198006
0,CJW,Chajawa,Chajawa Rajasthan,West Central Railway,Rajasthan,"Chhajawa, Rajasthan 325205, India",76.5892774,24.9742402
0,TRT,Tiruttani,Tiruttani Tamil Nadu,Southern Railway,Tamil Nadu,"Thiruttani, Tamil Nadu, India",79.611721,13.1746411
0,SGG,Sultanganj,Sultanganj Bihar,Eastern Railway,Bihar,"Sultanganj, Bihar, India",86.7404395,25.2401294
0,KMQ,Kumbla,Kumbla Kerala,Southern Railway,Kerala,"Kumbla (Kumble), Kerala, India",74.947181,12.5945539
0,MADA,MAONDA,MAONDA Rajasthan,North Western Railway,Rajasthan,"Maonda, Koor Bara, Rajasthan 332713, India",75.800439,27.7074691
0,PPTR,Pushpattur,Pushpattur Tamil Nadu,Southern Railway,Tamil Nadu,"Pushpathur, Tamil Nadu 624618, India",77.3987859,10.5433679
0,KIS,Kapilas Road,Kapilas Road Odisha,East Coast Railway,Odisha,"Kapilash Rd, Odisha, India",85.6800463,20.6707072
0,GADJ,Gandhinagar Jpr,Gandhinagar Jpr Rajasthan,North Western Railway,Rajasthan,"Gandhi Nagar, Jaipur, Rajasthan 302007, India",75.8059845,26.8802492
0,CYI,CHHAYAPURI,CHHAYAPURI Gujarat,Western Railway,Gujarat,"Chhayapuri Railway Station, Chhani, Vadodara, Gujarat 391740, India",73.1655099,22.3712332
0,KTJI,KATHA JORI,KATHA JORI Odisha,East Coast Railway,Odisha,"Kathajodi River, Odisha",85.83066692,20.45730177
0,SHV,SHIVANI,SHIVANI Karnataka,South Western Railway,Karnataka,"Shivani, Karnataka, India",76.0318003,13.8187382
0,KIP,Khalilpur,Khalilpur Haryana,Northern Railway,Haryana,"Khalilpur, Haryana 122502, India",76.6972538,28.2929812
0,RF,MUTTAMPATTI,MUTTAMPATTI Gujarat,Western Railway,Gujarat,"Gujarat, India",71.5723953,22.6708317
0,SRUR,Sirpur Town,Sirpur Town Telangana,South Central Railway,Telangana,"Sirpur, Telangana 504299, India",79.571448,19.4796069
0,MKU,Malkapur,Malkapur Maharashtra,Central Railway,Maharashtra,"Malkapur, Maharashtra, India",76.2026077,20.8843273
0,SPC,Sitapur City,Sitapur City Uttar Pradesh,Northern Railway,Uttar Pradesh,"Sitapur, Uttar Pradesh 261001, India",80.6789519,27.5680156
0,DMNJ,Damanjodi,Damanjodi Odisha,East Coast Railway,Odisha,"Damanjodi, Odisha 763008, India",82.9125036,18.7742992
0,MKX,Morak,Morak Rajasthan,West Central Railway,Rajasthan,"Morak, Rajasthan 326517, India",75.9739003,24.7265382
0,PNPL,PANPALI,PANPALI Odisha,South Eastern Railway,Odisha,"Panpali, Odisha 768220, India",84.1408753,21.9166927
0,KMT,Khammam,Khammam Telangana,South Central Railway,Telangana,"Khammam, Telangana, India",80.1514447,17.2472528
0,UMG,Uttangal Manglm,Uttangal Manglm Tamil Nadu,Southern Railway,Tamil Nadu,"Uttangal Mangalam, Tamil Nadu 607804, India",79.4269147,11.5393865
0,TSI,Tenkasi Jn,Tenkasi Jn Tamil Nadu,Southern Railway,Tamil Nadu,"Tenkasi, Tamil Nadu, India",77.3152492,8.9564008
0,MOO,Muddanuru,Muddanuru Andhra Pradesh,South Central Railway,Andhra Pradesh,"Muddanur, Andhra Pradesh 516380, India",78.3938195,14.6888334
0,VTP,VASTRAPUR,VASTRAPUR Gujarat,Western Railway,Gujarat,"Vastrapur, Ahmedabad, Gujarat, India",72.5277849,23.0376238
0,TIR,Tirur,Tirur Kerala,Southern Railway,Kerala,"Tirur, Kerala, India",75.9245118,10.9166586
0,SRI,SALMARI,SALMARI Bihar,North Frontier Railway,Bihar,"Salmari, Bihar 855113, India",87.842076,25.6144663
0,MSDG,Mhasoda Dongar,Mhasoda Dongar Maharashtra,Central Railway,Maharashtra,"Dongar, Maharashtra 416702, India",73.4916744,16.5919364
0,TSL,Taksal,Taksal Himachal Pradesh,Northern Railway,Himachal Pradesh,"Taksal, Parwanoo, Himachal Pradesh 173220, India",76.9578248,30.8473753
0,HTC,Hathras City,Hathras City Uttar Pradesh,North Eastern Railway,Uttar Pradesh,"Hathras, Uttar Pradesh 204101, India",78.0492265,27.5980718
0,BLNI,Bhalwani,Bhalwani Maharashtra,Central Railway,Maharashtra,"Bhalawani, Maharashtra 414103, India",74.5477929,19.1163271
0,SKS,Salekasa,Salekasa Maharashtra,South East Central Railway,Maharashtra,"Salekasa, Maharashtra 441916, India",80.491047,21.3039678
0,PHV,Pirthiganj,Pirthiganj Uttar Pradesh,Northern Railway,Uttar Pradesh,"PirthiGanj, Bhagesara, Uttar Pradesh 230001, India",82.0089142,25.8594054
0,WSA,Wadsa,Wadsa Maharashtra,South East Central Railway,Maharashtra,"Wadsa, Maharashtra 441207, India",79.9610674,20.6245213
0,KLQ,KILIKOLLUR,KILIKOLLUR Kerala,Southern Railway,Kerala,"Kilikkollur, Chandanathope, Kottamkara, Kerala, India",76.6456031,8.9279504
0,MPA,Manaparai,Manaparai Tamil Nadu,Southern Railway,Tamil Nadu,"Boys Town, Manapparai, Tamil Nadu 621306, India",78.4233267,10.6089324
0,LS,Lasalgaon,Lasalgaon Maharashtra,Central Railway,Maharashtra,"Lasalgaon, Maharashtra 422306, India",74.2326058,20.1491422
0,RJN,Raj Nandgaon,Raj Nandgaon Chhatisgarh,South East Central Railway,Chhatisgarh,"Rajnandgaon, Chhattisgarh 491441, India",81.0337066,21.0976046
0,CTF,CHITGIDDA,CHITGIDDA Telangana,South Central Railway,Telangana,"Chitgidda, Telangana 501111, India",77.9617297,17.4105942
0,LGO,Lalgopalganj,Lalgopalganj Uttar Pradesh,Northern Railway,Uttar Pradesh,"Lalgopalganj, Uttar Pradesh 212413, India",81.6240583,25.6368421
0,ALER,Aler,Aler Telangana,South Central Railway,Telangana,"Alair, Telangana, India",79.0430485,17.6437392
0,GWV,Gowdavalli,Gowdavalli Telangana,South Central Railway,Telangana,"Gowdavalli, Telangana 501401, India",78.4652483,17.6117603
0,KSRA,Kasara,Kasara Maharashtra,Central Railway,Maharashtra,"Kasara, Maharashtra 421602, India",73.4711754,19.6435898
0,KMME,Kumardubi,Kumardubi Jharkhand,Eastern Railway,Jharkhand,"Kumardubi, Jharkhand 832101, India",86.8101086,22.2616305
0,NPJE,NICHITPUR,NICHITPUR Jharkhand,East Central Railway,Jharkhand,"Nichitpur, Jharkhand 828113, India",86.2907568,23.8244557
0,NMKL,Namakkal,Namakkal Tamil Nadu,Southern Railway,Tamil Nadu,"Namakkal, Tamil Nadu, India",78.1678418,11.2193848
0,RPMN,Rampur Maniharn,Rampur Maniharn Uttar Pradesh,Northern Railway,Uttar Pradesh,"Rampur Maniharan, Uttar Pradesh 247451, India",77.4544211,29.807555
0,DMLE,DUMURDAHA,DUMURDAHA West Bengal,Eastern Railway,West Bengal,"Dumurdaha, Dumurdahadham,, Dumurdahadham, West Bengal 712515, India",88.4322048,23.0398178
0,PNE,Prantik,Prantik West Bengal,Eastern Railway,West Bengal,"Prantik, West Bengal 731204, India",87.6852323,23.6954892
0,DPR,Dhampur,Dhampur Uttar Pradesh,Northern Railway,Uttar Pradesh,"Dhampur, Uttar Pradesh 246761, India",78.5033076,29.3080255
0,HDW,Haldwani,Haldwani Uttarakhand,North Eastern Railway,Uttarakhand,"Haldwani, Uttarakhand 263139, India",79.5129767,29.2182644
0,KOTR,Korattur,Korattur Tamil Nadu,Southern Railway,Tamil Nadu,"Korattur, Chennai, Tamil Nadu, India",80.1834167,13.1081798
0,LTR,Lakhtar,Lakhtar Gujarat,Western Railway,Gujarat,"Lakhatar, Gujarat 382775, India",71.791766,22.8553612
0,BWO,BURAMARA,BURAMARA Odisha,South Eastern Railway,Odisha,"Buramara, Odisha 757081, India",86.6519776,22.1099886
0,JAM,Jamnagar,Jamnagar Gujarat,Western Railway,Gujarat,"Jamnagar, Gujarat, India",70.05773,22.4707019
0,BZO,Barsola,Barsola Haryana,Northern Railway,Haryana,"Barsola, Haryana, India",76.2290823,29.3913743
0,HSX,HOSHIARPUR,HOSHIARPUR Punjab,Northern Railway,Punjab,"Hoshiarpur, Punjab, India",75.911483,31.5143178
0,MHU,Manheru,Manheru Haryana,North Western Railway,Haryana,"Manheru, Haryana 127309, India",76.2200373,28.7084078
0,CKP,Chakradharpur,Chakradharpur Jharkhand,South Eastern Railway,Jharkhand,"Chakradharpur, Jharkhand 833102, India",85.6254997,22.6765454
0,GDI,GUDGERI,GUDGERI Karnataka,South Western Railway,Karnataka,"Gudgeri, Karnataka 581107, India",75.3616223,15.1202074
0,KIF,KURI,KURI Kerala,Southern Railway,Kerala,"Kerala, India",76.6412712,10.1631526
0,JN,Rangiya Jn,Rangiya Jn Gujarat,Western Railway,Gujarat,"Gujarat, India",71.5723953,22.6708317
0,LIR,LACHMIPUR,LACHMIPUR Uttar Pradesh,North Eastern Railway,Uttar Pradesh,"Laxmipur, Uttar Pradesh 273162, India",83.3991855,27.2608581
0,PNPN,PANPANA,PANPANA Odisha,South Eastern Railway,Odisha,"Panapana, Odisha 756043, India",86.7994359,21.370392
0,TCN,TIRUCHENDUR,TIRUCHENDUR Tamil Nadu,Southern Railway,Tamil Nadu,"Thiruchendur, Tamil Nadu, India",78.1194296,8.4976846
0,BAP,Belapur,Belapur Maharashtra,Central Railway,Maharashtra,"CBD Belapur, Navi Mumbai, Maharashtra, India",73.0390426,19.0221652
0,ALNI,Alniya,Alniya Rajasthan,West Central Railway,Rajasthan,"Aalniya, Rajasthan 325003, India",75.9143867,25.012706
0,BHUJ,Bhuj,Bhuj Gujarat,Western Railway,Gujarat,"Bhuj, Gujarat, India",69.6669324,23.2419997
0,KTPK,Pakki,Pakki Punjab,Northern Railway,Punjab,"Pakki Gali, Patti Khalil, Punjab 148025, India",75.7042806,30.4398803
0,SDS,Sadulshahr,Sadulshahr Rajasthan,North Western Railway,Rajasthan,"Sadul Shahar, Rajasthan 335062, India",74.1754,29.9078202
0,KI,Kondapalli,Kondapalli Andhra Pradesh,South Central Railway,Andhra Pradesh,"Kondapalli, Andhra Pradesh, India",80.5413043,16.6209149
0,BSE,Badshahpur,Badshahpur Uttar Pradesh,Northern Railway,Uttar Pradesh,"Badshahpur, Uttar Pradesh 230503, India",81.717157,26.0355708
0,KHS,Kharsia,Kharsia Chhatisgarh,South East Central Railway,Chhatisgarh,"Kharsia, Chhattisgarh 496661, India",83.1033168,21.9906357
0,MGME,McCluskieganj,McCluskieganj Jharkhand,East Central Railway,Jharkhand,"Mccluskieganj, Jharkhand, India",84.9440346,23.6498584
0,GKC,Gorakhpur Cant,Gorakhpur Cant Uttar Pradesh,North Eastern Railway,Uttar Pradesh,"Gorakhpur Cantt., Nanda Nagar, Gorakhpur, Uttar Pradesh 273008, India",83.4180759,26.750991
0,BEA,Bihiya,Bihiya Bihar,East Central Railway,Bihar,"Behea, Bihar, India",84.4671424,25.5555878
0,BPA,Bellampalli,Bellampalli Telangana,South Central Railway,Telangana,"Bellampalle, Telangana 504251, India",79.4911571,19.0715462
0,VVKP,Viveknndapuri H,Viveknndapuri H Delhi,Northern Railway,Delhi,"New Delhi, Delhi, India",77.2088282,28.6139298
0,EDN,EZHUKONE,EZHUKONE Kerala,Southern Railway,Kerala,"Ezhukone, Kerala 691505, India",76.7163359,8.9858432
0,PCH,Pachhapur,Pachhapur Karnataka,South Western Railway,Karnataka,"Pachapur, Karnataka 591122, India",74.6877819,16.095826
0,NAW,Nawandgi,Nawandgi Telangana,South Central Railway,Telangana,"Nawandgi, Telangana 501143, India",77.4287031,17.2226941
0,HG,Hotgi,Hotgi Maharashtra,Central Railway,Maharashtra,"Hotgi Station, Maharashtra, India",75.9869609,17.5616694
0,JRNA,Jirania,Jirania Tripura,North Frontier Railway,Tripura,"Jirania, Tripura 799035, India",91.4362206,23.813154
0,BKU,BHIKNUR,BHIKNUR Telangana,South Central Railway,Telangana,"Biknur, Telangana, India",78.3981438,18.1860832
0,NLBR,Nilambazar,Nilambazar Assam,North Frontier Railway,Assam,"Nilambazar, Assam, India",92.3501848,24.7454497
0,BKLE,BAKUDI,BAKUDI Jharkhand,Eastern Railway,Jharkhand,"Bakudi, Jharkhand 816101, India",87.7800227,24.9278247
0,TKV,TEKANWAS,TEKANWAS ,North Eastern Railway,,"Teknewas, Chhapra - Siwan Rd, Salempur, Bihar 841301, India",84.6893328,25.8077045
0,VON,VONDH,VONDH Gujarat,Western Railway,Gujarat,"Vondh, Gujarat 370140, India",70.4045106,23.2958138
0,KTWS,KATHUWAS,KATHUWAS Haryana,North Western Railway,Haryana,"Kathuwas, Haryana, India",76.6564321,28.1421565
0,BDC,Bandel Jn,Bandel Jn West Bengal,Eastern Railway,West Bengal,"Bandel, West Bengal, India",88.3714181,22.934201
0,SMQL,SHAMLI,SHAMLI Uttar Pradesh,Northern Railway,Uttar Pradesh,"Shamli, Uttar Pradesh 247776, India",77.3172046,29.4501986
0,TLZ,Talavli,Talavli Madhya Pradesh,West Central Railway,Madhya Pradesh,"Madhya Pradesh, India",78.6568942,22.9734229
0,NOMD,Noamundi,Noamundi Jharkhand,South Eastern Railway,Jharkhand,"Noamundi, Jharkhand 833217, India",85.5084348,22.1574019
0,LC,Lucknow City,Lucknow City Uttar Pradesh,North Eastern Railway,Uttar Pradesh,"Lucknow, Uttar Pradesh, India",80.946166,26.8466937
0,PU,PATCHUR,PATCHUR Tamil Nadu,South Western Railway,Tamil Nadu,"Patchur, Tamil Nadu 635854, India",78.4616959,12.5937918
0,BEB,Beldanga,Beldanga West Bengal,Eastern Railway,West Bengal,"Beldanga, West Bengal, India",88.2514651,23.9358993
0,DIVA,Diva,Diva Maharashtra,Central Railway,Maharashtra,"Diva, Thane, Maharashtra 400612, India",73.0477775,19.1869395
0,CAA,Chakia,Chakia Bihar,East Central Railway,Bihar,"Chakia, Bihar 845412, India",85.0493253,26.4106892
0,JWS,Jharwasaa,Jharwasaa Rajasthan,North Western Railway,Rajasthan,"Jharwasa, Rajasthan 305621, India",74.7205385,26.2021169
0,KLMR,Kalamasseri,Kalamasseri Kerala,Southern Railway,Kerala,"Kalamassery, Kochi, Kerala, India",76.3528075,10.0531493
0,KRLI,Kurali,Kurali Punjab,Northern Railway,Punjab,"Kurali, Punjab, India",76.5800987,30.8307681
0,ARGP,ARALAGUPPE,ARALAGUPPE Karnataka,South Western Railway,Karnataka,"Aralaguppe, Karnataka 572212, India",76.6145548,13.2516041
0,PRDT,Proddatur,Proddatur Andhra Pradesh,South Central Railway,Andhra Pradesh,"Proddatur, Andhra Pradesh, India",78.5541053,14.752624
0,HNH,HANUMANAHALLI,HANUMANAHALLI Karnataka,South Western Railway,Karnataka,"Hanumanahalli, Karnataka, India",76.4676988,15.3501456
0,SRID,Shridham,Shridham Madhya Pradesh,West Central Railway,Madhya Pradesh,"Gotegaon, Madhya Pradesh 487118, India",79.4844499,23.039731
0,KIC,KALLIDAIKURICHI,KALLIDAIKURICHI Tamil Nadu,Southern Railway,Tamil Nadu,"Kallidaikurchi, Tamil Nadu 627416, India",77.4650754,8.6829522
0,SDLK,Sundlak,Sundlak Rajasthan,West Central Railway,Rajasthan,"Sundlak, Rajasthan 325222, India",76.4451061,25.1091758
0,GAMI,Gogameri,Gogameri Rajasthan,North Western Railway,Rajasthan,"Gogamedi, Rajasthan 335504, India",75.0289877,29.1564716
0,STP,Sitapur,Sitapur Uttar Pradesh,North Eastern Railway,Uttar Pradesh,"Sitapur, Uttar Pradesh 261001, India",80.6789519,27.5680156
0,BKDR,Begunkodar,Begunkodar West Bengal,South Eastern Railway,West Bengal,"Begun Kodar, West Bengal 723202, India",86.0606074,23.3597717
0,HZBN,Hazaribagh Town,Hazaribagh Town Jharkhand,East Central Railway,Jharkhand,"Hazaribagh, Jharkhand, India",85.3636758,23.9924669
0,BEAS,Beas,Beas Punjab,Northern Railway,Punjab,"Beas, Punjab, India",75.2869121,31.5130794
0,NH,Ganj Khawaja,Ganj Khawaja West Bengal,Eastern Railway,West Bengal,"West Bengal, India",87.8549755,22.9867569
0,GHUM,Ghum,Ghum West Bengal,North Frontier Railway,West Bengal,"Ghoom, West Bengal 734102, India",88.2436844,27.0008384
0,DES,Desari,Desari Bihar,East Central Railway,Bihar,"Desari, Bihar, India",85.4040194,25.6647001
0,CJA,CHONGAJAN,CHONGAJAN Assam,North Frontier Railway,Assam,"Chungajan, Assam 785601, India",93.8191143,26.0566253
0,CMU,Chau Mahla,Chau Mahla Rajasthan,West Central Railway,Rajasthan,"Chaumahla, Rajasthan 326515, India",75.5990658,23.9442184
0,SLU,SASALU,SASALU Karnataka,South Western Railway,Karnataka,"Sasalu, Karnataka 561204, India",77.3855476,13.4073881
0,HGR,HEMAGIRI,HEMAGIRI Odisha,South East Central Railway,Odisha,"Hemagiri, Odisha, India",83.7007267,21.9477587
0,KHOH,KHOH,KHOH Uttar Pradesh,North Central Railway,Uttar Pradesh,"Khoh, Uttar Pradesh 210205, India",80.9815817,25.2035886
0,CLT,Kozhikkode,Kozhikkode Kerala,Southern Railway,Kerala,"Kozhikode, Kerala, India",75.78041,11.2587531
0,RDN,Rudain,Rudain Uttar Pradesh,North Eastern Railway,Uttar Pradesh,"Rudain, Uttar Pradesh 243724, India",78.7830383,28.2839421
0,HHL,HIREHALI,HIREHALI Karnataka,South Western Railway,Karnataka,"Hirehalli, Karnataka, India",77.180149,13.2718135
0,GWA,Ganj Dundwara,Ganj Dundwara Uttar Pradesh,North Eastern Railway,Uttar Pradesh,"sudamapuri road ganjdundwara, Ganj Dundwara, Uttar Pradesh 207242, India",78.9373099,27.7345321
0,KNF,KHANUDIH,KHANUDIH Jharkhand,South Eastern Railway,Jharkhand,"Khanudih, Jharkhand, India",86.177719,23.7964617
0,RCF,KAPURTHALA RAIL COACH FACTORY,KAPURTHALA RAIL COACH FACTORY Punjab,Northern Railway,Punjab,"Rail Coach Factory, Hussainpur, Kapurthala, Rawal, Punjab, India",75.3441617,31.3238194
0,DPU,Diphu,Diphu Assam,North Frontier Railway,Assam,"Diphu, Assam, India",93.4401911,25.8441997
0,MMVR,Murgamahadev Rd,Murgamahadev Rd Odisha,South Eastern Railway,Odisha,"4F6C+23H, Deojhar, Odisha 758038, India",85.4702378,22.1100733
0,DUB,Dabtara,Dabtara Uttar Pradesh,Northern Railway,Uttar Pradesh,"Dabtara, Uttar Pradesh 243632, India",78.9465019,28.3903987
0,KEJ,KATHLEEGHAT,KATHLEEGHAT Himachal Pradesh,Northern Railway,Himachal Pradesh,"Kathleeghat, Kaithlighat, Himachal Pradesh 173234, India",77.103746,31.0216783
0,KDNL,Kadayanallur,Kadayanallur Tamil Nadu,Southern Railway,Tamil Nadu,"Kadayanallur, Tamil Nadu, India",77.3451861,9.0778543
0,NCR,MAJHIARI,MAJHIARI Tamil Nadu,Southern Railway,Tamil Nadu,"Tamil Nadu, India",78.6568942,11.1271225
0,TASA,Thippasandra,Thippasandra Karnataka,South Western Railway,Karnataka,"Thippasandra, Karnataka 560062, India",77.554777,12.8706769
0,LGCE,LAGARGAWAN,LAGARGAWAN Madhya Pradesh,West Central Railway,Madhya Pradesh,"Lagargawan, MP SH 11, Govrao Khurd, Madhya Pradesh 485001, India",80.8148758,24.4646238
0,LKN,Lakhminia,Lakhminia Bihar,East Central Railway,Bihar,"Lakhminia, Bihar 851211, India",86.328169,25.4106633
0,BAMA,Birambad,Birambad Rajasthan,North Eastern Railway,Rajasthan,"Birambad, Seedpur, Rajasthan 321410, India",77.3211381,26.9246107
0,FDB,Faridabad,Faridabad Haryana,Northern Railway,Haryana,"Faridabad, Haryana, India",77.3177894,28.4089123
0,DHN,Ramakunda Halt,Ramakunda Halt Jharkhand,East Central Railway,Jharkhand,"Ramakunda Halt, Ramakunda, Jharkhand 828306, India",86.2026,23.85285
0,NDZ,Nidigallu,Nidigallu Andhra Pradesh,South Central Railway,Andhra Pradesh,"Nidigallu, Andhra Pradesh, India",77.8310104,14.5433182
0,KRY,Kadiri,Kadiri Andhra Pradesh,South Central Railway,Andhra Pradesh,"Kadiri, Andhra Pradesh, India",78.1610702,14.1137566
0,NMGT,Nmg Tamdalge,Nmg Tamdalge Maharashtra,Central Railway,Maharashtra,"Maharashtra, India",75.7138884,19.7514798
0,LKDU,LANKALAKODERU,LANKALAKODERU Andhra Pradesh,South Central Railway,Andhra Pradesh,"Lankala Koderu, Andhra Pradesh 534250, India",81.6815743,16.526516
0,SNKL,Sankarankovil,Sankarankovil Tamil Nadu,Southern Railway,Tamil Nadu,"Sankarankoil, Tamil Nadu 627756, India",77.5351242,9.1777966
0,JN,Siliguri Jn,Siliguri Jn Gujarat,Western Railway,Gujarat,"Gujarat, India",71.5723953,22.6708317
0,BPRD,Barpeta Road,Barpeta Road Assam,North Frontier Railway,Assam,"Barpeta Road, Assam 781315, India",90.9701192,26.5016673
0,NLDA,Nalgonda,Nalgonda Telangana,South Central Railway,Telangana,"Nalgonda, Telangana, India",79.2683623,17.0577054
0,VM,Villupuram Jn,Villupuram Jn Tamil Nadu,Southern Railway,Tamil Nadu,"Viluppuram, Tamil Nadu, India",79.4861449,11.9401378
0,VGA,VEPAGUNTA,VEPAGUNTA Andhra Pradesh,Southern Railway,Andhra Pradesh,"Vepagunta, Visakhapatnam, Andhra Pradesh, India",83.2164644,17.7759818
0,PVZ,PARVEZPUR,PARVEZPUR Haryana,North Western Railway,Haryana,"Parvezpur, damkora, Sehar, Barahlu, Haryana 127308, India",75.7308886,28.5101654
0,SBB,Sahibabad,Sahibabad Uttar Pradesh,Northern Railway,Uttar Pradesh,"Sahibabad, Ghaziabad, Uttar Pradesh, India",77.3366816,28.6620078
0,AJIT,Ajit,Ajit Rajasthan,North Western Railway,Rajasthan,"Ajit, Rajasthan 344021, India",72.6772016,25.8587784
0,SAT,Sant Road,Sant Road Gujarat,Western Railway,Gujarat,"Santroad, Gujarat 389120, India",73.7981883,22.7997154
0,DXN,Duddhinagar,Duddhinagar Uttar Pradesh,East Central Railway,Uttar Pradesh,"Dudhinagar, Uttar Pradesh 231208, India",83.2402998,24.212895
0,ND,Nadiad Jn,Nadiad Jn Gujarat,Western Railway,Gujarat,"Nadiad, Gujarat, India",72.8633635,22.6915853
0,HMH,Hanumangarh Jn,Hanumangarh Jn Rajasthan,North Western Railway,Rajasthan,"3/362, RHB Colony Rd, Housing Board, Hanumangarh, Rajasthan 335512, India",74.2758152,29.6164623
0,KLYH,Kallur Yedahli,Kallur Yedahli Karnataka,South Western Railway,Karnataka,"9V6P+JJ3, Yadahalli, Daasegowdana Kopalu, Karnataka 571101, India",76.8865335,12.3615013
0,KHN,KHANYAN,KHANYAN West Bengal,Eastern Railway,West Bengal,"Khanyan, West Bengal, India",88.3215014,23.0489291
0,BANO,Bano,Bano Jharkhand,South Eastern Railway,Jharkhand,"Bano, Jharkhand 835201, India",84.9219115,22.6499173
0,HER,HER,HER Maharashtra,South Central Railway,Maharashtra,"Her, Maharashtra 413517, India",76.9815877,18.432663
0,SCV,SUKHCHAIN,SUKHCHAIN Haryana,North Western Railway,Haryana,"Sukhchain, Haryana 125201, India",75.0246062,29.7807303
0,BGRM,Biggabas Ramsar,Biggabas Ramsar Rajasthan,North Western Railway,Rajasthan,"Ramsar, Rajasthan 344502, India",70.8759841,25.7265584
0,RHMA,RAHAMA,RAHAMA Odisha,East Coast Railway,Odisha,"Rahama, Odisha, India",86.3820191,20.310028
0,KZU,KUNKI,KUNKI Jharkhand,South Eastern Railway,Jharkhand,"Gumgi, Jharkhand 815317, India",85.986639,24.5956994
0,SIR,Sirhind Jn,Sirhind Jn Punjab,Northern Railway,Punjab,"Sirhind, Punjab 140406, India",76.3863018,30.6245124
0,SURI,Siuri,Siuri West Bengal,Eastern Railway,West Bengal,"Suri, West Bengal, India",87.5268393,23.9129255
0,KAH,Kalhar,Kalhar Madhya Pradesh,West Central Railway,Madhya Pradesh,"Kulhar, Madhya Pradesh 464240, India",78.0623403,23.9696934
0,LSX,Loisingha,Loisingha Odisha,East Coast Railway,Odisha,"Loisingha, Odisha 767020, India",83.5096859,20.8605712
0,TVI,Taradevi,Taradevi Himachal Pradesh,Northern Railway,Himachal Pradesh,"Taradevi, Himachal Pradesh, India",77.1341351,31.0689357
0,BNDI,Barundani,Barundani Rajasthan,West Central Railway,Rajasthan,"Barundani, Rajasthan, India",74.9384135,25.1615512
0,BZR,Daniyawan Bzr H,Daniyawan Bzr H Odisha,South Eastern Railway,Odisha,"Odisha, India",84.2700179,20.2375561
0,BPS,BANPAS,BANPAS West Bengal,Eastern Railway,West Bengal,"Banpash, West Bengal, India",87.8107561,23.3849714
0,AVN,ANAVARDIKHANPET,ANAVARDIKHANPET Tamil Nadu,Southern Railway,Tamil Nadu,"Tamil Nadu, India",78.6568942,11.1271225
0,KUV,KUNDARA,KUNDARA Kerala,Southern Railway,Kerala,"Kundara, Kerala, India",76.6788091,8.9601841
0,AGN,Amgaon,Amgaon Maharashtra,South East Central Railway,Maharashtra,"Amgaon, Maharashtra 441902, India",80.3797834,21.3684301
0,JBX,Jabri,Jabri Madhya Pradesh,Western Railway,Madhya Pradesh,"Madhya Pradesh, India",78.6568942,22.9734229
0,BHP,Bolpur S Niktn,Bolpur S Niktn West Bengal,Eastern Railway,West Bengal,"Bolpur, West Bengal, India",87.6918921,23.671195
0,RMU,Ranpur,Ranpur Uttar Pradesh,Northern Railway,Uttar Pradesh,"Rampur, Uttar Pradesh 244901, India",79.0220287,28.798299
0,KMNC,Kuchaman City,Kuchaman City Rajasthan,North Western Railway,Rajasthan,"Kuchaman City, Rajasthan 341508, India",74.8565613,27.1470339
0,UD,Udupi,Udupi Karnataka,Konkan Railway,Karnataka,"Udupi, Karnataka, India",74.7421427,13.3408807
0,TPT,Tirupattur Jn,Tirupattur Jn Tamil Nadu,Southern Railway,Tamil Nadu,"Tirupathur, Tamil Nadu, India",78.5678407,12.4950124
0,HCR,Harischandrpur,Harischandrpur West Bengal,North Frontier Railway,West Bengal,"Harishchandrapur, West Bengal 732125, India",87.8669374,25.4068073
0,MRR,Murarai,Murarai West Bengal,Eastern Railway,West Bengal,"Murarai, West Bengal, India",87.8574308,24.4408528
0,RRS,Raghuraj Singh,Raghuraj Singh Uttar Pradesh,Northern Railway,Uttar Pradesh,"Raghuraj Singh, Chakpher Shah, Uttar Pradesh 209866, India",80.879453,26.255686
0,BUG,BAGAHAI ROAD,BAGAHAI ROAD Bihar,East Central Railway,Bihar,"Bagaha Rd, Bihar, India",85.4983319,26.7570504
0,DPS,Dangoaposi,Dangoaposi Jharkhand,South Eastern Railway,Jharkhand,"Dangoaposi, Jharkhand, India",85.589507,22.1700163
0,DBB,Dhubri,Dhubri Assam,North Frontier Railway,Assam,"Dhubri, Assam, India",89.9743463,26.0206982
0,ALAI,ALAI,ALAI Rajasthan,North Western Railway,Rajasthan,"Alai, Rajasthan 341001, India",73.5770446,27.3263339
0,PLGH,Kallakkudi PLGH,Kallakkudi PLGH Uttar Pradesh,North Eastern Railway,Uttar Pradesh,"Uttar Pradesh, India",80.0981869,27.5705886
0,DEV,DEVARAYI,DEVARAYI Karnataka,South Western Railway,Karnataka,"Devarai, Karnataka 591301, India",74.5668327,15.4590363
0,ULU,ULUNDURPET,ULUNDURPET Tamil Nadu,Southern Railway,Tamil Nadu,"Ulundurpet, Tamil Nadu 606107, India",79.2884654,11.6773811
0,BLQR,Bilaspur Road,Bilaspur Road Uttar Pradesh,North Eastern Railway,Uttar Pradesh,"Bilaspur Rd, Uttar Pradesh, India",79.2064578,28.9177215
0,JRLI,Jaroli,Jaroli Odisha,South Eastern Railway,Odisha,"Jaroli, Odisha 758034, India",85.420791,21.9378781
0,KNS,Kanchausi,Kanchausi Uttar Pradesh,North Central Railway,Uttar Pradesh,"Kanchausi, Uttar Pradesh 206246, India",79.6354729,26.5979273
0,SDLP,Sadulpur Jn,Sadulpur Jn Rajasthan,North Western Railway,Rajasthan,"Sadulpur, Rajasthan 331023, India",75.3820239,28.6353435
0,ZB,Zahirabad,Zahirabad Telangana,South Central Railway,Telangana,"Zaheerabad, Telangana, India",77.6050959,17.6795276
0,DDU,Dd Upadhyaya Jn,Dd Upadhyaya Jn Uttar Pradesh,East Central Railway,Uttar Pradesh,"PT. Deen Dayal Upadhyaya Junction, 232101 Pandit Dindayal Upadhyaya Marg Pandit Dindayal Upadhyay Nagar Uttaresh, Mughalsarai, Uttar Pradesh 276001, India",83.1207476,25.280437
0,NSL,Nagarsol,Nagarsol Maharashtra,South Central Railway,Maharashtra,"Nagarsul, Maharashtra 423403, India",74.528751,20.1092692
0,KQR,Koderma Jn,Koderma Jn Jharkhand,East Central Railway,Jharkhand,"Koderma Junction, Jhumri Telaiya, Jharkhand 825409, India",85.5289122,24.4346922
0,KLKA,Koilakuntla,Koilakuntla Andhra Pradesh,South Central Railway,Andhra Pradesh,"Koilkuntla, Andhra Pradesh 518134, India",78.3161236,15.2325828
0,BALU,Balugaon,Balugaon Odisha,East Coast Railway,Odisha,"Balugaon, Odisha 752070, India",85.1129236,20.1783322
0,RUPC,Rudrapur City,Rudrapur City Uttarakhand,North Eastern Railway,Uttarakhand,"Rudrapur, Uttarakhand, India",79.4141214,28.9875082
0,BVNR,Bhavani Nagar,Bhavani Nagar Maharashtra,Central Railway,Maharashtra,"Bhavaninagar, Maharashtra 415302, India",74.3125545,17.1550379
0,BNKI,Banmankhi Jn,Banmankhi Jn Bihar,East Central Railway,Bihar,"Banmankhi, Bihar 854202, India",87.1912482,25.889057
0,HNM,HINAUTARAMBAN,HINAUTARAMBAN Madhya Pradesh,West Central Railway,Madhya Pradesh,"Hinautaramban, Madhya Pradesh 485111, India",80.9647135,24.569322
0,KDMR,Kodiyar Mandir,Kodiyar Mandir Gujarat,Western Railway,Gujarat,"Gujarat, India",71.5723953,22.6708317
0,NAC,Nawa City,Nawa City Rajasthan,North Western Railway,Rajasthan,"Nawa, Rajasthan 341509, India",75.0043033,27.0223997
0,TAO,TAMNA,TAMNA West Bengal,South Eastern Railway,West Bengal,"Tamna, West Bengal 723153, India",86.3503495,23.2597419
0,BDNK,Bodinayakkanur,Bodinayakkanur Tamil Nadu,Southern Railway,Tamil Nadu,"Bodinayakanur, Tamil Nadu, India",77.3497332,10.0087857
0,ABKA,Ambika Kalna,Ambika Kalna West Bengal,Eastern Railway,West Bengal,"Kalna, West Bengal 713409, India",88.3528538,23.2164297
0,MGB,MUDIGUBBA,MUDIGUBBA Andhra Pradesh,South Central Railway,Andhra Pradesh,"Mudigubba, Andhra Pradesh, India",77.9959444,14.3510995
0,GGAR,GANGADHARA,GANGADHARA Gujarat,Western Railway,Gujarat,"Gangadhara, Gujarat, India",73.0422279,21.1348121
0,KMNR,Kamalnagar,Kamalnagar Karnataka,South Central Railway,Karnataka,"Kulakod, Karnataka 581334, India",74.4607226,14.282637
0,GHNA,Gohana,Gohana Haryana,Northern Railway,Haryana,"Gohana, Haryana 131301, India",76.6944877,29.1393132
0,RNL,Ranala,Ranala Maharashtra,Western Railway,Maharashtra,"Ranala, Maharashtra, India",79.1792004,21.2043745
0,BAQ,Ganj Basoda,Ganj Basoda Madhya Pradesh,West Central Railway,Madhya Pradesh,"Ganj Basoda, Madhya Pradesh 464221, India",77.9370968,23.8493926
0,BKJ,Barkur,Barkur Karnataka,Konkan Railway,Karnataka,"Barkurpete, Karnataka 576210, India",74.7492098,13.4671736
0,SIHO,Siho,Siho Bihar,East Central Railway,Bihar,"Siho, Bihar 843119, India",85.5161612,26.0060986
0,JN,Khairar Jn,Khairar Jn Gujarat,Western Railway,Gujarat,"Gujarat, India",71.5723953,22.6708317
0,KMLM,KELAMANGALAM,KELAMANGALAM Tamil Nadu,South Western Railway,Tamil Nadu,"Kelamangalam, Tamil Nadu 635113, India",77.8531249,12.602894
0,FL,Phulera Jn,Phulera Jn Rajasthan,North Western Railway,Rajasthan,"Phulera, Rajasthan, India",75.2454159,26.8767313
0,ISH,Isarwara,Isarwara Madhya Pradesh,West Central Railway,Madhya Pradesh,"Ishurwara, Madhya Pradesh 470115, India",78.5477468,23.9295211
0,BRGW,Bargawan,Bargawan Madhya Pradesh,West Central Railway,Madhya Pradesh,"Bargawan, Madhya Pradesh 486892, India",82.4522573,24.1991832
0,FZR,Firozpur Cant,Firozpur Cant Punjab,Northern Railway,Punjab,"Ferozepur Cantt, Punjab, India",74.6224755,30.9107385
0,KKN,Khirkiya,Khirkiya Madhya Pradesh,West Central Railway,Madhya Pradesh,"Khirkiya, Madhya Pradesh, India",76.8663307,22.1734507
0,BSP,Bilaspur Jn,Bilaspur Jn Chhatisgarh,South East Central Railway,Chhatisgarh,"Bilaspur, Chhattisgarh 495001, India",82.1409152,22.0796545
0,KUCE,Kuchai,Kuchai Odisha,South Eastern Railway,Odisha,"Kuchai, Odisha 757105, India",86.6938392,22.011473
0,TSR,Tsunduru,Tsunduru Andhra Pradesh,South Central Railway,Andhra Pradesh,"Tsunduru, Andhra Pradesh, India",80.5833296,16.1588948
0,TN,Tuticorin,Tuticorin Tamil Nadu,Southern Railway,Tamil Nadu,"Thoothukudi, Tamil Nadu, India",78.1348361,8.7641661
0,NDRT,NANGAL DEGROTA,NANGAL DEGROTA Haryana,North Western Railway,Haryana,"Digrota, Haryana 123024, India",76.0167054,28.3553571
0,PUNE,Pune Jn,Pune Jn Maharashtra,Central Railway,Maharashtra,"Pune, Ambegaon Budruk, Pune, Maharashtra 411001, India",73.8742466,18.5292922
0,CRP,Chandrapura Jn,Chandrapura Jn Jharkhand,East Central Railway,Jharkhand,"Chandrapura, Jharkhand 828403, India",86.1186865,23.7470083
0,JGA,Jogiara,Jogiara Bihar,East Central Railway,Bihar,"Yogiara, Bihar 847302, India",85.750001,26.4110681
0,APTA,APTA,APTA Maharashtra,Central Railway,Maharashtra,"Apta, Maharashtra, India",73.1305349,18.8515668
0,GOM,Gogamukh,Gogamukh Assam,North Frontier Railway,Assam,"Gogamukh, Assam, India",94.315012,27.4346283
0,RDP,Radhikapur,Radhikapur West Bengal,North Frontier Railway,West Bengal,"Radhikapur, West Bengal 733129, India",88.4415998,25.6412417
0,RWJ,Rawania Dungar,Rawania Dungar Rajasthan,West Central Railway,Rajasthan,"Rawanjna Dungar, Shyopura, Rajasthan 322001, India",76.3140198,25.8894453
0,PRRB,Prayagrajrambag,Prayagrajrambag ,,,"Rambagh, Prayagraj, Uttar Pradesh 211003, India",81.8504396,25.438746
0,RWO,Ranavav,Ranavav Gujarat,Western Railway,Gujarat,"Ranavav, Gujarat 360550, India",69.7435857,21.6833775
0,GJTA,GURUDIJHATIA,GURUDIJHATIA Odisha,East Coast Railway,Odisha,"Gurudijhatia, Odisha 754025, India",85.8050987,20.5633145
0,SBLT,Lathi,Lathi Rajasthan,North Western Railway,Rajasthan,"Lathi, Rajasthan 345031, India",71.5168155,27.0366414
0,GTX,Gothangam,Gothangam Gujarat,Western Railway,Gujarat,"Gothangam, Gothan, Gujarat 394130, India",72.8792003,21.2905737
0,DGO,Durgauti,Durgauti Bihar,East Central Railway,Bihar,"Durganti, Bihar 821105, India",83.513202,25.2161152
0,TUJ,Tanijan,Tanijan Assam,North Frontier Railway,Assam,"Tunijan, NH 52, Thikajan Gaon, Assam 784160, India",93.8984165,27.1289756
0,KGI,Kengeri,Kengeri Karnataka,South Western Railway,Karnataka,"Kengeri, Bengaluru, Karnataka 560060, India",77.4826837,12.8996676
0,KBE,KUREBHAR,KUREBHAR Uttar Pradesh,Northern Railway,Uttar Pradesh,"Kurebhar, Uttar Pradesh 228151, India",82.1215072,26.4128273
0,AZP,AYYAMPET,AYYAMPET Tamil Nadu,Southern Railway,Tamil Nadu,"Ayyampettai, Tamil Nadu, India",79.1943534,10.89629
0,DZKT,Durgachak Town,Durgachak Town West Bengal,South Eastern Railway,West Bengal,"Durga Chak Town, Durgachak, Haldia, West Bengal 721606, India",88.1354096,22.0664123
0,PRNT,PERIYANAGATHUNAI,PERIYANAGATHUNAI Tamil Nadu,South Western Railway,Tamil Nadu,"Periya Nagathunai, Tamil Nadu 635113, India",77.9112318,12.5594457
0,IDGJ,IRADATGANJ,IRADATGANJ Uttar Pradesh,North Central Railway,Uttar Pradesh,"Iradatganj, Uttar Pradesh 212111, India",81.8251687,25.3263118
0,BDBA,Badabandha,Badabandha Odisha,East Coast Railway,Odisha,"Badabandha, Odisha, India",84.4251445,20.6492663
0,ATQ,Arantangi,Arantangi Tamil Nadu,Southern Railway,Tamil Nadu,"Aranthangi, Tamil Nadu 614616, India",78.9979149,10.1730375
0,SEE,Ismaila Haryana,Ismaila Haryana Bihar,East Central Railway,Bihar,"Bihar, India",85.2722472,25.9644427
0,MYD,Manderdisa,Manderdisa Assam,North Frontier Railway,Assam,"Manderdisa - I, Assam 788832, India",93.136276,25.655355
0,SEO,Seohara,Seohara Uttar Pradesh,Northern Railway,Uttar Pradesh,"Seohara, Uttar Pradesh 246746, India",78.5944718,29.2012596
0,SIRD,SIRD,SIRD Rajasthan,North Western Railway,Rajasthan,"Rajasthan, India",74.2179326,27.0238036
0,SBRM,Sabroom,Sabroom Tripura,North Frontier Railway,Tripura,"Sabroom, Tripura 799145, India",91.7198215,23.0097804
0,PRU,Parlu,Parlu Rajasthan,North Western Railway,Rajasthan,"Parlu, Rajasthan 344027, India",72.4332117,25.8215476
0,MNSR,Manaksar,Manaksar Rajasthan,North Western Railway,Rajasthan,"Manaksar, Rajasthan 335065, India",74.3866039,29.6660489
0,MQC,MUNDKA,MUNDKA Delhi,Northern Railway,Delhi,"Mundka, Delhi, India",77.034937,28.6823144
0,DNR,BUDHDEVCHAK Y NAGAR,BUDHDEVCHAK Y NAGAR Bihar,East Central Railway,Bihar,"Yamuna Nagar, Aurangabad, Bihar 824101, India",84.3829539,24.7398598
0,HDN,Haidarnagar,Haidarnagar Jharkhand,East Central Railway,Jharkhand,"Haidar Nagar, Jharkhand 822115, India",83.944655,24.4870089
0,BDL,Vindhyachal,Vindhyachal Uttar Pradesh,North Frontier Railway,Uttar Pradesh,"Vindhyachal, Mirzapur, Uttar Pradesh 231307, India",82.5036997,25.1577106
0,STPD,Sitafal Mandi,Sitafal Mandi Telangana,South Central Railway,Telangana,"Seethaphalmandi, Padmarao Nagar, Hyderabad, Secunderabad, Telangana, India",78.5193163,17.4267948
0,ARR,Arariya,Arariya Bihar,North Frontier Railway,Bihar,"Araria, Bihar, India",87.4528067,26.1324689
0,BG,Bhongir,Bhongir Telangana,South Central Railway,Telangana,"Bhuvanagiri, Telangana, India",78.8802139,17.507769
0,MTPC,Motipura Chauki,Motipura Chauki Rajasthan,West Central Railway,Rajasthan,"Motipura Chauki, SH 51, Bhatkhera at Faridpur, Rajasthan 325220, India",77.048487,24.6093954
0,BHT,Bhattu,Bhattu Haryana,North Western Railway,Haryana,"Bhattu Mandi, Haryana 125053, India",75.3373072,29.385233
0,SEV,Sithalavai,Sithalavai Tamil Nadu,Southern Railway,Tamil Nadu,"Sithalavai, Tamil Nadu, India",78.230526,10.9050296
0,BRBL,BIRAHALLI,BIRAHALLI Karnataka,South Western Railway,Karnataka,"Bidarahalli, Karnataka 560049, India",77.7158771,13.0613596
0,LAA,LAKHPAT,LAKHPAT Gujarat,Western Railway,Gujarat,"Lakhpat, Gujarat 370627, India",68.7691533,23.8144527
0,JL,Jalgaon Jn,Jalgaon Jn Maharashtra,Central Railway,Maharashtra,"Jalgaon, Maharashtra, India",75.5626039,21.0076578
0,KVU,Kadakavur,Kadakavur Kerala,Southern Railway,Kerala,"Kadakkavoor, Kerala, India",76.7710316,8.6832224
0,DRL,Derol,Derol Gujarat,Western Railway,Gujarat,"Derol, Gujarat, India",72.9312921,21.7671315
0,AMSA,Ammasandra,Ammasandra Karnataka,South Western Railway,Karnataka,"Adityapatna, Karnataka 572211, India",76.7148927,13.268916
0,MHV,Mahuva Jn,Mahuva Jn Gujarat,Western Railway,Gujarat,"Mahuva, Gujarat 364290, India",71.7704631,21.0921598
0,KUD,Kudachi,Kudachi Karnataka,South Western Railway,Karnataka,"Kudachi(R), Karnataka 591311, India",74.8510482,16.624827
0,DWD,DHEKVAD,DHEKVAD Maharashtra,Western Railway,Maharashtra,"Maharashtra, India",75.7138884,19.7514798
0,SPZ,Sampla,Sampla Haryana,Northern Railway,Haryana,"Sampla, Haryana 124501, India",76.7720244,28.7739117
0,RD,Panchtalavda Rd,Panchtalavda Rd Bihar,East Central Railway,Bihar,"Bihar, India",85.2722472,25.9644427
0,KEPR,Koiripur,Koiripur Uttar Pradesh,Northern Railway,Uttar Pradesh,"Koiripur, Uttar Pradesh, India",82.3417981,26.0297003
0,SKB,Shikohabad Jn,Shikohabad Jn Uttar Pradesh,North Central Railway,Uttar Pradesh,"Shikohabad Junction, Shikohabad, Uttar Pradesh 283141, India",78.5755779,27.0862449
0,API,AKKARAIPPATTI,AKKARAIPPATTI Tamil Nadu,Southern Railway,Tamil Nadu,"Akkaraippatti, National Highway 209, Kuthathupatti, Tamil Nadu 624709, India",77.9226258,10.3998859
0,BMPR,Badampahar,Badampahar Odisha,South Eastern Railway,Odisha,"Badampahar, Odisha, India",86.1115583,22.0880314
0,POU,Padrauna,Padrauna Uttar Pradesh,North Eastern Railway,Uttar Pradesh,"Padrauna, Uttar Pradesh, India",83.9797173,26.8983907
0,VTE,VENKATAGIRI KOTE HALT,VENKATAGIRI KOTE HALT Karnataka,South Western Railway,Karnataka,"Venkatagiri Kote, Karnataka 562110, India",77.7334051,13.3273361
0,MAKR,Bina Malkhedi,Bina Malkhedi Madhya Pradesh,West Central Railway,Madhya Pradesh,"Bina Malkhedi Junction, Malkhedi Railway Station Rd, Hiranchipa, Bina, Madhya Pradesh 470113, India",78.2235304,24.1706565
0,IRP,IRAVIPURAM,IRAVIPURAM Kerala,Southern Railway,Kerala,"Eravipuram, Kollam, Kerala, India",76.6196097,8.8596135
0,KJ,KAJGAON,KAJGAON Maharashtra,Central Railway,Maharashtra,"Kajgaon, Maharashtra 424103, India",75.1443226,20.5714077
0,NHK,Naharkatiya,Naharkatiya Assam,North Frontier Railway,Assam,"Naharkatia, Assam 786610, India",95.325754,27.2862086
0,MOA,MANOPAD,MANOPAD Telangana,South Central Railway,Telangana,"Manopad, Telangana 509128, India",77.9413044,15.9640476
0,MHRG,Mahendragarh,Mahendragarh Haryana,North Western Railway,Haryana,"Mahendragarh, Haryana, India",76.1401349,28.2734201
0,BTQ,Betnoti,Betnoti Odisha,South Eastern Railway,Odisha,"Betnoti, Odisha 757025, India",86.8431671,21.7399401
0,NVT,NAVIPET,NAVIPET Telangana,South Central Railway,Telangana,"Navipet, Telangana 503245, India",78.0152864,18.7712892
0,FAN,Fatehnagar,Fatehnagar Rajasthan,North Western Railway,Rajasthan,"Fatehnagar, Rajasthan, India",74.0953435,24.8149754
0,PRND,PERINAD,PERINAD Kerala,Southern Railway,Kerala,"Perinad, Kerala, India",76.6080162,8.943007
0,MBB,Murshidabad,Murshidabad West Bengal,Eastern Railway,West Bengal,"Murshidabad, West Bengal 742149, India",88.2801785,24.1759039
0,DKAE,Dankuni,Dankuni West Bengal,Eastern Railway,West Bengal,"Dankuni, West Bengal, India",88.2970142,22.6809296
0,UHR,Unchhera,Unchhera Madhya Pradesh,West Central Railway,Madhya Pradesh,"Unchhera, Uchahera, Unchehara, Madhya Pradesh 485661, India",80.7942316,24.380842
0,JOP,Jaunpur City,Jaunpur City Uttar Pradesh,Northern Railway,Uttar Pradesh,"Jaunpur, Uttar Pradesh, India",82.6837033,25.7464145
0,HTZ,Hathidah Jn,Hathidah Jn Bihar,East Central Railway,Bihar,"Hathidah Junction, Murarpur, Bihar 803301, India",85.9878595,25.3652415
0,MKRN,Makronia,Makronia Madhya Pradesh,West Central Railway,Madhya Pradesh,"Makroniya, Madhya Pradesh, India",78.7957856,23.8553505
0,PTRL,PATHRALA,PATHRALA Punjab,North Western Railway,Punjab,"Pathrala, Punjab 151401, India",74.752726,30.000337
0,SDGH,Sri Dungargarh,Sri Dungargarh Rajasthan,North Western Railway,Rajasthan,"Shri Dungargarh, Rajasthan, India",74.0060083,28.0943694
0,SHE,Seoraphuli,Seoraphuli West Bengal,Eastern Railway,West Bengal,"Sheoraphuli, West Bengal, India",88.3220385,22.7705131
0,UCR,Unchahar Jn,Unchahar Jn Uttar Pradesh,Northern Railway,Uttar Pradesh,"Unchahar, Uttar Pradesh, India",81.3014284,25.90407
0,BSPR,Bishrampur,Bishrampur Chhatisgarh,South East Central Railway,Chhatisgarh,"Bishrampur, Chhattisgarh 497226, India",82.9675226,23.1853347
0,NMGY,Numaligarh,Numaligarh Assam,North Frontier Railway,Assam,"Numaligarh, Assam, India",93.7485874,26.5885005
0,CIL,Chilbila Jn,Chilbila Jn Uttar Pradesh,Northern Railway,Uttar Pradesh,"Chilbila, Uttar Pradesh 230403, India",82.0071051,25.9478579
0,NIR,Nainpur Jn,Nainpur Jn Madhya Pradesh,South East Central Railway,Madhya Pradesh,"Nainpur, Madhya Pradesh 481776, India",80.1095601,22.4266058
0,DY,Dumariya,Dumariya Rajasthan,West Central Railway,Rajasthan,"Dumariya, Rajasthan, India",77.2548837,26.8663629
0,ABSA,AMBASA,AMBASA Tripura,North Frontier Railway,Tripura,"Ambassa, Tripura, India",91.8512714,23.921233
0,JGR,Jaswantnagar,Jaswantnagar Uttar Pradesh,North Central Railway,Uttar Pradesh,"Jaswantnagar, Uttar Pradesh 206245, India",78.9060451,26.8818707
0,SBI,Pimpri,Pimpri Gujarat,Western Railway,Gujarat,"Pimpari, Gujarat 394710, India",73.616826,20.8013051
0,TLWA,Thalwara,Thalwara Bihar,East Central Railway,Bihar,"Thalwara, Bihar 846002, India",85.8950065,26.0748751
0,BABR,BALANAGAR,BALANAGAR Telangana,South Central Railway,Telangana,"Balanagar, Hyderabad, Telangana, India",78.4489935,17.4813993
0,MLHA,Maliya Hatina,Maliya Hatina Gujarat,Western Railway,Gujarat,"Maliya Hatina, Malia, Gujarat 362245, India",70.2994026,21.1598576
0,BYT,Bhatapara,Bhatapara Chhatisgarh,South East Central Railway,Chhatisgarh,"Bhatapara, Chhattisgarh 493118, India",81.947318,21.7370549
0,JHIR,JHIR,JHIR Rajasthan,North Western Railway,Rajasthan,"Jhar, Rajasthan 303305, India",76.1305457,26.8559694
0,BNP,Bhanapur,Bhanapur Karnataka,South Western Railway,Karnataka,"Bhanapur, Karnataka 583238, India",76.0384656,15.3874478
0,BAW,Banavar,Banavar Karnataka,South Western Railway,Karnataka,"Banavara, Karnataka 573112, India",76.1620258,13.4069216
0,GDR,Gudur Jn,Gudur Jn Andhra Pradesh,South Central Railway,Andhra Pradesh,"Gudur, Andhra Pradesh 524101, India",79.8503809,14.1463424
0,SES,SEMARI,SEMARI Rajasthan,North Western Railway,Rajasthan,"Semari, Rajasthan 313903, India",73.8566087,24.0555313
0,TDH,TINDHARIA,TINDHARIA West Bengal,North Frontier Railway,West Bengal,"Tindharia, Cart Road, West Bengal 734223, India",88.3333651,26.8529791
0,PAO,Panoli,Panoli Gujarat,Western Railway,Gujarat,"Panoli, Gujarat, India",72.9701313,21.5352535
0,KFV,Kundara East,Kundara East Kerala,Southern Railway,Kerala,"Kundara, Kerala, India",76.6788091,8.9601841
0,SVS,Srinivasapura,Srinivasapura Karnataka,South Western Railway,Karnataka,"Srinivaspur, Karnataka 563135, India",78.2077368,13.3305066
0,RENH,RENHAT,RENHAT Madhya Pradesh,West Central Railway,Madhya Pradesh,"Renhat, Madhya Pradesh 475330, India",77.8453043,25.9838846
0,GTNR,Gomati Nagar,Gomati Nagar Uttar Pradesh,North Eastern Railway,Uttar Pradesh,"Gomti Nagar, Lucknow, Uttar Pradesh, India",81.0072193,26.8496217
0,KPP,Kalapipal,Kalapipal Madhya Pradesh,Western Railway,Madhya Pradesh,"Kalapipal Mandi, Madhya Pradesh 465337, India",76.8377803,23.3386527
0,SSG,Shiu Sagar Road,Shiu Sagar Road Bihar,East Central Railway,Bihar,"Shiu Sagar Road, Bihar 821111, India",83.8943419,24.9993688
0,KLM,KADLIMATTI,KADLIMATTI Karnataka,South Western Railway,Karnataka,"Kadlimatti, Karnataka 587115, India",75.7960106,16.2345048
0,ETMD,Ettimadai,Ettimadai Tamil Nadu,Southern Railway,Tamil Nadu,"Ettimadai, Tamil Nadu 641112, India",76.9087926,10.8899686
0,JPE,Jalpaiguri Road,Jalpaiguri Road West Bengal,North Frontier Railway,West Bengal,"Old Police Line Rd, Jalpaiguri, West Bengal 735101, India",88.7160125,26.5326937
0,RJB,Rajabera,Rajabera Jharkhand,East Central Railway,Jharkhand,"Rajabera, Jharkhand 833213, India",85.3226683,22.2562689
0,PTI,PATIALI,PATIALI Uttar Pradesh,North Eastern Railway,Uttar Pradesh,"Patiali, Uttar Pradesh, India",78.9970128,27.688415
0,BBN,Barabil,Barabil Odisha,South Eastern Railway,Odisha,"Barbil, Odisha, India",85.3858538,22.1112096
0,HNPA,HANDAPA,HANDAPA Odisha,East Coast Railway,Odisha,"Handapa, Odisha 759127, India",84.6884426,20.9531379
0,KWV,Kurduvadi,Kurduvadi Maharashtra,Central Railway,Maharashtra,"Kurduvadi, Maharashtra 413208, India",75.4249021,18.0974835
0,SEM,Seram,Seram Karnataka,South Central Railway,Karnataka,"Sedam, Karnataka 585222, India",77.2872658,17.1783909
0,SRC,Santragachi Jn,Santragachi Jn West Bengal,South Eastern Railway,West Bengal,"Santragachi, Howrah, West Bengal, India",88.2838601,22.5852017
0,RPRD,Rupra Road,Rupra Road Odisha,East Coast Railway,Odisha,"Rupraroad, Odisha, India",83.3188123,20.0958527
0,KNP,Khanapur,Khanapur Karnataka,South Western Railway,Karnataka,"Khanapur, Karnataka, India",74.5170319,15.6406634
0,SEH,Sehore,Sehore Madhya Pradesh,Western Railway,Madhya Pradesh,"Sehore, Madhya Pradesh 466001, India",77.0844044,23.2032399
0,SBZ,Siswa Bazar,Siswa Bazar Uttar Pradesh,North Eastern Railway,Uttar Pradesh,"Siswa Bazar, Uttar Pradesh 273163, India",83.7597505,27.1496918
0,PSLI,PARSOLI,PARSOLI Rajasthan,West Central Railway,Rajasthan,"Parsoli, Rajasthan 312022, India",74.8843371,25.1082221
0,AMPL,AMMAPALLI HALT,AMMAPALLI HALT Bihar,Eastern Railway,Bihar,"Ammapali, National Highway 80, Koriachak, Bihar 813209, India",87.458575,25.2722371
0,KTYM,VALLATTOLNAGAR,VALLATTOLNAGAR Kerala,Southern Railway,Kerala,"Kerala, India",76.6412712,10.1631526
0,MRA,Morena,Morena Madhya Pradesh,North Central Railway,Madhya Pradesh,"Morena, Madhya Pradesh 476001, India",77.9940222,26.4947172
0,PAS,Pasur,Pasur Tamil Nadu,Southern Railway,Tamil Nadu,"Pasur, Tamil Nadu 638154, India",77.8531651,11.2393791
0,KRNR,Krishnarajnagar,Krishnarajnagar Karnataka,South Western Railway,Karnataka,"Krishnarajanagara, Karnataka 571602, India",76.3810922,12.4400123
0,BHB,Badla Ghat,Badla Ghat Bihar,East Central Railway,Bihar,"Badlaghat, Bihar, India",86.5829699,25.5550519
0,VKD,Bakhrabad,Bakhrabad West Bengal,South Eastern Railway,West Bengal,"Bakhrabad, West Bengal 721424, India",87.3736292,22.1249852
0,SUD,Sudhani,Sudhani Bihar,North Frontier Railway,Bihar,"Sudhani, Bihar 854317, India",87.8827125,25.7269344
0,BKP,Bakhtiyarpur Jn,Bakhtiyarpur Jn Bihar,East Central Railway,Bihar,"Bakhtiarpur, Bihar 803212, India",85.539154,25.4547359
0,TDD,Tadepalligudem,Tadepalligudem Andhra Pradesh,South Central Railway,Andhra Pradesh,"Tadepalligudem, Andhra Pradesh, India",81.5316033,16.8072523
0,SZR,Sarupathar,Sarupathar Assam,North Frontier Railway,Assam,"Sarupathar, Assam 785601, India",93.8625972,26.1950947
0,EKM,Ekambarakuppam,Ekambarakuppam Andhra Pradesh,Southern Railway,Andhra Pradesh,"Ekambarakuppam, Andhra Pradesh, India",79.567368,13.3150251
0,SFX,SAFILGUDA,SAFILGUDA Telangana,South Central Railway,Telangana,"Safilguda, Malkajgiri, Secunderabad, Telangana, India",78.540217,17.464594
0,DRN,DEORANIAN,DEORANIAN Uttar Pradesh,North Eastern Railway,Uttar Pradesh,"Deoranian, Uttar Pradesh 243203, India",79.4872619,28.6188663
0,NIL,D Samudhravalli,D Samudhravalli Kerala,Southern Railway,Kerala,"D.Samudravalli, Karnataka 573225, India",76.2971463,12.904374
0,MCZ,MAHABUANG,MAHABUANG Jharkhand,South Eastern Railway,Jharkhand,"Mahabuang, Jharkhand 835201, India",84.9531416,22.7222098
0,KLB,Kiraoli,Kiraoli Uttar Pradesh,North Eastern Railway,Uttar Pradesh,"Kiraoli, Uttar Pradesh 283122, India",77.7852575,27.1367245
0,DHE,Dobhi,Dobhi Uttar Pradesh,North Eastern Railway,Uttar Pradesh,"Dobhi, Uttar Pradesh 222139, India",82.6942419,25.9781602
0,PDJ,Phiding,Phiding Assam,North Frontier Railway,Assam,"Phiding, Assam 788830, India",93.144671,25.205206
0,TIHU,TIHU,TIHU Assam,North Frontier Railway,Assam,"Tihu, Assam, India",91.2674411,26.475753
0,RGS,Ringas JN,Ringas JN Rajasthan,North Western Railway,Rajasthan,"Reengus, Rajasthan 332404, India",75.5579722,27.3766238
0,JRA,Jaraikela,Jaraikela Jharkhand,South Eastern Railway,Jharkhand,"Oldage Home,Rimidih,makranda, 843C+9XW, Jaraikela, Manoharpur, Jharkhand 833106, India",85.1224448,22.303492
0,GAR,Gadarwara,Gadarwara Madhya Pradesh,West Central Railway,Madhya Pradesh,"Gadarwara, Madhya Pradesh 487551, India",78.7834059,22.9225495
0,GIN,GINIGERA,GINIGERA Karnataka,South Western Railway,Karnataka,"Ginigera, Karnataka 583228, India",76.2493603,15.3499423
0,SJHG,Basuachak Halt,Basuachak Halt ,East Central Railway,,"Basuchak, Uttar Pradesh 233306, India",83.3428697,25.5251037
0,PNBE,MANJHAULIGRAM H,MANJHAULIGRAM H Bihar,East Central Railway,Bihar,"Manjhauligram Halt, Rukunpura, Bihar 803202, India",85.42041,25.47855
0,BHA,Bhandai Jn,Bhandai Jn Uttar Pradesh,North Central Railway,Uttar Pradesh,"Bhandai, Uttar Pradesh, India",77.965299,27.0800185
0,PLD,Paldhi,Paldhi Maharashtra,Western Railway,Maharashtra,"Paldhi, Maharashtra 425103, India",75.4548646,21.0245349
0,TDR,Tiruvidalmarudr,Tiruvidalmarudr Tamil Nadu,Southern Railway,Tamil Nadu,"Thiruvidaimaruthur, Tamil Nadu, India",79.4523697,10.9972352
0,JOBA,JOBA,JOBA Madhya Pradesh,West Central Railway,Madhya Pradesh,"Joba, Madhya Pradesh, India",81.9425701,24.2040703
0,ADL,Andul,Andul West Bengal,South Eastern Railway,West Bengal,"Andul, Howrah, West Bengal, India",88.2437502,22.5943202
0,SVV,SRIVAIKUNTAM,SRIVAIKUNTAM Tamil Nadu,Southern Railway,Tamil Nadu,"Srivaikuntam, Tamil Nadu, India",77.913242,8.6322418
0,CYI,Chhayapuri,Chhayapuri Gujarat,Western Railway,Gujarat,"Chhayapuri Railway Station, Chhani, Vadodara, Gujarat 391740, India",73.1655099,22.3712332
0,DBSI,Dayabasti,Dayabasti Delhi,Northern Railway,Delhi,"Daya Basti, Delhi, India",77.1729605,28.669285
0,PDZ,Pilioda,Pilioda Rajasthan,West Central Railway,Rajasthan,"Pilauda, Rajasthan 322205, India",76.8346161,26.5959828
0,DKY,DHOKI,DHOKI Maharashtra,Central Railway,Maharashtra,"Dhoki Town, Maharashtra 413508, India",76.1044506,18.3712458
0,KBL,Koppal,Koppal Karnataka,South Western Railway,Karnataka,"Koppal, Karnataka, India",76.1567298,15.3504652
0,TLH,Tilhar,Tilhar Uttar Pradesh,Northern Railway,Uttar Pradesh,"Tilhar, Uttar Pradesh 242307, India",79.7370938,27.961879
0,MFX,MADARAHA,MADARAHA Uttar Pradesh,North Central Railway,Uttar Pradesh,"Madaraha, Uttar Pradesh 212301, India",82.0185749,25.1606914
0,DNA,Degana Jn,Degana Jn Rajasthan,North Western Railway,Rajasthan,"Degana, Rajasthan 341503, India",74.3244451,26.8947571
0,BVQ,Bhilavdi,Bhilavdi Maharashtra,Central Railway,Maharashtra,"Bhilawadi, Maharashtra 416303, India",74.4730782,16.9789114
0,MNI,Mangaon,Mangaon Maharashtra,Konkan Railway,Maharashtra,"Mangaon, Maharashtra 402104, India",73.281696,18.2382428
0,NHY,Naganahalli,Naganahalli Karnataka,South Western Railway,Karnataka,"Naganahalli, Karnataka 570003, India",76.6521006,12.3787013
0,WADI,Wadi,Wadi Karnataka,Central Railway,Karnataka,"Wadi, Karnataka 585225, India",76.993913,17.0667348
0,DNM,Dhanmandal,Dhanmandal Odisha,East Coast Railway,Odisha,"Dhanmandal, Odisha, India",86.1274701,20.6860625
0,DRB,Debari,Debari Rajasthan,North Western Railway,Rajasthan,"Debari, Rajasthan 313024, India",73.8154394,24.6054469
0,NGAN,Nagaon,Nagaon Assam,North Frontier Railway,Assam,"Nagaon, Assam, India",92.6838111,26.348009
0,CSA,Chausa,Chausa Bihar,East Central Railway,Bihar,"Chausa, Bihar 802114, India",83.892355,25.5091994
0,TI,Tiruninravur,Tiruninravur Tamil Nadu,Southern Railway,Tamil Nadu,"Thiruninravur, Tamil Nadu 602024, India",80.033613,13.1181068
0,RXL,Raxaul Jn,Raxaul Jn Bihar,East Central Railway,Bihar,"Raxaul, Bihar, India",84.8515804,26.9797677
0,BJK,Bijora,Bijora Rajasthan,West Central Railway,Rajasthan,"Bijora, Rajasthan, India",76.4129198,25.1295376
0,BOM,BOMADRA,BOMADRA Rajasthan,North Western Railway,Rajasthan,"Bomadra, Rajasthan, India",73.4393832,25.7813595
0,BXY,Bordhai,Bordhai Madhya Pradesh,Central Railway,Madhya Pradesh,"Bordehi, Madhya Pradesh 460554, India",78.3529326,22.0030276
0,JN,Bhimavaram Jn,Bhimavaram Jn Gujarat,Western Railway,Gujarat,"Gujarat, India",71.5723953,22.6708317
0,HMT,Himmatnagar,Himmatnagar Gujarat,Western Railway,Gujarat,"Himatnagar, Gujarat, India",72.9630378,23.5968857
0,JOB,Asalpur Jobner,Asalpur Jobner Rajasthan,North Western Railway,Rajasthan,"Asalpur, Rajasthan 303338, India",75.4215755,26.901251
0,KIUL,Kiul Jn,Kiul Jn Bihar,East Central Railway,Bihar,"Kiul, Bihar, India",86.0962783,25.1465765
0,TML,Tenmalai,Tenmalai Kerala,Southern Railway,Kerala,"Thenmala, Kerala 691308, India",77.0650809,8.9632448
0,CAG,Chhabra Gugor,Chhabra Gugor Rajasthan,West Central Railway,Rajasthan,"Chhabra, Rajasthan 325220, India",76.8491387,24.6732199
0,AMI,AMRAVATI,AMRAVATI Maharashtra,Central Railway,Maharashtra,"Amravati, Maharashtra, India",77.7523039,20.9319821
0,KUDL,Kudal,Kudal Maharashtra,Konkan Railway,Maharashtra,"Kudal, Maharashtra, India",73.6844721,15.9930494
0,ADRA,Adra Jn,Adra Jn West Bengal,South Eastern Railway,West Bengal,"Adra, West Bengal 723121, India",86.6762176,23.4958949
0,TUNI,Tuni,Tuni Andhra Pradesh,South Central Railway,Andhra Pradesh,"Tuni, Andhra Pradesh 533401, India",82.544292,17.3573261
0,KCVL,Kochuveli,Kochuveli Kerala,Southern Railway,Kerala,"Kochuveli, Thiruvananthapuram, Kerala 695021, India",76.8943206,8.506479
0,MA,MA BELHADEVI DP,MA BELHADEVI DP Maharashtra,Central Railway,Maharashtra,"Maharashtra, India",75.7138884,19.7514798
0,GLY,GOLLAPALLY,GOLLAPALLY Telangana,South Central Railway,Telangana,"Gollapalli, Telangana 505532, India",79.057857,18.7904839
0,CNL,Chandawal,Chandawal Rajasthan,North Western Railway,Rajasthan,"Chandawal, Rajasthan 306306, India",73.8448469,26.002623
0,MJA,Meja Road,Meja Road Uttar Pradesh,North Central Railway,Uttar Pradesh,"Meja Rd, Uttar Pradesh 212303, India",82.088222,25.20374
0,ANPR,Anpara,Anpara Uttar Pradesh,East Central Railway,Uttar Pradesh,"Anpara, Uttar Pradesh 231225, India",82.7832489,24.2048772
0,NLDM,Nangal Dam,Nangal Dam Punjab,Northern Railway,Punjab,"Nangal Dam, Punjab, India",76.3648138,31.3810356
0,TMQ,Tirumangalam,Tirumangalam Tamil Nadu,Southern Railway,Tamil Nadu,"Tirumangalam, Tamil Nadu 625706, India",77.9891394,9.8216147
0,VST,Bijaysota,Bijaysota Madhya Pradesh,West Central Railway,Madhya Pradesh,"Madhya Pradesh, India",78.6568942,22.9734229
0,DLN,Dildarnagar Jn,Dildarnagar Jn Uttar Pradesh,East Central Railway,Uttar Pradesh,"Dildar Nagar, Uttar Pradesh 232326, India",83.6669287,25.4311213
0,KEK,Karkheli,Karkheli Maharashtra,South Central Railway,Maharashtra,"Karkheli, Maharashtra 431808, India",77.7437775,18.9583259
0,KY,Kareli,Kareli Madhya Pradesh,West Central Railway,Madhya Pradesh,"Kareli, Madhya Pradesh 487221, India",79.0616808,22.9285907
0,NCR,NAGORE,NAGORE Tamil Nadu,Southern Railway,Tamil Nadu,"Nagore, Nagapattinam, Tamil Nadu, India",79.8391001,10.8127803
0,SBH,Sulebhavi,Sulebhavi Karnataka,South Western Railway,Karnataka,"Sulebhavi, Karnataka 591103, India",74.6561453,15.8946321
0,JKE,Jukehi,Jukehi Madhya Pradesh,West Central Railway,Madhya Pradesh,"Jukehi, Madhya Pradesh 485773, India",80.4345633,24.016955
0,NYA,NARAYANGARH,NARAYANGARH West Bengal,South Eastern Railway,West Bengal,"Kasba Narayangarh, West Bengal 721437, India",87.3860345,22.1639031
0,JKB,Jakhalabandha,Jakhalabandha Assam,North Frontier Railway,Assam,"Jakhalabandha, Assam 782136, India",93.0025615,26.5707667
0,MUW,Mathurapur,Mathurapur Jharkhand,Eastern Railway,Jharkhand,"Mathurapur, Jharkhand, India",86.643475,24.3951614
0,KRE,Kartarpur,Kartarpur Punjab,Northern Railway,Punjab,"Kartarpur, Punjab 144801, India",75.500939,31.4358241
0,NAB,Nagbhir Jn,Nagbhir Jn Maharashtra,South East Central Railway,Maharashtra,"Nagbhir, Maharashtra 441205, India",79.6810815,20.5846349
0,ROS,Rajosi,Rajosi Rajasthan,North Western Railway,Rajasthan,"Rajosi, Rajasthan 305601, India",74.7029792,26.3067492
0,RSH,Ratan Shahr,Ratan Shahr Rajasthan,North Western Railway,Rajasthan,"Ratan Shahar, Rajasthan, India",75.5250703,28.1598894
0,PRB,Parbati,Parbati Madhya Pradesh,Western Railway,Madhya Pradesh,"Parbati, Madhya Pradesh 465337, India",76.9679066,23.2788775
0,JN,Mahesana Jn,Mahesana Jn Gujarat,Western Railway,Gujarat,"Mehsana, Gujarat, India",72.3693252,23.5879607
0,BTKP,Bharat Kup,Bharat Kup Uttar Pradesh,North Central Railway,Uttar Pradesh,"Bharat Kup, Uttar Pradesh 210202, India",80.7242136,25.219929
0,JOC,Joychandi Pahar,Joychandi Pahar West Bengal,South Eastern Railway,West Bengal,"Jyochandi Pahar, Raghunathpur, West Bengal 723133, India",86.6660257,23.5246129
0,CPK,Chaparmukh Jn,Chaparmukh Jn Assam,North Frontier Railway,Assam,"Chaparmukh, Assam, India",92.5160798,26.2041308
0,SBPY,Sambalpur City,Sambalpur City Odisha,East Coast Railway,Odisha,"Sambalpur, Odisha, India",83.9811665,21.4668716
0,ANKL,Ankola,Ankola Karnataka,Konkan Railway,Karnataka,"Ankola, Karnataka, India",74.3000878,14.6653087
0,TBT,Talbahat,Talbahat Uttar Pradesh,North Central Railway,Uttar Pradesh,"Talbehat, Uttar Pradesh 284126, India",78.431061,25.04426
0,KLGN,Kalangani,Kalangani Tamil Nadu,Southern Railway,Tamil Nadu,"Kalangani, Tamil Nadu 637014, India",78.1748373,11.3358399
0,PCU,PUTLACHERUVU,PUTLACHERUVU Andhra Pradesh,South Central Railway,Andhra Pradesh,"Putlacheruvu, Andhra Pradesh 521326, India",81.1106432,16.4861923
0,LGL,Lalgola,Lalgola West Bengal,Eastern Railway,West Bengal,"Lalgola, West Bengal 742148, India",88.2607188,24.4133349
0,ACL,Ancheli,Ancheli Gujarat,Western Railway,Gujarat,"Ancheli, Gujarat 396472, India",72.9453184,20.8447344
0,KSR,Ksr Bengaluru,Ksr Bengaluru Uttar Pradesh,North Eastern Railway,Uttar Pradesh,"Bengaluru, Karnataka, India",77.5945627,12.9715987
0,KKU,Kanakpura,Kanakpura Rajasthan,North Western Railway,Rajasthan,"Kanakpura, Jaipur, Rajasthan, India",75.7156603,26.9238427
0,TGU,Tarigoppula,Tarigoppula Andhra Pradesh,South Central Railway,Andhra Pradesh,"Tarigoppula, Andhra Pradesh, India",80.8314499,16.4881819
0,KUL,KALLAYI,KALLAYI Kerala,Southern Railway,Kerala,"Kallai, Kozhikode, Kerala, India",75.7938309,11.2352408
0,AQG,Ashapura Gomat,Ashapura Gomat Rajasthan,North Western Railway,Rajasthan,"Ashapura Gomat, Rajasthan 345021, India",71.89313,26.950696
0,GTD,GOURINATHDHAM,GOURINATHDHAM West Bengal,South Eastern Railway,West Bengal,"Gourinathdham, Kalidasdi, West Bengal 723201, India",86.2745054,23.3957112
0,TZR,TURKI ROAD,TURKI ROAD Madhya Pradesh,West Central Railway,Madhya Pradesh,"Turki Road, Kund, Madhya Pradesh 485115, India",81.137475,24.54805
0,PDU,Ponduru,Ponduru Andhra Pradesh,East Coast Railway,Andhra Pradesh,"Ponduru, Andhra Pradesh, India",83.7565858,18.349401
0,SYL,Salpura,Salpura Rajasthan,West Central Railway,Rajasthan,"Salpura, Rajasthan, India",76.7192221,24.72115
0,AKN,Akbarnagar,Akbarnagar Bihar,Eastern Railway,Bihar,"Akbarnagar, Bihar 812006, India",86.8421053,25.2360213
0,HIP,HALDIPADA,HALDIPADA Odisha,South Eastern Railway,Odisha,"Haldipada, Odisha 756027, India",87.0017519,21.5754307
0,KVDU,KADAVAKUDURU,KADAVAKUDURU Andhra Pradesh,South Central Railway,Andhra Pradesh,"Kadavakuduru, Andhra Pradesh, India",80.2558288,15.7264419
0,SLR,Salogra,Salogra Himachal Pradesh,Northern Railway,Himachal Pradesh,"Salogra, Himachal Pradesh, India",77.1283821,30.9330608
0,VDE,Vedayapalem,Vedayapalem Andhra Pradesh,South Central Railway,Andhra Pradesh,"Vedayapalem, Nellore, Andhra Pradesh 524004, India",79.9587306,14.4154537
0,RD,Saragaon Rd P H,Saragaon Rd P H Bihar,East Central Railway,Bihar,"Sargaon, Bihar, India",85.4401364,25.2166398
0,BTE,Bharatpur Jn,Bharatpur Jn Rajasthan,West Central Railway,Rajasthan,"Bharatpur, Rajasthan, India",77.5029996,27.2151863
0,SVA,Suwasra,Suwasra Madhya Pradesh,West Central Railway,Madhya Pradesh,"Suwasra, Madhya Pradesh 458888, India",75.6528116,24.0697172
0,GHAT,Jagnath Road Halt,Jagnath Road Halt Madhya Pradesh,West Central Railway,Madhya Pradesh,"Madhya Pradesh, India",78.6568942,22.9734229
0,KHT,Sri Kalahasti,Sri Kalahasti Andhra Pradesh,South Central Railway,Andhra Pradesh,"Srikalahasti, Andhra Pradesh, India",79.7066722,13.7527145
0,YJUD,Yamunanagar Jud,Yamunanagar Jud Haryana,Northern Railway,Haryana,"Yamuna Nagar, Haryana, India",77.2673901,30.1290485
0,LOL,Loliem,Loliem Goa,Konkan Railway,Goa,"Loliem, Goa, India",74.057511,14.9482197
0,DRO,DARYAOGONJ,DARYAOGONJ Uttar Pradesh,North Eastern Railway,Uttar Pradesh,"Daryaoganj, Uttar Pradesh 207244, India",79.0856885,27.6001387
0,SAA,Sathiaon,Sathiaon Uttar Pradesh,North Eastern Railway,Uttar Pradesh,"Sathiaon, Uttar Pradesh, India",83.2907339,26.0364565
0,GVG,Govindgarh,Govindgarh Punjab,Northern Railway,Punjab,"Gobindgarh, Punjab 152117, India",74.2546136,30.1770015
0,MOT,Malout,Malout Punjab,Northern Railway,Punjab,"Malout, Punjab 152107, India",74.4996955,30.1890199
0,GHX,GARHARA,GARHARA Bihar,East Central Railway,Bihar,"Garhara-II, Bihar 851116, India",86.0044158,25.4631027
0,CMJ,CHAMARAJAPURAM,CHAMARAJAPURAM Karnataka,South Western Railway,Karnataka,"K.G Koppal, Chamarajapuram Mohalla, Chamrajpura, Mysuru, Karnataka, India",76.6398272,12.3031589
0,DMG,Domingarh,Domingarh Uttar Pradesh,North Eastern Railway,Uttar Pradesh,"Domingarh, Uttar Pradesh, India",83.1747784,27.1937377
0,CKX,CHAKUR,CHAKUR Maharashtra,South Central Railway,Maharashtra,"Chakur, Maharashtra 413513, India",76.8721722,18.51122
0,TQM,Telam,Telam Assam,North Frontier Railway,Assam,"Assam, India",92.9375739,26.2006043
0,BDWS,Badarwas,Badarwas Madhya Pradesh,West Central Railway,Madhya Pradesh,"Badarwas, Madhya Pradesh, India",77.5661298,24.976005
0,RHG,Rajgarh,Rajgarh Rajasthan,North Western Railway,Rajasthan,"Sadulpur, Rajasthan 331023, India",75.3820239,28.6353435
0,PH,Govindpur PH,Govindpur PH Himachal Pradesh,Northern Railway,Himachal Pradesh,"Govindpur, Himachal Pradesh 171204, India",77.5490448,31.187648
0,AWY,Aluva,Aluva Kerala,Southern Railway,Kerala,"Aluva, Kerala, India",76.3570382,10.1003709
0,DHP,Dichpalli,Dichpalli Telangana,South Central Railway,Telangana,"Dichpally, Telangana, India",78.1954468,18.6143824
0,SWI,Swamimalai,Swamimalai Tamil Nadu,Southern Railway,Tamil Nadu,"Swamimalai, Kumbakonam, Tamil Nadu, India",79.3324733,10.9596306
0,SBGA,Shravanbelagola,Shravanbelagola Karnataka,South Western Railway,Karnataka,"Shravanbela Gola (Rural), Karnataka 573135, India",76.4807385,12.851896
0,BINA,Bina Jn,Bina Jn Madhya Pradesh,West Central Railway,Madhya Pradesh,"Bina, Madhya Pradesh 470113, India",78.1974447,24.1796159
0,BJNR,Bijainagar,Bijainagar Rajasthan,North Western Railway,Rajasthan,"Bijainagar, Rajasthan 305624, India",74.6496494,25.9290502
0,BHKH,Baghoikusa,Baghoikusa Bihar,East Central Railway,Bihar,"Bihar, India",85.2722472,25.9644427
0,VAPI,Vapi,Vapi Gujarat,Western Railway,Gujarat,"Vapi, Gujarat, India",72.9106202,20.3893155
0,ARAG,ARAG,ARAG Maharashtra,Central Railway,Maharashtra,"Arag, Maharashtra 416401, India",74.8009955,16.7858126
0,OEA,Odela,Odela Telangana,South Central Railway,Telangana,"Odela, Telangana, India",79.4467088,18.4526821
0,KUDA,Kundapura,Kundapura Karnataka,Konkan Railway,Karnataka,"Kundapura, Karnataka, India",74.6917418,13.6235274
0,SGUJ,Siliguri Town,Siliguri Town West Bengal,North Frontier Railway,West Bengal,"Siliguri, West Bengal, India",88.3952861,26.7271012
0,PGI,Parpanangadi,Parpanangadi Kerala,Southern Railway,Kerala,"Parappanangadi, Kerala, India",75.8555185,11.0539705
0,BJF,Bijni,Bijni Assam,North Frontier Railway,Assam,"Bijni, Assam 783390, India",90.7010319,26.4943855
0,SDAH,Sealdah,Sealdah West Bengal,Eastern Railway,West Bengal,"Sealdah, Raja Bazar, Kolkata, West Bengal, India",88.3712796,22.5654725
0,MPG,Manpur Nagaria,Manpur Nagaria Uttar Pradesh,North Eastern Railway,Uttar Pradesh,"Manpur Nagria, Uttar Pradesh 207402, India",78.8297701,27.8993734
0,PVU,Paravur,Paravur Kerala,Southern Railway,Kerala,"Paravur, Kerala, India",76.6672602,8.814189
0,HAN,Hindaun City,Hindaun City Rajasthan,West Central Railway,Rajasthan,"Hindaun, Rajasthan 322230, India",77.0296837,26.7341201
0,BLNI,BHALWANI,BHALWANI Maharashtra,Central Railway,Maharashtra,"Bhalawani, Maharashtra 414103, India",74.5477929,19.1163271
0,SDI,Sagardighi,Sagardighi West Bengal,Eastern Railway,West Bengal,"Sagardighi, West Bengal 742226, India",88.0851909,24.2924268
0,KHBJ,Khanna Banjari,Khanna Banjari Madhya Pradesh,West Central Railway,Madhya Pradesh,"Khanna Banjari, Madhya Pradesh 483770, India",80.823938,23.8903082
0,PUA,Pulla,Pulla Andhra Pradesh,South Central Railway,Andhra Pradesh,"Pulla, Andhra Pradesh 534401, India",81.3220628,16.8069856
0,MJO,Majorda,Majorda Goa,Konkan Railway,Goa,"Majorda, Goa, India",73.9120321,15.3132871
0,SAC,Sanichara,Sanichara Madhya Pradesh,North Central Railway,Madhya Pradesh,"Sanichara, Sanichara, Gwalior, Piparseva, Madhya Pradesh 476444, India",78.1985718,26.3637276
0,JUC,Jalandhar City,Jalandhar City Punjab,Northern Railway,Punjab,"Jalandhar City, Shiv Nagar, Industrial Area, Jalandhar, Punjab 144004, India",75.57361,31.3466436
0,PMR,Pitambarpur,Pitambarpur Uttar Pradesh,Northern Railway,Uttar Pradesh,"Pitambarpur, Uttar Pradesh 243727, India",78.3358612,28.4118325
0,AV,ASVALI,ASVALI Maharashtra,Central Railway,Maharashtra,"Aswali, Maharashtra, India",72.7954159,20.0925931
0,LMO,Liliya Mota,Liliya Mota Gujarat,Western Railway,Gujarat,"Liliya Mota, Gujarat 365535, India",71.3675927,21.5369075
0,NDN,Nardana,Nardana Maharashtra,Western Railway,Maharashtra,"Nardana, Maharashtra, India",74.8258562,21.1879926
0,MWJ,Marwasgram,Marwasgram Madhya Pradesh,West Central Railway,Madhya Pradesh,"Marwasgram, Katarwar, Amahiya, Madhya Pradesh 486669, India",81.7754379,24.0970055
0,TLU,Tarlupadu,Tarlupadu Andhra Pradesh,South Central Railway,Andhra Pradesh,"Tarlupadu, Andhra Pradesh 523332, India",79.2281975,15.6505041
0,KRH,Khairthal,Khairthal Rajasthan,North Western Railway,Rajasthan,"Khairthal, Rajasthan 301404, India",76.6441591,27.8011636
0,SHAN,SRINIVASA NAGAR,SRINIVASA NAGAR Telangana,South Central Railway,Telangana,"Srinivas Nagar, Khammam, Telangana 507001, India",80.1400671,17.2279693
0,KMKD,KHAMKHED,KHAMKHED Maharashtra,Central Railway,Maharashtra,"Khamkhed, Maharashtra 443402, India",76.5228101,21.0788883
0,CTRE,CHITTERI,CHITTERI Tamil Nadu,Southern Railway,Tamil Nadu,"Sitheri, Tamil Nadu, India",79.0280738,11.6518005
0,BLL,BANTANAHAL,BANTANAHAL Andhra Pradesh,South Central Railway,Andhra Pradesh,"Bantanahal, Andhra Pradesh, India",77.303723,15.1907794
0,HPU,Hapur,Hapur Uttar Pradesh,Northern Railway,Uttar Pradesh,"Hapur, Uttar Pradesh, India",77.7758825,28.7305798
0,GOPG,Gopalganj,Gopalganj Bihar,North Eastern Railway,Bihar,"Ward No. 15, Gopalganj, Bihar 841428, India",84.4402462,26.4605776
0,GOTN,Gotan,Gotan Rajasthan,North Western Railway,Rajasthan,"Gotan, Rajasthan 342902, India",73.7330753,26.6554015
0,RD,Sleemanabad Rd,Sleemanabad Rd Bihar,East Central Railway,Bihar,"Bihar, India",85.2722472,25.9644427
0,BISH,Bishengarh,Bishengarh Rajasthan,North Western Railway,Rajasthan,"Bishangarh, Rajasthan 343042, India",72.5737187,25.4480223
0,SMU,SAMBHU,SAMBHU Punjab,Northern Railway,Punjab,"Shambhoo Khurd, Punjab 140417, India",76.6788091,30.4296651
0,JN,Pathardih JN,Pathardih JN Gujarat,Western Railway,Gujarat,"Gujarat, India",71.5723953,22.6708317
0,BRST,Birpushattampur,Birpushattampur Odisha,East Coast Railway,Odisha,"Purusottampur, Odisha, India",84.8854545,19.5233802
0,JMKT,Jamikunta,Jamikunta Telangana,South Central Railway,Telangana,"Jammikunta, Telangana, India",79.475115,18.2900786
0,VJA,VEJANDLA,VEJANDLA Andhra Pradesh,South Central Railway,Andhra Pradesh,"Vejendla, Andhra Pradesh 522213, India",80.524397,16.2368816
0,DCX,DHANICHHA,DHANICHHA Bihar,East Central Railway,Bihar,"Dhanichha, Bihar 821105, India",83.4830247,25.2202838
0,KQI,Kalachand,Kalachand Assam,North Frontier Railway,Assam,"Kalachand, Assam, India",93.131895,25.3389077
0,JN,Kusunda Jn,Kusunda Jn Gujarat,Western Railway,Gujarat,"Gujarat, India",71.5723953,22.6708317
0,MDL,Mandal,Mandal Rajasthan,North Western Railway,Rajasthan,"Mandal, Rajasthan 311403, India",74.5714655,25.4433852
0,SMH,Summer Hill,Summer Hill Bihar,North Frontier Railway,Bihar,"Bihar, India",85.2722472,25.9644427
0,DPK,DHOLIPAL,DHOLIPAL Rajasthan,North Western Railway,Rajasthan,"Dholipal, Rajasthan 335064, India",74.2736848,29.7526072
0,KARR,KHARAR,KHARAR Punjab,Northern Railway,Punjab,"Kharar, Punjab 140301, India",76.6411094,30.7498676
0,VRLI,Veravali (h),Veravali (h) Maharashtra,Konkan Railway,Maharashtra,"Veravli Kh., Maharashtra 416701, India",73.5918017,16.8342825
0,WL,Warangal,Warangal Telangana,South Central Railway,Telangana,"Warangal, Telangana, India",79.5926304,17.9692624
0,NCA,Nizchatia,Nizchatia Assam,North Frontier Railway,Assam,"Niz-Chatia, Assam 784175, India",93.0250778,26.7558165
0,KYE,Khurai,Khurai Madhya Pradesh,West Central Railway,Madhya Pradesh,"Khurai, Madhya Pradesh 470117, India",78.3303543,24.0434676
0,NIP,Nizampur,Nizampur Haryana,North Western Railway,Haryana,"Nizampur, Panipat, Haryana 132103, India",76.9844677,29.444122
0,KUPR,Khurdpur,Khurdpur Punjab,Northern Railway,Punjab,"Khurdpur, Adampur, Punjab, India",75.7240654,31.4358869
0,ATUL,ATUL,ATUL Gujarat,Western Railway,Gujarat,"Atul, Gujarat, India",72.9413502,20.5370052
0,SNSI,Sainagar Shirdi,Sainagar Shirdi Maharashtra,Central Railway,Maharashtra,"Sainagar Shirdi, Shirdi, Maharashtra 423109, India",74.4805568,19.7806463
0,TUA,Tirunnavaya,Tirunnavaya Kerala,Southern Railway,Kerala,"Thirunavaya, Kerala, India",75.9843017,10.8656858
0,KLE,KAITHAL,KAITHAL Haryana,Northern Railway,Haryana,"Kaithal, Haryana 136027, India",76.4039016,29.8042758
0,NUB,NURABAD,NURABAD Madhya Pradesh,North Central Railway,Madhya Pradesh,"Nurabad, Madhya Pradesh 476444, India",78.0659063,26.4045375
0,SZZ,SABIRA,SABIRA Odisha,South Eastern Railway,Odisha,"Sabira, Odisha 756045, India",86.6283557,21.2539269
0,MZC,Mirza Cheuki,Mirza Cheuki Jharkhand,Eastern Railway,Jharkhand,"Mirzacheuki, Jharkhand 813208, India",87.4944399,25.2588992
0,BAI,Bassi,Bassi Rajasthan,North Western Railway,Rajasthan,"Bassi, Rajasthan, India",76.0521171,26.8419275
0,DLGN,Dhalgaon,Dhalgaon Maharashtra,Central Railway,Maharashtra,"Dhalgaon, Maharashtra 416403, India",74.9880895,17.1160114
0,MYS,Mysuru Jn,Mysuru Jn Karnataka,South Western Railway,Karnataka,"Mysuru Junction, Medar Block, Yadavagiri, Mysuru, Karnataka 570001, India",76.6454048,12.3162712
0,DRV,DARAULI,DARAULI Uttar Pradesh,East Central Railway,Uttar Pradesh,"Darauli, Uttar Pradesh 273302, India",83.6055732,27.0900447
0,KNVT,Kinwat,Kinwat Maharashtra,South Central Railway,Maharashtra,"Kinwat, Maharashtra, India",78.1963404,19.6245949
0,DBLG,Dibolong,Dibolong Assam,North Frontier Railway,Assam,"Dibolong, Diblong, Assam 788832, India",93.0856768,25.5950898
0,BMN,Bhimana,Bhimana Rajasthan,North Western Railway,Rajasthan,"Bhimana, Rajasthan 307023, India",72.9017603,24.5827555
0,SA,SALEM TOWN,SALEM TOWN Tamil Nadu,Southern Railway,Tamil Nadu,"Salem, Tamil Nadu, India",78.1460142,11.664325
0,SFE,SANODIYA,SANODIYA Rajasthan,North Western Railway,Rajasthan,"Sanodiya, Rajasthan, India",74.6267435,25.7222407
0,BDPK,BURHAPANKA,BURHAPANKA Odisha,East Coast Railway,Odisha,"Budhapanka, Odisha, India",85.2463723,20.8669871
0,SDDN,siddharth nagar,siddharth nagar Uttar Pradesh,North Eastern Railway,Uttar Pradesh,"Siddharthnagar, Uttar Pradesh, India",82.820974,27.2715633
0,HCNR,HARICHANDANPUR,HARICHANDANPUR Odisha,East Coast Railway,Odisha,"Harichandanpur, Odisha 758028, India",85.7910095,21.3378302
0,ALU,Ariyalur,Ariyalur Tamil Nadu,Southern Railway,Tamil Nadu,"Ariyalur, Tamil Nadu, India",79.07445,11.1403677
0,BDSW,BUDHSINGHWALA,BUDHSINGHWALA Rajasthan,North Western Railway,Rajasthan,"Budh Singh Wala, Rajasthan 335062, India",74.2047256,29.8274028
0,YPR,Yesvantpur Jn,Yesvantpur Jn Karnataka,South Western Railway,Karnataka,"Yeshwanthpur Junction, Tumkur Rd, Dr.Ambedkar Nagar, Yeswanthpur, Bengaluru, Karnataka 560022, India",77.551712,13.0237502
0,PGK,Pili Bangan,Pili Bangan Rajasthan,North Western Railway,Rajasthan,"Pilibanga, Rajasthan, India",74.0762127,29.4850165
0,NGN,Nandgaon Road,Nandgaon Road Maharashtra,Central Railway,Maharashtra,"Nandgaon Rd, Maharashtra, India",74.8314214,20.3527785
0,MDN,Midnapore,Midnapore West Bengal,South Eastern Railway,West Bengal,"Midnapore, West Bengal, India",87.3198819,22.4256613
0,DNW,DANGARWA,DANGARWA Gujarat,Western Railway,Gujarat,"Dangarva, Gujarat 382705, India",72.4591002,23.3771142
0,MTC,Meerut City,Meerut City Uttar Pradesh,Northern Railway,Uttar Pradesh,"Meerut, Uttar Pradesh, India",77.7064137,28.9844618
0,KFI,KAPPIL,KAPPIL Kerala,Southern Railway,Kerala,"Kappil, Kerala, India",76.6773655,8.7808922
0,FLR,PHULESWAR,PHULESWAR West Bengal,South Eastern Railway,West Bengal,"Phuleswar, Fuleswar, Uluberia, Howrah, West Bengal 711316, India",88.1154095,22.4773719
0,TKH,THAKURTOTA,THAKURTOTA Odisha,South Eastern Railway,Odisha,"Thakurtota, Odisha, India",86.9448841,21.6708841
0,KUTI,KHUMTAI,KHUMTAI Assam,North Frontier Railway,Assam,"Khumtai, Assam, India",93.8477815,26.6198347
0,GSP,Gurdaspur,Gurdaspur Punjab,Northern Railway,Punjab,"Gurdaspur, Punjab 143521, India",75.403086,32.0413917
0,MNL,MINCHNAL,MINCHNAL Karnataka,South Western Railway,Karnataka,"Minchanal Lt, Karnataka, India",75.8323328,16.9911273
0,ATM,ALTAGRAM,ALTAGRAM West Bengal,North Frontier Railway,West Bengal,"Altagram, Parkumlai, West Bengal 735210, India",88.9436,26.6105
0,MKA,AUNTA HALT,AUNTA HALT Bihar,East Central Railway,Bihar,"Aunta Halt, Bihar 803303, India",85.955116,25.3792333
0,AAY,Aralvaymozhi,Aralvaymozhi Tamil Nadu,Southern Railway,Tamil Nadu,"Aralvaimozhi, Tamil Nadu 627105, India",77.5227158,8.2509379
0,TGM,TANGARMUNDA,TANGARMUNDA Odisha,South Eastern Railway,Odisha,"Tangarmunda, Odisha 770020, India",84.0299601,22.1561797
0,MDKD,MADHUKUNDA,MADHUKUNDA West Bengal,South Eastern Railway,West Bengal,"Madhukunda, Jagannathdi, West Bengal 723161, India",86.8702971,23.6279328
0,DLPC,Daulatpur Chauk,Daulatpur Chauk Himachal Pradesh,Northern Railway,Himachal Pradesh,"Daulatpur, Himachal Pradesh, India",75.9985446,31.7747487
0,DUA,Dhaura,Dhaura Madhya Pradesh,North Central Railway,Madhya Pradesh,"Dhaura, Madhya Pradesh 485001, India",80.792095,24.5024184
0,SAH,Saphale,Saphale Maharashtra,Western Railway,Maharashtra,"Saphale, Maharashtra 401102, India",72.8308951,19.5707539
0,RRP,RAIRANGPUR,RAIRANGPUR Odisha,South Eastern Railway,Odisha,"Rairangpur, Odisha, India",86.1700894,22.2709322
0,HRT,Harnaut,Harnaut Bihar,East Central Railway,Bihar,"Harnaut, Bihar 803110, India",85.5300608,25.3691786
0,CUE,CHOUPALE,CHOUPALE Maharashtra,Western Railway,Maharashtra,"Choupale Rd, Nandurbar, Maharashtra 425412, India",74.2590928,21.3642738
0,MH,Jumapatti,Jumapatti Bihar,East Central Railway,Bihar,"Jummapatti, Maharashtra 410101, India",73.3026999,19.0021303
0,BXP,Barpathar,Barpathar Assam,North Frontier Railway,Assam,"Barpathar, Assam 785602, India",93.897383,26.2763136
0,KJA,KHAJURHAT,KHAJURHAT Uttar Pradesh,Northern Railway,Uttar Pradesh,"Khajurhat, Uttar Pradesh 224206, India",82.1274998,26.5267
0,PRKL,PARIKKAL,PARIKKAL Tamil Nadu,Southern Railway,Tamil Nadu,"Parikkal, Tamil Nadu 607204, India",79.3683792,11.7855123
0,TIS,Tatisilwai,Tatisilwai Jharkhand,South Eastern Railway,Jharkhand,"Tatisilwai, Jharkhand 835103, India",85.4237694,23.3597729
0,RJR,Rajaldesar,Rajaldesar Rajasthan,North Western Railway,Rajasthan,"Rajaldesar, Rajasthan 331802, India",74.4739528,28.0280098
0,BLRG,BALASIRING,BALASIRING Jharkhand,South Eastern Railway,Jharkhand,"Balasiring, Ranchi, Jharkhand 834004, India",85.2812607,23.2685052
0,GWM,Gannavaram,Gannavaram Andhra Pradesh,South Central Railway,Andhra Pradesh,"Gannavaram, Andhra Pradesh, India",80.8050141,16.5419292
0,NVG,Nawagaon,Nawagaon Madhya Pradesh,Central Railway,Madhya Pradesh,"Nawagaon, Madhya Pradesh 484770, India",81.444379,23.6280937
0,HOJ,Hamiltonganj,Hamiltonganj West Bengal,North Frontier Railway,West Bengal,"Hamiltonganj, West Bengal, India",89.4245627,26.6865991
0,GMTO,Gumto,Gumto Arunachal Pradesh,North Frontier Railway,Arunachal Pradesh,Gumto 791112,93.7875758,27.1440465
0,MDT,MADARIHAT,MADARIHAT West Bengal,North Frontier Railway,West Bengal,"Madhya Madarihat, West Bengal, India",89.2681019,26.6799882
0,LD,Londa Jn,Londa Jn Karnataka,South Western Railway,Karnataka,"Londa, Karnataka 591301, India",74.4935913,15.4566765
0,SUI,SUI,SUI Haryana,North Western Railway,Haryana,"Sui, Haryana 127031, India",76.0609476,28.8608235
0,PUN,Pundi,Pundi Andhra Pradesh,East Coast Railway,Andhra Pradesh,"Pundi, Andhra Pradesh 532218, India",84.3727917,18.6633532
0,MBG,Maibong,Maibong Assam,North Frontier Railway,Assam,"Maibang, Assam 788831, India",93.137614,25.301414
0,SVGA,SIVAGANGA,SIVAGANGA Tamil Nadu,Southern Railway,Tamil Nadu,"Sivaganga, Tamil Nadu 630561, India",78.4832344,9.8479616
0,NLN,NAILALUNG,NAILALUNG Assam,North Frontier Railway,Assam,"Nailalung, Assam 782462, India",93.3881257,25.7734886
0,TRAN,TORANG,TORANG West Bengal,South Eastern Railway,West Bengal,"Torang, West Bengal 723212, India",85.8364658,23.267073
0,THDR,Thandla Rd,Thandla Rd Madhya Pradesh,Western Railway,Madhya Pradesh,"Thandla Rd, Madhya Pradesh, India",74.6452524,23.0610839
0,AN,Amalner,Amalner Maharashtra,Western Railway,Maharashtra,"Amalner, Maharashtra, India",75.0639567,21.0448207
0,JAM,Lalpur Jam,Lalpur Jam Gujarat,Western Railway,Gujarat,"Lalpur Jam, Gujarat 361170, India",69.9530019,22.1936037
0,GTM,Ghatampur,Ghatampur Uttar Pradesh,North Central Railway,Uttar Pradesh,"Ghatampur, Uttar Pradesh 209206, India",80.1707662,26.1476121
0,ANDN,Anand Nagar,Anand Nagar Uttar Pradesh,North Eastern Railway,Uttar Pradesh,"Anand Nagar, Uttar Pradesh 273155, India",83.2759219,27.1022603
0,SRE,Sunehti Kharkhr,Sunehti Kharkhr Uttar Pradesh,Northern Railway,Uttar Pradesh,"Sunheti Kharkhari, Uttar Pradesh 247669, India",77.687254,29.9186696
0,KTYR,KOTTAIYUR,KOTTAIYUR Tamil Nadu,Southern Railway,Tamil Nadu,"Kottaiyur, Tamil Nadu 630106, India",78.7901203,10.1096297
0,JND,Junagadh Jn,Junagadh Jn Gujarat,Western Railway,Gujarat,"Junagadh, Gujarat, India",70.4579436,21.5222203
0,GBK,Gopalpur Balkda,Gopalpur Balkda Odisha,East Coast Railway,Odisha,"Gopalpur, Odisha, India",84.8620054,19.2647208
0,SWV,Sawantwadi Road,Sawantwadi Road Maharashtra,Konkan Railway,Maharashtra,"Sawantwadi Rd, Maharashtra, India",74.1038412,15.9592066
0,TU,Tadipatri,Tadipatri Andhra Pradesh,South Central Railway,Andhra Pradesh,"Tadipatri, Andhra Pradesh 515411, India",78.0092047,14.9091024
0,RAH,RAMGARH,RAMGARH Rajasthan,North Central Railway,Rajasthan,"Danta Ramgarh, Rajasthan, India",75.1846126,27.2566206
0,SAS,SHDSPRA PADMPRA,SHDSPRA PADMPRA Rajasthan,North Western Railway,Rajasthan,"Rajasthan, India",74.2179326,27.0238036
0,POI,PONPADI,PONPADI Tamil Nadu,Southern Railway,Tamil Nadu,"Ponpadi, Tamil Nadu, India",79.6102029,13.2334699
0,IJK,Irinjalakuda,Irinjalakuda Kerala,Southern Railway,Kerala,"Irinjalakuda, Kerala, India",76.2074124,10.3468925
0,MZS,Murkongselek,Murkongselek Assam,North Frontier Railway,Assam,"Murkongselek, Jonai, No.3 Murkong Selek Part IV, Assam 787060, India",95.2188121,27.829125
0,BLLI,BALLI,BALLI Goa,Konkan Railway,Goa,"Bally, Goa 403703, India",74.0144228,15.156781
0,GRL,Goraul,Goraul Bihar,East Central Railway,Bihar,"Goraul, Bihar 844118, India",85.3337334,25.9359432
0,WFD,Whitefield,Whitefield Karnataka,South Western Railway,Karnataka,"Whitefield, Bengaluru, Karnataka, India",77.7499721,12.9698196
0,NUR,Narela,Narela Delhi,Northern Railway,Delhi,"Narela, New Delhi, India",77.0892151,28.8548818
0,NH,Dundi,Dundi West Bengal,Eastern Railway,West Bengal,"West Bengal, India",87.8549755,22.9867569
0,NYO,Nayagaon,Nayagaon Bihar,East Central Railway,Bihar,"Nayagaon, Bihar, Nayagaon, Bihar 841217, India",85.0994962,25.7607312
0,GTL,Guntakal Jn,Guntakal Jn Andhra Pradesh,South Central Railway,Andhra Pradesh,"Guntakal, Andhra Pradesh, India",77.3769836,15.1660706
0,KUT,KANAUTA,KANAUTA Rajasthan,North Western Railway,Rajasthan,"Kanota, Rajasthan 303012, India",75.9557586,26.8622557
0,KSI,Kosli,Kosli Haryana,North Western Railway,Haryana,"Kosli, Haryana, India",76.4852265,28.3968505
0,BTJL,Bhatkal,Bhatkal Karnataka,Konkan Railway,Karnataka,"Bhatkal, Karnataka, India",74.5407673,13.999345
0,CIV,CHINNARAVURU,CHINNARAVURU Andhra Pradesh,South Central Railway,Andhra Pradesh,"Chinnaravur, Tenali, Andhra Pradesh, India",80.6510209,16.225693
0,ABS,Abohar,Abohar Punjab,Northern Railway,Punjab,"Abohar, Punjab, India",74.2008185,30.146861
0,PLMD,Pilamedu,Pilamedu Tamil Nadu,Southern Railway,Tamil Nadu,"Peelamedu, Maheshwari Nagar, Coimbatore, Tamil Nadu 641004, India",77.0155603,11.034576
0,SZV,SIVADI,SIVADI Tamil Nadu,South Western Railway,Tamil Nadu,"Sivadi, Tamil Nadu, India",78.1193823,12.0139944
0,AAS,Asranada,Asranada Rajasthan,North Western Railway,Rajasthan,"Asranada, Ram Nagar, Rajasthan 342027, India",73.3058105,26.3973983
0,SSV,Sasvad Road,Sasvad Road Maharashtra,Central Railway,Maharashtra,"Saswad Rd, Maharashtra, India",74.0154072,18.3850662
0,CEL,Chebrol,Chebrol Andhra Pradesh,South Central Railway,Andhra Pradesh,"Chebrolu, Andhra Pradesh 533449, India",82.3154629,17.1950167
0,KSU,KUSHTAUR,KUSHTAUR West Bengal,South Eastern Railway,West Bengal,"West Bengal, India",87.8549755,22.9867569
0,PYGS,Prayagrajsangam,Prayagrajsangam Uttar Pradesh,Northern Railway,Uttar Pradesh,"Uttar Pradesh, India",80.0981869,27.5705886
0,KAW,Khajuri,Khajuri Madhya Pradesh,West Central Railway,Madhya Pradesh,"Khajuri, Madhya Pradesh 462030, India",77.3755084,23.3762191
0,SDL,Shahdol,Shahdol Madhya Pradesh,South East Central Railway,Madhya Pradesh,"Shahdol, Madhya Pradesh, India",81.3568619,23.300232
0,AHH,Ahmadgarh,Ahmadgarh Punjab,Northern Railway,Punjab,"Ahmedgarh, Punjab, India",75.8243427,30.6795612
0,MJS,Manjeshwar,Manjeshwar Kerala,Southern Railway,Kerala,"Manjeshwar, Kerala 671323, India",74.8850112,12.7245542
0,JN,Jakhal Jn,Jakhal Jn Gujarat,Western Railway,Gujarat,"Gujarat, India",71.5723953,22.6708317
0,SVQ,SIVOK,SIVOK West Bengal,North Frontier Railway,West Bengal,"Sivok Hill Forest, West Bengal, India",88.4646107,26.9003989
0,AI,Adipur,Adipur Gujarat,Western Railway,Gujarat,"Adipur, Gandhidham, Gujarat, India",70.0880704,23.0732453
0,BAM,Brahmapur,Brahmapur Odisha,East Coast Railway,Odisha,"Brahmapur, Odisha, India",84.7940911,19.3149618
0,BNLW,Bansthali Niwai,Bansthali Niwai Rajasthan,North Western Railway,Rajasthan,"Vanasthali, Rajasthan, India",75.8708242,26.389791
0,MRIJ,Murliganj,Murliganj Bihar,East Central Railway,Bihar,"Murliganj, Bihar 852122, India",86.9949372,25.901024
0,VEL,VELLANUR,VELLANUR Tamil Nadu,Southern Railway,Tamil Nadu,"Vellanur, Tamil Nadu 622501, India",78.797004,10.4555888
0,BLA,Bajalta,Bajalta Jammu And Kashmir,Northern Railway,Jammu And Kashmir,Baljata 180017,74.9521708,32.7585031
0,SXN,SONAKHAN,SONAKHAN Odisha,South Eastern Railway,Odisha,"Sonakhan, Kutunia, Odisha 770017, India",84.5200165,22.1662855
0,MGC,MUGAT,MUGAT Maharashtra,South Central Railway,Maharashtra,"Mugat, Maharashtra, India",77.430753,19.1509787
0,KNE,Kishanganj,Kishanganj Bihar,North Frontier Railway,Bihar,"Kishanganj, Bihar, India",87.9450379,26.0982167
0,SAG,Sangrur,Sangrur Punjab,Northern Railway,Punjab,"Sangrur, Punjab 148001, India",75.8420716,30.2457963
0,HIND,HIND,HIND Uttar Pradesh,Northern Railway,Uttar Pradesh,"Hind, Uttar Pradesh 247777, India",77.3640257,29.5210595
0,PDW,Pandaul,Pandaul Bihar,East Central Railway,Bihar,"Pandaul, Bihar, India",86.0835682,26.2566339
0,BHAS,Bhojras,Bhojras Rajasthan,North Western Railway,Rajasthan,"Bhojras, Rajasthan 311030, India",74.6772722,25.7814834
0,GPZ,Gohpur,Gohpur Assam,North Frontier Railway,Assam,"Gohpur, Assam 784168, India",93.6057847,26.8789602
0,TLHR,Talcher,Talcher Odisha,East Coast Railway,Odisha,"Talcher, Odisha, India",85.216816,20.9501027
0,HVD,Halvad,Halvad Gujarat,Western Railway,Gujarat,"Halvad, Gujarat 363330, India",71.1823868,23.013705
0,RPJ,Rajpura Jn,Rajpura Jn Punjab,Northern Railway,Punjab,"Rajpura Junction, Kharajpur, Rajpura, Punjab 140401, India",76.5937452,30.4863208
0,GHAA,Ghaghra,Ghaghra Jharkhand,South Eastern Railway,Jharkhand,"Ghaghra, Jharkhand 835208, India",84.5510477,23.2671996
0,JACN,Jalsu Nanak,Jalsu Nanak Rajasthan,North Western Railway,Rajasthan,"Jalsu nanak, Rajasthan 341503, India",74.2304049,26.8596953
0,BJQ,Baghora,Baghora Madhya Pradesh,West Central Railway,Madhya Pradesh,"Baghora, Madhya Pradesh 470113, India",78.2789365,24.1271259
0,LR,LADPURA,LADPURA Rajasthan,North Western Railway,Rajasthan,"Ladpura, Rajasthan 311604, India",75.1215898,25.1509299
0,DKY,Dhoki,Dhoki Maharashtra,Central Railway,Maharashtra,"Dhoki Town, Maharashtra 413508, India",76.1044506,18.3712458
0,SGLM,SENGULAM,SENGULAM Tamil Nadu,Southern Railway,Tamil Nadu,"Sengulam, Tamil Nadu 627152, India",77.6715081,8.6160716
0,SEY,SEONI,SEONI Madhya Pradesh,South East Central Railway,Madhya Pradesh,"Seoni, Madhya Pradesh 480661, India",79.5434841,22.0868691
0,BE,Bareilly,Bareilly Uttar Pradesh,Northern Railway,Uttar Pradesh,"Bareilly, Uttar Pradesh, India",79.4304381,28.3670355
0,DEB,Debagram,Debagram West Bengal,Eastern Railway,West Bengal,"Debagram, West Bengal, India",88.3093517,23.6886494
0,WR,Wardha Jn,Wardha Jn Maharashtra,Central Railway,Maharashtra,"Wardha, Maharashtra, India",78.6021946,20.745319
0,SJN,Sanjan,Sanjan Gujarat,Western Railway,Gujarat,"Sanjan, Gujarat 396150, India",72.8179439,20.1921126
0,DRGU,Damru Ghutu,Damru Ghutu West Bengal,South Eastern Railway,West Bengal,"Damrughutu, West Bengal, India",86.091184,23.4556347
0,JN,Furkating Jn,Furkating Jn Gujarat,Western Railway,Gujarat,"Gujarat, India",71.5723953,22.6708317
0,STBJ,SITABINJ,SITABINJ Odisha,East Coast Railway,Odisha,"Sitabinji, Odisha, India",85.7692277,21.5024021
0,AO,Aonla,Aonla Uttar Pradesh,Northern Railway,Uttar Pradesh,"Aonla, Uttar Pradesh 243301, India",79.1604971,28.2699017
0,CHZ,Charlapalli,Charlapalli Telangana,South Central Railway,Telangana,"Cherlapalli, Secunderabad, Telangana, India",78.5968268,17.4695033
0,MABA,Mandi Bamora,Mandi Bamora Madhya Pradesh,West Central Railway,Madhya Pradesh,"Bamora, Madhya Pradesh, India",78.0908651,24.0597611
0,PCM,Pavurchatram,Pavurchatram Tamil Nadu,Southern Railway,Tamil Nadu,"Pavoorchatram, Tamil Nadu, India",77.3812494,8.9201967
0,BHGN,BHILGAON,BHILGAON Assam,North Frontier Railway,Assam,"Assam, India",92.9375739,26.2006043
0,MAE,Matheran,Matheran Maharashtra,Central Railway,Maharashtra,"Matheran, Maharashtra, India",73.271179,18.9886587
0,SRW,Shri Karanpur,Shri Karanpur Rajasthan,North Western Railway,Rajasthan,"Karanpur, Rajasthan 322243, India",76.9683072,26.1831872
0,KLD,Khalilabad,Khalilabad Uttar Pradesh,North Eastern Railway,Uttar Pradesh,"Khalilabad, Uttar Pradesh 272175, India",83.0833901,26.7657567
0,KDG,Kedgaon,Kedgaon Maharashtra,Central Railway,Maharashtra,"Kedgaon, Ahilya Nagar, Maharashtra 414005, India",74.7089449,19.0645141
0,MTGE,MUTHANI,MUTHANI Bihar,East Central Railway,Bihar,"Muthani, Bihar 821109, India",83.6813803,25.1181978
0,KHRK,Kharak,Kharak Haryana,North Western Railway,Haryana,"Kharak, Haryana 127114, India",76.3087282,28.8280437
0,BSKO,BANSKHO,BANSKHO Rajasthan,North Western Railway,Rajasthan,"Banskho, Rajasthan 303305, India",76.1464903,26.8243735
0,KYN,Kalyan Jn,Kalyan Jn Maharashtra,Central Railway,Maharashtra,"Kalyan, Maharashtra, India",73.1305395,19.2403305
0,CC,Chauri Chaura,Chauri Chaura Uttar Pradesh,North Eastern Railway,Uttar Pradesh,"Chauri Chaura, Uttar Pradesh 273201, India",83.5856087,26.650797
0,JRPD,JARAPADA,JARAPADA Odisha,East Coast Railway,Odisha,"Jarapada, Odisha 759127, India",84.8815469,20.8817607
0,SHI,SINGANALLUR,SINGANALLUR Tamil Nadu,Southern Railway,Tamil Nadu,"Singanallur, Tamil Nadu, India",77.0295709,11.000658
0,DSA,Delhi Kishangnj,Delhi Kishangnj Delhi,Northern Railway,Delhi,"Kishan Ganj Railway Station, Delhi, 110007, India",77.1979875,28.663822
0,KRV,Karavadi,Karavadi Andhra Pradesh,South Central Railway,Andhra Pradesh,"Karavadi, Andhra Pradesh, India",80.1131857,15.5450069
0,ABFC,Ambari Falakata,Ambari Falakata West Bengal,North Frontier Railway,West Bengal,"Ambari Falakata, West Bengal 735203, India",88.4863991,26.6090024
0,CHPT,CHATRAPPATTI,CHATRAPPATTI Tamil Nadu,Southern Railway,Tamil Nadu,"Chatrapatti, Tamil Nadu 624614, India",77.6499922,10.4682798
0,KWC,Kundwa Chainpur,Kundwa Chainpur Bihar,East Central Railway,Bihar,"Chainpur, Bihar, India",83.5046184,25.0328082
0,HIJ,Hijli,Hijli West Bengal,South Eastern Railway,West Bengal,"Hijli, West Bengal, India",88.6024169,22.8491373
0,PLI,Pettaivayatalai,Pettaivayatalai Tamil Nadu,Southern Railway,Tamil Nadu,"Pettavaithalai, Tamil Nadu 639112, India",78.4894015,10.901053
0,JU,Jodhpur Jn,Jodhpur Jn Rajasthan,North Western Railway,Rajasthan,"Jodhpur, Rajasthan, India",73.0243094,26.2389469
0,BWX,BAHMAN DIWANA,BAHMAN DIWANA Punjab,Northern Railway,Punjab,"Bahman Diwana, Punjab 151001, India",74.84745,30.22569
0,SPT,Sompeta,Sompeta Andhra Pradesh,East Coast Railway,Andhra Pradesh,"Sompeta, Andhra Pradesh 532284, India",84.5850037,18.9420835
0,KRSA,Kharsaliya,Kharsaliya Gujarat,Western Railway,Gujarat,"Kharsaliya, Gujarat, India",73.5542596,22.7029953
0,TTB,Titabar,Titabar Assam,North Frontier Railway,Assam,"Titabor, Assam, India",94.2060044,26.6021395
0,GHQ,Garhwa,Garhwa Jharkhand,East Central Railway,Jharkhand,"Garhwa, Jharkhand 822114, India",83.7995617,24.1548982
0,POY,Pollachi Jn,Pollachi Jn Tamil Nadu,Southern Railway,Tamil Nadu,"Pollachi, Tamil Nadu 642001, India",77.004759,10.6608925
0,AWB,Aurangabad,Aurangabad Maharashtra,South Central Railway,Maharashtra,"Chhatrapati Sambhaji Nagar, Maharashtra, India",75.3393195,19.875754
0,ZNA,Zamania,Zamania Uttar Pradesh,East Central Railway,Uttar Pradesh,"Zamania, Uttar Pradesh, India",83.5576478,25.4241348
0,AUBR,Anugraha N Road,Anugraha N Road Bihar,East Central Railway,Bihar,"Bihar, India",85.2722472,25.9644427
0,SAGM,SAGMA,SAGMA Madhya Pradesh,West Central Railway,Madhya Pradesh,"Sagma, Madhya Pradesh 485666, India",80.7574688,24.7341682
0,SKTN,Shakti Nagar,Shakti Nagar Uttar Pradesh,East Central Railway,Uttar Pradesh,"Shakti Nagar, Uttar Pradesh 231222, India",82.6930529,24.1207356
0,BSJ,Bhupalsagar,Bhupalsagar Rajasthan,North Western Railway,Rajasthan,"Bhupalsagar, Rajasthan 312204, India",74.209128,24.8561415
0,PHA,Patharia,Patharia Madhya Pradesh,West Central Railway,Madhya Pradesh,"Patharia, Madhya Pradesh 470666, India",79.1941769,23.8981603
0,AMNA,AMAN LODGE,AMAN LODGE ,Central Railway,,"Aman Lodge, Matheran, Maharashtra 410102, India",73.2761675,18.9970097
0,SV,Siwan Jn,Siwan Jn Bihar,North Eastern Railway,Bihar,"Siwan Junction, Station Rd, Kagzi Muhalla, Siwan, Bihar 841226, India",84.3599195,26.2108848
0,PTKC,PATHANKOT CANTT,PATHANKOT CANTT Punjab,Northern Railway,Punjab,"Pathankot Cantt, Pathankot, Punjab 145001, India",75.6368143,32.2593932
0,JMD,Jamdha,Jamdha Maharashtra,Null,Maharashtra,"Jamda, Maharashtra 424106, India",74.9822461,20.570259
0,BVRT,Bhimavaram Town,Bhimavaram Town Andhra Pradesh,South Central Railway,Andhra Pradesh,"Bhimavaram, Andhra Pradesh, India",81.521241,16.544893
0,MINA,SIKRODA MINA,SIKRODA MINA Madhya Pradesh,West Central Railway,Madhya Pradesh,"Sikroda Meena, Rajasthan 322230, India",76.9959872,26.7094228
0,DAYG,Dariyaganj,Dariyaganj Madhya Pradesh,North Central Railway,Madhya Pradesh,"Driyaganj, Madhya Pradesh 460330, India",77.4630265,22.2136845
0,JKDP,JANKIDAIPUR,JANKIDAIPUR Odisha,Null,Odisha,"Janakadeipur, aviram asram, Uttanpatana, Balia, Odisha 752012, India",85.8191365,19.8894184
0,MSMD,Mahasamund,Mahasamund Chhatisgarh,East Coast Railway,Chhatisgarh,"Mahasamund, Chhattisgarh 493445, India",82.095962,21.1124067
0,MLY,Maula Ali,Maula Ali Telangana,South Central Railway,Telangana,"Moula Ali, Secunderabad, Telangana, India",78.5608531,17.4628723
0,SMND,SARMATANR,SARMATANR Jharkhand,East Central Railway,Jharkhand,"Sarmatanr, Jharkhand 825109, India",85.6627524,24.3451612
0,RMP,Rahimatpur,Rahimatpur Maharashtra,Central Railway,Maharashtra,"Rahimatpur, Maharashtra 415511, India",74.1988555,17.5904097
0,GLI,GALSI,GALSI West Bengal,Eastern Railway,West Bengal,"Galsi, West Bengal 713406, India",87.6852323,23.3385435
0,MDJN,Madar Jn,Madar Jn Rajasthan,North Western Railway,Rajasthan,"Madarpura, Rajasthan, India",74.6830677,26.4661515
0,MVLK,Mavelikara,Mavelikara Kerala,Southern Railway,Kerala,"Mavelikara, Kerala, India",76.5400806,9.2505757
0,THUR,Thuria,Thuria Madhya Pradesh,West Central Railway,Madhya Pradesh,"Thuriya, Madhya Pradesh, India",75.559693,23.8457289
0,MINJ,Maikalganj,Maikalganj Uttar Pradesh,Northern Railway,Uttar Pradesh,"Maikalganj, Uttar Pradesh 261505, India",80.0695571,27.808708
0,VI,VILLIANUR,VILLIANUR Puduchery,Null,Puduchery,"Villianur, Puducherry, India",79.7585556,11.9105714
0,BRM,BARABAMBO,BARABAMBO Jharkhand,South Eastern Railway,Jharkhand,"Bara Bambu, Jharkhand, India",85.7282023,22.709043
0,NUA,Nua,Nua Rajasthan,North Western Railway,Rajasthan,"Nua, Rajasthan 333041, India",75.2707293,28.0435185
0,PNM,PANYAM,PANYAM Andhra Pradesh,South Central Railway,Andhra Pradesh,"Panyam, Andhra Pradesh 518112, India",78.3498378,15.5181643
0,TBV,TIMBARVA,TIMBARVA Gujarat,Western Railway,Gujarat,"Timbarva, Gujarat, India",73.2794846,22.017375
0,DHT,Dhamara Ghat,Dhamara Ghat Bihar,East Central Railway,Bihar,"Dhamara Ghat, Bihar 852127, India",86.6113409,25.6185382
0,TT,TITTE,TITTE Tamil Nadu,Southern Railway,Tamil Nadu,"Titte, Tamil Nadu 613003, India",79.1872631,10.8398738
0,PCQ,PICHKURIRDHAL,PICHKURIRDHAL West Bengal,Eastern Railway,West Bengal,"Pichkurirdhal, Gangarampur, West Bengal 713128, India",87.72072,23.54544
0,VPR,Visapur,Visapur Maharashtra,Central Railway,Maharashtra,"Visapur, Maharashtra 415719, India",73.2706389,17.5769739
0,VKN,Vinukonda,Vinukonda Andhra Pradesh,South Central Railway,Andhra Pradesh,"Vinukonda, Andhra Pradesh 522647, India",79.7405355,16.0498456
0,KOTI,Koti,Koti Himachal Pradesh,Northern Railway,Himachal Pradesh,"Koti, Himachal Pradesh 171012, India",77.2459036,31.041069
0,TKYR,Tikaria,Tikaria Uttar Pradesh,West Central Railway,Uttar Pradesh,"Tikaria, Uttar Pradesh, India",81.1691228,26.0785614
0,MPL,Madanapalle Rd,Madanapalle Rd Andhra Pradesh,South Central Railway,Andhra Pradesh,"Madanapalle Rd, Andhra Pradesh, India",78.61799,13.5312931
0,DBLA,Dabla,Dabla Rajasthan,North Western Railway,Rajasthan,"Dabla, Rajasthan 332718, India",75.9332596,27.9004207
0,DAS,Dhasa Jn,Dhasa Jn Gujarat,Western Railway,Gujarat,"Dhasa, Gujarat, India",71.5148052,21.7837227
0,LNL,Lonavala,Lonavala Maharashtra,Central Railway,Maharashtra,"Lonavala, Maharashtra, India",73.4090757,18.7557237
0,GZKA,Gazika,Gazika Rajasthan,North Western Railway,Rajasthan,"Gazika, Rajasthan 301001, India",76.6544,27.6073
0,DLK,Dalkolha,Dalkolha West Bengal,North Frontier Railway,West Bengal,"Dalkhola, West Bengal, India",87.8435888,25.8754466
0,GSPR,Gosalpur,Gosalpur Madhya Pradesh,West Central Railway,Madhya Pradesh,"Gosalpur, Madhya Pradesh 483222, India",80.0611759,23.39902
0,ADVI,Adavali,Adavali Maharashtra,Konkan Railway,Maharashtra,"Adavali, Maharashtra, India",73.6006342,16.9179137
0,TISI,Tisi,Tisi Maharashtra,Western Railway,Maharashtra,"Tishi, Maharashtra 425411, India",74.3616798,21.3841812
0,BUW,Burhwal,Burhwal Uttar Pradesh,North Eastern Railway,Uttar Pradesh,"Burhwal, Uttar Pradesh, India",81.3908039,27.0931227
0,BIZ,Baihata,Baihata Assam,North Frontier Railway,Assam,"Baihata Chariali, Assam, India",91.7163195,26.3448622
0,NKMG,New Karimganj,New Karimganj Assam,North Frontier Railway,Assam,"New Karimganj, Bakarshal Pt II, Assam 788713, India",92.394325,24.843111
0,VRB,Vishrambag,Vishrambag Maharashtra,Central Railway,Maharashtra,"Vishrambag, Sangli, Maharashtra, India",74.5987266,16.8474786
0,NIU,Nabipur,Nabipur Gujarat,Western Railway,Gujarat,"Nabipur, Gujarat, India",73.0360542,21.8114016
0,GTY,Golapatti,Golapatti Madhya Pradesh,West Central Railway,Madhya Pradesh,"Golapatti, Khedar, Madhya Pradesh 470664, India",79.7454867,23.7978731
0,SFG,Subedarganj,Subedarganj Uttar Pradesh,North Central Railway,Uttar Pradesh,"Subedarganj, Prayagraj, Uttar Pradesh, India",81.7877684,25.4406359
0,ASKN,Ashok Nagar,Ashok Nagar Madhya Pradesh,West Central Railway,Madhya Pradesh,"Ashoknagar, Madhya Pradesh, India",77.7318495,24.5775148
0,JRG,JUGPURA,JUGPURA Odisha,Null,Odisha,"Jugpura, Odisha, India",86.9060571,21.6746353
0,PTLD,Patiladaha,Patiladaha Assam,North Frontier Railway,Assam,"Patiladaha, Assam, India",90.8079772,26.5026721
0,SSD,SHAMSABAD,SHAMSABAD Uttar Pradesh,North Eastern Railway,Uttar Pradesh,"Shamshabad, Uttar Pradesh 209503, India",79.4394459,27.53634
0,PIH,Parhihara,Parhihara Rajasthan,North Western Railway,Rajasthan,"Parihara, Rajasthan 331505, India",74.5553697,27.9292411
0,NMA,Nirmali,Nirmali Bihar,East Central Railway,Bihar,"Nirmali, Bihar 852131, India",86.5627851,26.1630329
0,KSAR,KUDALA SANGAM,KUDALA SANGAM Karnataka,South Western Railway,Karnataka,"Kudala Sangama, Karnataka 587112, India",76.0599413,16.2030023
0,JN,DAMODAR JN,DAMODAR JN Gujarat,Western Railway,Gujarat,"Gujarat, India",71.5723953,22.6708317
0,NYG,Nayagarh,Nayagarh Odisha,East Coast Railway,Odisha,"Nayagarh, Odisha, India",85.1038426,20.1231332
0,RU,Renigunta Jn,Renigunta Jn Andhra Pradesh,South Central Railway,Andhra Pradesh,"Renigunta, Andhra Pradesh, India",79.5036674,13.6373232
0,NWD,Nawadah,Nawadah Bihar,East Central Railway,Bihar,"Nawada, Bihar, India",85.5434572,24.8866859
0,GGC,Gangapur City,Gangapur City Rajasthan,West Central Railway,Rajasthan,"Gangapur, Rajasthan, India",76.7340094,26.4833211
0,TMD,TALMADLA,TALMADLA Telangana,South Central Railway,Telangana,"Talamadla, Telangana 503102, India",78.3558251,18.227504
0,TORI,Tori,Tori Jharkhand,East Central Railway,Jharkhand,"Tori, Chandwa, Jharkhand 829203, India",84.7354741,23.68447
0,VNB,VANIYAMBALAM,VANIYAMBALAM Kerala,Southern Railway,Kerala,"Vaniyambalam, Kerala, India",76.2609463,11.1882961
0,KI,K I Airport H,K I Airport H Andhra Pradesh,South Central Railway,Andhra Pradesh,"Andhra Pradesh, India",79.7399875,15.9128998
0,DABN,Dhaban,Dhaban Rajasthan,North Western Railway,Rajasthan,"Dhaban, Rajasthan 335063, India",74.515567,29.8790713
0,MOHR,Mohana,Mohana Haryana,Northern Railway,Haryana,"Mohana, Haryana 131001, India",76.8620064,29.0338926
0,GCH,Gachhipura,Gachhipura Rajasthan,North Western Railway,Rajasthan,"Gachhipura, Rajasthan 341504, India",74.4540282,26.9545377
0,SOS,Somesar,Somesar Rajasthan,North Western Railway,Rajasthan,"Somesar, Rajasthan 306503, India",73.4519048,25.5192162
0,ON,Unnao Jn,Unnao Jn Uttar Pradesh,Northern Railway,Uttar Pradesh,"Unnao, Uttar Pradesh, India",80.4878195,26.5393449
0,ATMO,Aithal,Aithal Uttarakhand,Northern Railway,Uttarakhand,"Aithal, Uttarakhand 247663, India",78.0380882,29.8138046
0,BYXA,BETGARA,BETGARA West Bengal,North Frontier Railway,West Bengal,"Betgara, West Bengal, India",88.8694951,26.6213868
0,AD,Andheri,Andheri Andhra Pradesh,South Central Railway,Andhra Pradesh,"Andhra Pradesh, India",79.7399875,15.9128998
0,ULT,Kulti,Kulti West Bengal,Eastern Railway,West Bengal,"Kulti, West Bengal, India",86.8399213,23.7299932
0,SGD,Songadh,Songadh Gujarat,Western Railway,Gujarat,"Songadh, Gujarat, India",73.5645054,21.166359
0,KOLI,KESHOLI,KESHOLI Rajasthan,West Central Railway,Rajasthan,"Kesholi, Rajasthan 325219, India",76.7843664,24.7373999
0,DURG,Durg,Durg Chhatisgarh,South East Central Railway,Chhatisgarh,"Durg, Chhattisgarh, India",81.2849169,21.1904494
0,RDF,Radhagaon,Radhagaon Jharkhand,South Eastern Railway,Jharkhand,"Radhagaon, Jharkhand 827010, India",86.0860891,23.5981287
0,ADPT,ANDIPATTI,ANDIPATTI Tamil Nadu,Southern Railway,Tamil Nadu,"Andippatti, Tamil Nadu, India",77.6192493,9.9997308
0,BINR,BRIJ NAGAR,BRIJ NAGAR Rajasthan,North Central Railway,Rajasthan,"Nagar, Rajasthan 321205, India",77.0946874,27.4230683
0,CTR,Chatra,Chatra West Bengal,Eastern Railway,West Bengal,"Chatra, West Bengal 731238, India",87.8512922,24.3739566
0,DUI,Dhuri Jn,Dhuri Jn Punjab,Northern Railway,Punjab,"Dhuri Junction, Pathshala Mohalla, Dhuri, Punjab 148024, India",75.8662456,30.3730546
0,SPD,SUPEDI,SUPEDI Gujarat,Western Railway,Gujarat,"Supedi, Gujarat 360440, India",70.379218,21.7612326
0,SNTD,Santaldih,Santaldih West Bengal,South Eastern Railway,West Bengal,"Santaldih, West Bengal 723145, India",86.47438,23.5984753
0,VEER,Veer,Veer Maharashtra,Konkan Railway,Maharashtra,"Veer, Maharashtra, India",74.0872892,18.1507744
0,NILE,Nimtita,Nimtita West Bengal,Eastern Railway,West Bengal,"Nimtita, West Bengal 742202, India",87.970232,24.6501906
0,BIRP,Birarajpur,Birarajpur Jharkhand,South Eastern Railway,Jharkhand,"Birajpur, Jharkhand 832108, India",86.0612446,22.8238857
0,SZ,Salawas,Salawas Rajasthan,North Western Railway,Rajasthan,"Salawas, Rajasthan, India",72.9992013,26.1298634
0,NIA,Janjgir Naila,Janjgir Naila Chhatisgarh,South East Central Railway,Chhatisgarh,"Naila, Janjgir, Chhattisgarh 495668, India",82.5699766,22.0193063
0,RRGA,RANGAREDDY GUDA,RANGAREDDY GUDA Telangana,South Central Railway,Telangana,"Rangareddy Guda, Telangana 509301, India",78.1788872,16.9016191
0,RAJP,Rajapur,Rajapur Maharashtra,Konkan Railway,Maharashtra,"Rajapur, Maharashtra 416702, India",73.5211286,16.6571252
0,BNG,Barnagar,Barnagar Madhya Pradesh,Western Railway,Madhya Pradesh,"Barnagar, Madhya Pradesh 456771, India",75.3773549,23.0504394
0,DIB,Dibai,Dibai Uttar Pradesh,Northern Railway,Uttar Pradesh,"Dibai, Uttar Pradesh, India",78.2561578,28.2090551
0,SER,TATA SIJUA HALT,TATA SIJUA HALT Tamil Nadu,Southern Railway,Tamil Nadu,"Tamil Nadu, India",78.6568942,11.1271225
0,MGW,Gangaghat,Gangaghat Uttar Pradesh,Northern Railway,Uttar Pradesh,"Gangaghat, Uttar Pradesh 209861, India",80.3776957,26.5028753
0,MRTL,Mirthal,Mirthal Punjab,Northern Railway,Punjab,"Mirthal, Punjab 145101, India",75.6062597,32.1181288
0,PPDA,Panchpatia Deoria Halt,Panchpatia Deoria Halt Bihar,East Central Railway,Bihar,"Panchpatia Deoria Halt, Pachpatia, Jhaua, Bihar 841225, India",84.9361812,25.7683975
0,CJ,Kanchipuram,Kanchipuram Tamil Nadu,Southern Railway,Tamil Nadu,"Kanchipuram, Tamil Nadu 631501, India",79.7041698,12.8371787
0,MKN,Makrana Jn,Makrana Jn Rajasthan,North Western Railway,Rajasthan,"Makrana, Rajasthan, India",74.7279059,27.0375085
0,DWV,Diwankhavati,Diwankhavati Maharashtra,Konkan Railway,Maharashtra,"Divan-khavati, Maharashtra, India",73.4386466,17.8409131
0,LGDH,Lalaguda Gate,Lalaguda Gate Telangana,South Central Railway,Telangana,"Lalaguda Gate, N Lalaguda Rd, SC Railway Colony, Malkajgiri, Secunderabad, Telangana 500017, India",78.5247661,17.4408311
0,CNB,Kasganj,Kasganj Uttar Pradesh,North Central Railway,Uttar Pradesh,"Kasganj, Uttar Pradesh 207123, India",78.6461098,27.808529
0,DRH,Dharhara,Dharhara Bihar,Eastern Railway,Bihar,"Dharhara, Bihar 811212, India",86.4022771,25.2564134
0,GGH,GHOGARDIHA,GHOGARDIHA Bihar,East Central Railway,Bihar,"Ghoghardiha, Bihar 847402, India",86.4657543,26.2835025
0,MURI,Muri,Muri Jharkhand,South Eastern Railway,Jharkhand,"Muri, Jharkhand 835101, India",85.8614181,23.3784241
0,LXA,LAKSWA,LAKSWA Assam,North Frontier Railway,Assam,"Lakwa, Assam, India",94.8572493,27.01356
0,TADA,TADA,TADA Andhra Pradesh,Southern Railway,Andhra Pradesh,"Tada, Andhra Pradesh 524401, India",80.0387776,13.5856417
0,BGNR,B.g.nagar,B.g.nagar Karnataka,South Western Railway,Karnataka,"B.G Nagara, Karnataka 571418, India",76.7249192,12.9633691
0,KCC,Krishna Canal,Krishna Canal Andhra Pradesh,South Central Railway,Andhra Pradesh,"Krishna Canal, Eluru, Andhra Pradesh",81.09891469,16.70911066
0,DTX,Dangtal,Dangtal Assam,North Frontier Railway,Assam,"Dangtal, Bongaigaon, Tilpukhuri, Assam 783381, India",90.495362,26.469173
0,BU,Baswa,Baswa Rajasthan,North Western Railway,Rajasthan,"Baswa, Rajasthan, India",76.5828686,27.1490888
0,JDB,Jagdalpur,Jagdalpur Chhatisgarh,East Coast Railway,Chhatisgarh,"Jagdalpur, Chhattisgarh 494001, India",82.0188426,19.0861377
0,SSR,Sareri,Sareri Rajasthan,North Western Railway,Rajasthan,"Sareri, Rajasthan 311024, India",74.6050067,25.7037309
0,AYVN,New Aryankavu,New Aryankavu Kerala,Southern Railway,Kerala,"Aryankavu New Block, Kerala 691309, India",77.134751,8.955244
0,NWU,Navapur,Navapur Maharashtra,Western Railway,Maharashtra,"Navapur, Maharashtra 425418, India",73.7946403,21.1616527
0,THL,TIRUVALAM,TIRUVALAM Tamil Nadu,Southern Railway,Tamil Nadu,"Thiruvalam, Tamil Nadu 632515, India",79.2592105,12.9823036
0,DMC,Dhemaji,Dhemaji Assam,North Frontier Railway,Assam,"Dhemaji, Assam 787057, India",94.5587757,27.4720412
0,GRU,GAROPARA,GAROPARA West Bengal,North Frontier Railway,West Bengal,"Garo Para, West Bengal 736134, India",89.4919366,26.2576211
0,WKA,VAKAV,VAKAV Maharashtra,Central Railway,Maharashtra,"Wakav, Maharashtra, India",75.5946194,17.9811344
0,MLD,Malihabad,Malihabad Uttar Pradesh,Northern Railway,Uttar Pradesh,"Malihabad, Uttar Pradesh 226102, India",80.7075809,26.916818
0,NMT,NAMTIALI,NAMTIALI Assam,North Frontier Railway,Assam,"Assam, India",92.9375739,26.2006043
0,MLB,MODNIMB,MODNIMB Maharashtra,Central Railway,Maharashtra,"Modanimb, Maharashtra 413301, India",75.4024228,17.9145128
0,SDGM,Sardargram,Sardargram Gujarat,Western Railway,Gujarat,"Sardargram Railway Station, Kubernagar Rd, Kuber Nagar, Ahmedabad, Gujarat 382345, India",72.6424296,23.0715462
0,VTP,Vastrapur,Vastrapur Gujarat,Western Railway,Gujarat,"Vastrapur, Ahmedabad, Gujarat, India",72.5277849,23.0376238
0,NMJ,Nidamangalam,Nidamangalam Tamil Nadu,Southern Railway,Tamil Nadu,"Needamangalam, Tamil Nadu, India",79.414322,10.7713257
0,SUNR,Surendranagar,Surendranagar Gujarat,Western Railway,Gujarat,"Surendranagar, Gujarat, India",71.6369542,22.7251204
0,MXJ,MANGURJAN,MANGURJAN West Bengal,North Frontier Railway,West Bengal,"Mangurjan, Bhotamari, West Bengal 855117, India",88.256547,26.4122666
0,KNO,KUNDGOL,KUNDGOL Karnataka,South Western Railway,Karnataka,"Kundgol, Karnataka 581113, India",75.2475354,15.2552502
0,TLMR,TELIAMURA,TELIAMURA Tripura,North Frontier Railway,Tripura,"Teliamura, Tripura, India",91.6341302,23.8401831
0,WZJ,Wazerganj,Wazerganj Bihar,East Central Railway,Bihar,"Sinha Colony, Wazirganj, Bihar 805131, India",85.2435917,24.8028781
0,PI,PADLI,PADLI Maharashtra,Central Railway,Maharashtra,"Padli, Maharashtra 415114, India",74.1328046,17.2906448
0,DHL,DEVANAHALLI,DEVANAHALLI Karnataka,South Western Railway,Karnataka,"Devanahalli, Southegowdanahalli, Karnataka 562110, India",77.7172413,13.2437197
0,KYJ,Kayankulam Jn,Kayankulam Jn Kerala,Southern Railway,Kerala,"Kayamkulam, Kerala, India",76.5013352,9.1748422
0,BSGR,BHAGSAR,BHAGSAR Punjab,Northern Railway,Punjab,"Bhagsar, Punjab 152026, India",74.4027294,30.4381862
0,RMT,Ramgarh Cant,Ramgarh Cant Jharkhand,South Eastern Railway,Jharkhand,"Ramgarh Cantonment, Jharkhand, India",85.5124209,23.6362593
0,MQ,Mannargudi,Mannargudi Tamil Nadu,Southern Railway,Tamil Nadu,"Mannargudi, Tamil Nadu, India",79.4481754,10.6631615
0,IGP,Igatpuri,Igatpuri Maharashtra,Central Railway,Maharashtra,"Igatpuri, Maharashtra, India",73.5611065,19.6963259
0,PUD,Phanda,Phanda Madhya Pradesh,Western Railway,Madhya Pradesh,"Phanda, Madhya Pradesh 466665, India",77.2088987,23.537953
0,PUS,Phusro,Phusro Jharkhand,East Central Railway,Jharkhand,"Phusro, Jharkhand, India",86.0020693,23.7622641
0,AGV,ANGUA,ANGUA West Bengal,South Eastern Railway,West Bengal,"Angua, West Bengal 721426, India",87.2792409,21.9030448
0,MNP,Mananpur,Mananpur Bihar,East Central Railway,Bihar,"Mananpur, Bihar 811310, India",86.1554629,25.1059365
0,BZM,Bhimsen,Bhimsen Uttar Pradesh,North Central Railway,Uttar Pradesh,"Bhimsen, Uttar Pradesh 208020, India",80.2181886,26.4226298
0,CNC,Chinchli,Chinchli Karnataka,South Western Railway,Karnataka,"Chinchali, Karnataka 591217, India",74.8185446,16.5633271
0,DZL,Dhana Ladanpur,Dhana Ladanpur Haryana,North Western Railway,Haryana,"Dhana Ladanpur, Haryana 127021, India",76.1631577,28.7565794
0,PKF,Pokla,Pokla Jharkhand,South Eastern Railway,Jharkhand,"Pokla, Jharkhand 835227, India",84.9531416,22.9182841
0,RBS,Rupbas,Rupbas Rajasthan,North Eastern Railway,Rajasthan,"Rupbas, Rajasthan 321404, India",77.5930097,26.9940069
0,WFD,Gottihalli Halt,Gottihalli Halt Karnataka,South Western Railway,Karnataka,"Gottihalli, Karnataka 563126, India",78.1293615,13.2374501
0,SIKR,Sikar Jn,Sikar Jn Rajasthan,North Western Railway,Rajasthan,"Sikar, Rajasthan, India",75.1397935,27.6093912
0,SME,Shivamogga H,Shivamogga H Karnataka,South Western Railway,Karnataka,"1st Parallel Rd, Durgigudi, Shivamogga, Karnataka 577201, India",75.5697059,13.9368271
0,BNK,BANASANKARAI HA,BANASANKARAI HA Karnataka,South Western Railway,Karnataka,"Karnataka, India",75.7138884,15.3172775
0,DAB,Dharmabad,Dharmabad Maharashtra,South Central Railway,Maharashtra,"Dharmabad, Maharashtra, India",77.8472857,18.890881
0,AWY,Idaplli,Idaplli Kerala,Southern Railway,Kerala,"Edappally, Kochi, Kerala, India",76.3124753,10.0260688
0,TIW,Tivari,Tivari Rajasthan,North Western Railway,Rajasthan,"Tiwari, Rajasthan, India",72.8844316,26.552039
0,MJRI,Majri Jn,Majri Jn Maharashtra,Central Railway,Maharashtra,"Majri, Maharashtra 442503, India",79.032016,20.1257549
0,PCMK,PACHARMALIKPURA,PACHARMALIKPURA Rajasthan,North Western Railway,Rajasthan,"Pacharmalikpura, Railway Station Road, Malikpura, Rajasthan 303603, India",75.3950654,27.2061517
0,KML,Kamtaul,Kamtaul Bihar,East Central Railway,Bihar,"Kamtoul, Bihar 847304, India",85.8204646,26.3321245
0,TKB,Tupkadih,Tupkadih Jharkhand,South Eastern Railway,Jharkhand,"Tupkadih Rd, Tantri, Jharkhand 829132, India",86.0437853,23.7237718
0,ERN,Ernakulam Town,Ernakulam Town Kerala,Southern Railway,Kerala,"Ernakulam, Kerala, India",76.2998842,9.9816358
0,GT,GHATKESAR,GHATKESAR Telangana,South Central Railway,Telangana,"Ghatkesar, Telangana 501301, India",78.6809932,17.4510735
0,GPC,GHATPINDRAI,GHATPINDRAI Madhya Pradesh,West Central Railway,Madhya Pradesh,"Ghatpindrai, Madhya Pradesh, India",79.2761224,22.9727271
0,MHI,MANIHARI,MANIHARI Bihar,North Frontier Railway,Bihar,"Manihari, Bihar 854113, India",87.6226819,25.3460615
0,BLZ,Budhlada,Budhlada Punjab,Northern Railway,Punjab,"Budhlada, Punjab, India",75.5546902,29.9258829
0,VID,Vilavade,Vilavade Maharashtra,Konkan Railway,Maharashtra,"Vilavade, Maharashtra, India",73.6006342,16.7921313
0,MDF,Muradi,Muradi West Bengal,South Eastern Railway,West Bengal,"Muraddi, West Bengal, India",86.8245443,23.5851883
0,DPX,DADPUR,DADPUR Bihar,East Central Railway,Bihar,"Dadpur, Bihar 811305, India",86.3503495,24.8272292
0,PRNA,Purnea Jn,Purnea Jn Bihar,North Frontier Railway,Bihar,"Purnea Junction, Purnea - Araria - Forbesganj Rd, Khuskibagh, Purnia, Bihar 854326, India",87.519204,25.7891089
0,BPE,BENAPUR,BENAPUR West Bengal,South Eastern Railway,West Bengal,"Benapur, West Bengal, India",87.9506348,22.407284
0,NDL,Nandyal,Nandyal Andhra Pradesh,South Central Railway,Andhra Pradesh,"Nandyala, Andhra Pradesh, India",78.487285,15.4776876
0,RJS,RAJIYASAR,RAJIYASAR Rajasthan,North Western Railway,Rajasthan,"Rajiyasar, Rajasthan 335804, India",73.9653715,29.0622602
0,BUDM,Badmal,Badmal Odisha,East Coast Railway,Odisha,"Badmal, Odisha, India",83.2880591,20.3747293
0,JSR,Jasra,Jasra Uttar Pradesh,North Central Railway,Uttar Pradesh,"Jasra, Uttar Pradesh 212107, India",81.7766514,25.2816904
0,LMP,Lakhimpur,Lakhimpur Uttar Pradesh,North Eastern Railway,Uttar Pradesh,"Lakhimpur, Uttar Pradesh, India",80.7787163,27.9462395
0,TKMG,Tikamgarh,Tikamgarh Madhya Pradesh,North Central Railway,Madhya Pradesh,"Tikamgarh, Madhya Pradesh 472001, India",78.8320779,24.7456147
0,SDM,Surareddipalem,Surareddipalem Andhra Pradesh,South Central Railway,Andhra Pradesh,"Surareddy Palem, Andhra Pradesh 523272, India",80.0437123,15.4039549
0,DSB,Sadar Bazar,Sadar Bazar Delhi,Northern Railway,Delhi,"Sadar Bazaar, New Delhi, Delhi, India",77.2127305,28.6585105
0,DDV,DADHDEVI,DADHDEVI Rajasthan,West Central Railway,Rajasthan,"Dadhdevi, Rajasthan 325001, India",75.89501,25.09218
0,AEH,Anant Paith,Anant Paith Madhya Pradesh,North Central Railway,Madhya Pradesh,"Anant Paith, Lakhiya, Madhya Pradesh 475110, India",78.27661,25.9554
0,PPI,Pipariya,Pipariya Madhya Pradesh,West Central Railway,Madhya Pradesh,"Pipariya, Madhya Pradesh 461775, India",78.3491007,22.7612936
0,KZB,KURUMBUR,KURUMBUR Tamil Nadu,Southern Railway,Tamil Nadu,"Kurumbur, Tamil Nadu 628207, India",78.0433311,8.5919513
0,GUV,Guruvayur,Guruvayur Kerala,Southern Railway,Kerala,"Guruvayur, Kerala, India",76.0368701,10.594561
0,TIU,Tilaru,Tilaru Andhra Pradesh,East Coast Railway,Andhra Pradesh,"Tilaru, Andhra Pradesh 532474, India",84.0728979,18.4708966
0,POZ,Potul,Potul Maharashtra,South Central Railway,Maharashtra,"Potul, Maharashtra 431002, India",75.1217002,19.918052
0,SOT,Shohratgarh,Shohratgarh Uttar Pradesh,North Eastern Railway,Uttar Pradesh,"Shohratgarh, Uttar Pradesh 272205, India",82.9596879,27.4025296
0,YLG,Yalvigi,Yalvigi Karnataka,South Western Railway,Karnataka,"Yalavigi, Karnataka 581118, India",75.4038798,15.0360714
0,MKD,Markundi,Markundi Uttar Pradesh,West Central Railway,Uttar Pradesh,"Markundi, Uttar Pradesh, India",83.042179,24.6210313
0,DAG,DHANG,DHANG Bihar,East Central Railway,Bihar,"Dheng, Bihar, India",85.3291291,26.7260404
0,BHET,Bhestan,Bhestan Gujarat,Western Railway,Gujarat,"Bhestan, Surat, Gujarat, India",72.8545019,21.1302583
0,SORO,Soro,Soro Odisha,South Eastern Railway,Odisha,"Soro, Odisha 756045, India",86.6917887,21.2814867
0,MNV,Mungaoli,Mungaoli Madhya Pradesh,West Central Railway,Madhya Pradesh,"Mungaoli, Madhya Pradesh 473443, India",78.0937171,24.4140762
0,KMV,KARMAD,KARMAD Maharashtra,South Central Railway,Maharashtra,"Karmad, Maharashtra 431007, India",75.5378599,19.8693896
0,NEC,Nemilichery,Nemilichery Tamil Nadu,Null,Tamil Nadu,"Nemilichery, Chromepet, Chennai, Tamil Nadu, India",80.1637901,12.9485798
0,MHV,MAHUVA JN,MAHUVA JN Gujarat,Western Railway,Gujarat,"Mahuva, Gujarat 364290, India",71.7704631,21.0921598
0,DRI,DUMRI JUARA,DUMRI JUARA Bihar,East Central Railway,Bihar,"Dumri Juara, Dumari, Bihar 841211, India",84.8709549,25.7490652
0,BRGT,Bheraghat,Bheraghat Madhya Pradesh,West Central Railway,Madhya Pradesh,"Bhedaghat, Madhya Pradesh 483053, India",79.8023574,23.1305898
0,MOB,MANOHARABAD,MANOHARABAD Telangana,South Central Railway,Telangana,"Manoharabad, Telangana 502336, India",78.4680902,17.7664207
0,PAR,Pandhurna,Pandhurna Madhya Pradesh,Central Railway,Madhya Pradesh,"Pandhurna, Madhya Pradesh 480334, India",78.5291706,21.5925296
0,BJG,BAJRANGARH,BAJRANGARH Madhya Pradesh,Western Railway,Madhya Pradesh,"Bajrangarh, Madhya Pradesh, India",77.2692503,24.568181
0,ML,Malhour,Malhour Uttar Pradesh,Northern Railway,Uttar Pradesh,"Malhour, Ashraf Vihar Colony, Gomti Nagar, Lucknow, Uttar Pradesh, India",81.0406174,26.8584991
0,RNV,Raniwara,Raniwara Rajasthan,North Western Railway,Rajasthan,"Raniwara, Rajasthan 343040, India",72.2043408,24.7492389
0,MNM,Manamadurai Jn,Manamadurai Jn Tamil Nadu,Southern Railway,Tamil Nadu,"Manamadurai Junction Railway Station, near old bus stand, Manamadurai, Tamil Nadu 630606, India",78.4536749,9.6974771
0,SNK,Sindkheda,Sindkheda Maharashtra,Western Railway,Maharashtra,"Sindkheda, Maharashtra 425406, India",74.7455078,21.2725651
0,KRS,Karisath,Karisath Bihar,East Central Railway,Bihar,"Karisath, Bihar 802157, India",84.5497376,25.5719584
0,AD,Adoni,Adoni Andhra Pradesh,South Central Railway,Andhra Pradesh,"Adoni, Andhra Pradesh, India",77.2758833,15.6318824
0,LDY,Lakkiti,Lakkiti Kerala,Southern Railway,Kerala,"Lakkidi, Kunnathidavaka, Kerala 673576, India",76.0246845,11.5218773
0,HHT,HABANGHATA,HABANGHATA Karnataka,South Western Railway,Karnataka,"Karnataka, India",75.7138884,15.3172775
0,GTA,Golanthra,Golanthra Odisha,East Coast Railway,Odisha,"Golanthara, Gobindanagar, Odisha 761008, India",84.7446146,19.2169342
0,RBH,RAJBANDH,RAJBANDH West Bengal,Eastern Railway,West Bengal,"Rajbandh, West Bengal, India",87.3934761,23.4767657
0,BAP,BAP,BAP Maharashtra,Central Railway,Maharashtra,"Maharashtra, India",75.7138884,19.7514798
0,KTV,Kottavalasa,Kottavalasa Andhra Pradesh,East Coast Railway,Andhra Pradesh,"Kothavalasa, Andhra Pradesh 535183, India",83.1903382,17.8899871
0,TNKU,Tanuku,Tanuku Andhra Pradesh,South Central Railway,Andhra Pradesh,"Tanuku, Andhra Pradesh, India",81.6769714,16.7565815
0,SGLA,Sangola,Sangola Maharashtra,Central Railway,Maharashtra,"Sangola, Maharashtra 413307, India",75.1953934,17.4340512
0,PLCJ,Phalodi JN,Phalodi JN Rajasthan,North Western Railway,Rajasthan,"Phalodi, Rajasthan 342301, India",72.3700545,27.1338631
0,MDKM,MADATTUKULAM,MADATTUKULAM Tamil Nadu,Southern Railway,Tamil Nadu,"Madattukulam, Tamil Nadu, India",77.3623682,10.5590832
0,PRR,Purulia Jn,Purulia Jn West Bengal,South Eastern Railway,West Bengal,"Purulia, West Bengal, India",86.3616405,23.3322026
0,KPN,Kuppam,Kuppam Andhra Pradesh,South Western Railway,Andhra Pradesh,"Kuppam, Andhra Pradesh 517425, India",78.342291,12.7461129
0,HX,Cuddapah,Cuddapah Andhra Pradesh,South Central Railway,Andhra Pradesh,"Kadapa, Andhra Pradesh, India",78.8242089,14.4673154
0,BHCL,BAHORA CHANDIL,BAHORA CHANDIL Uttar Pradesh,East Central Railway,Uttar Pradesh,"Bahora Chandil Halt, Bahora, Dhina, Bagdeya, Uttar Pradesh 232106, India",83.4953508,25.3661023
0,BHZ,Bihara,Bihara Assam,North Frontier Railway,Assam,"Chandranathpur, Assam, India",92.6959016,24.965962
0,GLTA,GAHLOTA,GAHLOTA Rajasthan,North Western Railway,Rajasthan,"Gahlota, Rajasthan, India",74.9734805,26.7000469
0,SRNT,Sarnath,Sarnath Uttar Pradesh,North Eastern Railway,Uttar Pradesh,"Sarnath, Varanasi, Uttar Pradesh 221007, India",83.0252136,25.3715564
0,MNZ,MANANI,MANANI Uttar Pradesh,Northern Railway,Uttar Pradesh,"Manani, Uttar Pradesh 247001, India",77.4963663,29.885223
0,BNW,Bhiwani City,Bhiwani City Haryana,North Western Railway,Haryana,"Bhiwani, Haryana, India",76.1322058,28.7974684
0,CJM,Chinna Ganjam,Chinna Ganjam Andhra Pradesh,South Central Railway,Andhra Pradesh,"Chinnaganjam, Andhra Pradesh, India",80.2418578,15.6929955
0,SML,Shimla,Shimla Himachal Pradesh,Northern Railway,Himachal Pradesh,"Shimla, Himachal Pradesh, India",77.1639874,31.104963
0,SGAM,Sareigram,Sareigram Madhya Pradesh,West Central Railway,Madhya Pradesh,"5MX7+PR3, Singrauli, Madhya Pradesh 486889, India",82.6645343,24.1992677
0,KDKN,Kendukana,Kendukana Assam,North Frontier Railway,Assam,"Kendukona, Assam 781354, India",91.6438906,26.3738505
0,NQR,Naraj Marthapur,Naraj Marthapur Odisha,East Coast Railway,Odisha,"Naraj Marthapur, Narajmarthapur, Odisha 754006, India",85.780514,20.4596237
0,MPD,MADPUR,MADPUR West Bengal,South Eastern Railway,West Bengal,"Madpur, Baragere, West Bengal, India",87.4401406,22.380971
0,MBNR,Mahabubnagar To,Mahabubnagar To Telangana,South Central Railway,Telangana,"Mahbubnagar, Telangana 509001, India",78.0035172,16.7488379
0,ASD,Ambasamudram,Ambasamudram Tamil Nadu,Southern Railway,Tamil Nadu,"Ambasamudram, Tamil Nadu, India",77.4485388,8.7035955
0,OKHA,Okha,Okha Gujarat,Western Railway,Gujarat,"Okha, Gujarat, India",69.0692304,22.4708011
0,SBR,Sambhar Lake,Sambhar Lake Rajasthan,North Western Railway,Rajasthan,"Shakambari Jheel, Rajasthan 341509",75.0961549,26.9260523
0,DBA,Dabra,Dabra Madhya Pradesh,North Central Railway,Madhya Pradesh,"Dabra, Madhya Pradesh 475110, India",78.3373104,25.8878531
0,CMA,Cinnamara,Cinnamara Assam,North Frontier Railway,Assam,"Cinnamara, Jorhat, Assam, India",94.2410257,26.707144
0,DWLE,Dhauni,Dhauni Bihar,Eastern Railway,Bihar,"Dhauni, Bihar, India",87.0149438,24.9841799
0,BOW,INGORALA,INGORALA Rajasthan,North Western Railway,Rajasthan,"Rajasthan, India",74.2179326,27.0238036
0,OSN,Osiyan,Osiyan Rajasthan,North Western Railway,Rajasthan,"Osian, Rajasthan 342303, India",72.9067194,26.7282277
0,SVN,SIVUNGAON,SIVUNGAON Maharashtra,South Central Railway,Maharashtra,"Shivangaon, Maharashtra 431806, India",77.5476117,19.1100964
0,BER,Beawar,Beawar Rajasthan,North Western Railway,Rajasthan,"Beawar, Rajasthan, India",74.3199038,26.104585
0,BMGA,BHIMGARA,BHIMGARA West Bengal,Eastern Railway,West Bengal,"Bhimgara, West Bengal 731133, India",87.2835919,23.738792
0,MLPR,Malipur,Malipur Uttar Pradesh,Northern Railway,Uttar Pradesh,"Malipur, Uttar Pradesh 224159, India",82.648411,26.2832248
0,RJG,Rajgram,Rajgram West Bengal,Eastern Railway,West Bengal,"Rajgram, West Bengal 731222, India",87.8500644,24.538716
0,KJKD,KANJIKODE,KANJIKODE Kerala,Southern Railway,Kerala,"Kanjikode, Kerala, India",76.7430239,10.797578
0,PRY,Paraiya,Paraiya Bihar,East Central Railway,Bihar,"Paraiya, Bihar 824209, India",84.8425578,24.8180656
0,MVD,MULVAD,MULVAD Karnataka,South Western Railway,Karnataka,"Mulvad, Karnataka 586108, India",75.7327879,16.5931255
0,UBL,Chikkabenakal,Chikkabenakal Karnataka,South Western Railway,Karnataka,"Chikkabenakal, Hire Benkal, Karnataka 583235, India",76.4427376,15.4286553
0,PER,Perambur,Perambur Tamil Nadu,Southern Railway,Tamil Nadu,"Perambur, Chennai, Tamil Nadu, India",80.2325781,13.1210302
0,PES,Phesar,Phesar Bihar,East Central Railway,Bihar,"Phesar, Bihar 824121, India",84.4146403,24.8386837
0,JN,CHAKROD,CHAKROD Gujarat,Western Railway,Gujarat,"Gujarat, India",71.5723953,22.6708317
0,MDVL,Mandavalli,Mandavalli Andhra Pradesh,South Central Railway,Andhra Pradesh,"Mandavalli, Andhra Pradesh 521345, India",81.155844,16.5133571
0,BSC,Bulandshahr,Bulandshahr Uttar Pradesh,Northern Railway,Uttar Pradesh,"Bulandshahr, Uttar Pradesh 203001, India",77.8498292,28.406963
0,KRD,Karad,Karad Maharashtra,Central Railway,Maharashtra,"Karad, Maharashtra, India",74.1843535,17.277693
0,PSO,Palsora Makrawa,Palsora Makrawa Madhya Pradesh,Western Railway,Madhya Pradesh,"Madhya Pradesh, India",78.6568942,22.9734229
0,KPHH,Kushalpur Harnaha Halt,Kushalpur Harnaha Halt Bihar,East Central Railway,Bihar,"Kushalpur Harnaha Halt, Kushalpur, Bihar 802133, India",84.098789,25.5700089
0,SKRI,SIKARIA,SIKARIA Bihar,East Central Railway,Bihar,"Sikaria, Bihar 821115, India",84.0246733,24.9123097
0,MNHA,MINDHA,MINDHA Rajasthan,North Western Railway,Rajasthan,"Minda, Rajasthan 341507, India",75.3208107,27.1139164
0,BCU,Bhuchchu,Bhuchchu Punjab,Northern Railway,Punjab,"Bhuchchu, Ward Number 8, Bhucho Mandi, Punjab 151101, India",75.0953199,30.2101205
0,KNL,Kalanwali,Kalanwali Haryana,North Western Railway,Haryana,"Kalanwali, Haryana 125201, India",74.9747614,29.822711
0,GHAT,Bilhar Ghat,Bilhar Ghat Madhya Pradesh,West Central Railway,Madhya Pradesh,"Bilhar, Uttar Pradesh 475661, India",78.4567223,25.5664422
0,KOP,C Shahumharaj T,C Shahumharaj T Maharashtra,Central Railway,Maharashtra,"Maharashtra, India",75.7138884,19.7514798
0,BBS,Bhubaneswar,Bhubaneswar Odisha,East Coast Railway,Odisha,"Bhubaneswar, Odisha, India",85.8246101,20.2959847
0,SGJ,Safdarganj,Safdarganj Uttar Pradesh,Northern Railway,Uttar Pradesh,"Safdarganj, Uttar Pradesh, India",81.3536914,26.9054317
0,VSKP,Visakhapatnam,Visakhapatnam Andhra Pradesh,East Coast Railway,Andhra Pradesh,"Visakhapatnam, Andhra Pradesh, India",83.2184815,17.6868159
0,KNPR,Kendrapara Road,Kendrapara Road Odisha,East Coast Railway,Odisha,"Kendrapara Bypass Rd, Kendrapara, Odisha 754211, India",86.4101908,20.5086429
0,CLDY,Chandlodiya,Chandlodiya Gujarat,Western Railway,Gujarat,"Chandlodiya, Ahmedabad, Gujarat 380081, India",72.5462774,23.0829964
0,TCR,Thrisur,Thrisur Kerala,Southern Railway,Kerala,"Thrissur, Kerala, India",76.2144349,10.5276416
0,GGVT,Gangavathi,Gangavathi Karnataka,South Western Railway,Karnataka,"Gangavathi, Karnataka, India",76.5280701,15.4319267
0,SRY,Sirari,Sirari Bihar,East Central Railway,Bihar,"Sirari, Bihar, India",85.9502538,25.136013
0,VMU,VEMURU,VEMURU Andhra Pradesh,South Central Railway,Andhra Pradesh,"Vemuru, Andhra Pradesh, India",80.7399885,16.1792758
0,MLTR,MELATTUR,MELATTUR Kerala,Southern Railway,Kerala,"Melattur, Kerala, India",76.2740169,11.0599137
0,NGY,Nathganj,Nathganj Bihar,East Central Railway,Bihar,"Nathganj, Patwans, Bihar 805125, India",85.381194,24.546897
0,DHW,Dhariwal,Dhariwal Punjab,Northern Railway,Punjab,"Dhariwal, Punjab, India",75.323245,31.958504
0,KNDL,KHANDEL,KHANDEL Rajasthan,North Western Railway,Rajasthan,"Khandel, Rajasthan 303604, India",75.2741557,26.9536937
0,KV,Utarlai,Utarlai Gujarat,Western Railway,Gujarat,"Gujarat, India",71.5723953,22.6708317
0,SBDR,Sonbhadra,Sonbhadra Uttar Pradesh,North Central Railway,Uttar Pradesh,"Robertsganj, Uttar Pradesh 231216, India",83.0683519,24.6850005
0,BYL,Belha,Belha Chhatisgarh,South East Central Railway,Chhatisgarh,"Bilha, Chhattisgarh, India",82.0490856,21.9628018
0,IDH,Idgah Agra Jn,Idgah Agra Jn Uttar Pradesh,North Central Railway,Uttar Pradesh,"Idgah railway station, Police Line, Agra, Uttar Pradesh 282010, India",77.9999228,27.1738369
0,KDGH,Kodigehalli,Kodigehalli Karnataka,South Western Railway,Karnataka,"Kodigehalli, Bengaluru, Karnataka, India",77.5787819,13.0697279
0,JKN,Jakhanian,Jakhanian Uttar Pradesh,North Eastern Railway,Uttar Pradesh,"Jakhanian, Uttar Pradesh 275203, India",83.3709253,25.745842
0,PCV,Palakkodu,Palakkodu Tamil Nadu,South Western Railway,Tamil Nadu,"Palacode, Tamil Nadu 636808, India",78.0729903,12.3045694
0,KUE,Kursela,Kursela Bihar,East Central Railway,Bihar,"Kursela, Bihar, India",87.250179,25.4509922
0,BUBR,Bhutakia Bhimsa,Bhutakia Bhimsa Gujarat,Western Railway,Gujarat,"Bhutakia, Gujarat 370145, India",70.7986162,23.5534305
0,URPR,Ugrasenpur,Ugrasenpur Uttar Pradesh,Northern Railway,Uttar Pradesh,"Ugrasenpur, Uttar Pradesh 212405, India",82.1727229,25.5673412
0,BBSN,Bhubaneswar New,Bhubaneswar New Odisha,East Coast Railway,Odisha,"Bhubaneswar, Odisha, India",85.8246101,20.2959847
0,AME,Murhesi Rampur,Murhesi Rampur Uttar Pradesh,Northern Railway,Uttar Pradesh,"Rampur, Uttar Pradesh 244901, India",79.0220287,28.798299
0,SHDM,Shahbad Marknda,Shahbad Marknda Haryana,Northern Railway,Haryana,"Shahbad, Haryana 136135, India",76.8697232,30.1557114
0,KMTI,Kumarhatti,Kumarhatti Himachal Pradesh,Northern Railway,Himachal Pradesh,"Kumarhatti, Himachal Pradesh, India",77.0571659,30.8884975
0,TVL,Tadwal,Tadwal Maharashtra,South Western Railway,Maharashtra,"Tadwal, Alagi to Tadval Road, Maharashtra 413219, India",75.9756274,17.3932229
0,KUU,Kuhuri,Kuhuri Odisha,East Coast Railway,Odisha,"Kuhudi, Odisha 752027, India",85.3534667,19.8743754
0,BDVL,BUDVEL,BUDVEL Telangana,South Central Railway,Telangana,"Budwel, Telangana, India",78.4064687,17.3343684
0,AKVD,Akividu,Akividu Andhra Pradesh,South Central Railway,Andhra Pradesh,"Akividu, Andhra Pradesh 534235, India",81.3767431,16.5817724
0,SGR,Sangmeshwar,Sangmeshwar Maharashtra,Konkan Railway,Maharashtra,"Sangameshwar, Maharashtra 415611, India",73.552051,17.1871271
0,MLAR,Malanpur,Malanpur Madhya Pradesh,North Central Railway,Madhya Pradesh,"Malanpur, Madhya Pradesh, India",78.2874772,26.3670378
0,DKX,Dudhwakhara,Dudhwakhara Rajasthan,North Western Railway,Rajasthan,"Dudhwa Khara, Rajasthan 331029, India",75.094328,28.4814152
0,TNA,Thane,Thane Maharashtra,Central Railway,Maharashtra,"Thane, Maharashtra, India",72.9780897,19.2183307
0,KRKN,KARKEND,KARKEND Jharkhand,South Eastern Railway,Jharkhand,"Karkend, Chhatatanr, Jharkhand 828116, India",86.370755,23.765437
0,DDN,Dehradun,Dehradun Uttarakhand,Northern Railway,Uttarakhand,"Dehradun, Uttarakhand, India",78.0321918,30.3164945
0,WDLN,Wadwal Nagnath,Wadwal Nagnath Maharashtra,South Central Railway,Maharashtra,"Wadwal Nagnath, Maharashtra 413529, India",76.8050565,18.5330573
0,MOPR,MOHANPURA,MOHANPURA Rajasthan,Northern Railway,Rajasthan,"Mohanpura, Rajasthan 302029, India",75.7400563,26.823767
0,MOG,Mohiuddinnagar,Mohiuddinnagar Bihar,East Central Railway,Bihar,"Mohiuddinagar, Bihar 848501, India",85.6746638,25.5731993
0,KXB,Kanjiya,Kanjiya Madhya Pradesh,West Central Railway,Madhya Pradesh,"Kanjiya, Madhya Pradesh 483334, India",80.3129541,23.3640703
0,PARH,Padarkheda,Padarkheda Madhya Pradesh,West Central Railway,Madhya Pradesh,"Padar Kheda, Madhya Pradesh 473551, India",77.665066,25.6920697
0,BTTR,Bitragunta,Bitragunta Andhra Pradesh,South Central Railway,Andhra Pradesh,"Bitragunta, Andhra Pradesh 524142, India",79.9584397,14.7949897
0,BNPT,BENNIPATTI PIRAPUR,BENNIPATTI PIRAPUR Bihar,East Central Railway,Bihar,"Benipatti, Bihar 847223, India",85.9074526,26.4465698
0,AGC,Agra Cantt,Agra Cantt Uttar Pradesh,North Eastern Railway,Uttar Pradesh,"Agra Cantt, Idgah Colony, Agra, Uttar Pradesh 282001, India",78.0146364,27.1540265
0,BOF,Barog,Barog Himachal Pradesh,Northern Railway,Himachal Pradesh,"Barog, Himachal Pradesh, India",77.0765927,30.8883473
0,SUAL,Saundal,Saundal Maharashtra,Konkan Railway,Maharashtra,"Saundal, Maharashtra, India",73.6124102,16.7130814
0,MAD,Maddur,Maddur Karnataka,South Western Railway,Karnataka,"Maddur, Karnataka 571428, India",77.0453429,12.5866972
0,CKTD,Chitrakutdham K,Chitrakutdham K Uttar Pradesh,North Central Railway,Uttar Pradesh,"Chitrakoot Dham, Uttar Pradesh 210205, India",80.9212199,25.2157049
0,ADTL,Adhartal,Adhartal Madhya Pradesh,West Central Railway,Madhya Pradesh,"Adhartal, Jabalpur, Madhya Pradesh, India",79.9474325,23.1990873
0,KHMA,Khatima,Khatima Uttarakhand,North Eastern Railway,Uttarakhand,"Khatima, Uttarakhand 262308, India",79.9696277,28.9209151
0,KGP,Kharagpur Jn,Kharagpur Jn West Bengal,South Eastern Railway,West Bengal,"Kharagpur, West Bengal, India",87.3047053,22.3451723
0,BRR,Barakar,Barakar West Bengal,Eastern Railway,West Bengal,"Barakar, West Bengal, India",86.8181378,23.7392879
0,RBA,Rambha,Rambha Odisha,East Coast Railway,Odisha,"Rambha, Odisha 761028, India",85.0889981,19.5118041
0,BEDM,BEDHAM,BEDHAM Rajasthan,North Central Railway,Rajasthan,"Bedham, Rajasthan 321203, India",77.2132106,27.4593236
0,BTIC,Bathinda Cantt.,Bathinda Cantt. Punjab,Northern Railway,Punjab,"Bathinda Cantonment, Bathinda, Punjab 151004, India",75.0132869,30.2116784
0,TUG,THALANGAI,THALANGAI Tamil Nadu,Southern Railway,Tamil Nadu,"Thalangai, Tamil Nadu 632501, India",79.4243441,12.9954261
0,BSDR,BANSADHARA,BANSADHARA Odisha,East Coast Railway,Odisha,"Odisha, India",84.2700179,20.2375561
0,CDS,Chandisar,Chandisar Gujarat,Western Railway,Gujarat,"Chandisar, Gujarat 385510, India",72.3103927,24.2141834
0,VBL,Bobbili,Bobbili Andhra Pradesh,East Coast Railway,Andhra Pradesh,"Bobbili, Andhra Pradesh, India",83.356381,18.5727886
0,CNV,KINATTUKKADAVU,KINATTUKKADAVU Tamil Nadu,Southern Railway,Tamil Nadu,"Kinathukadavu, Tamil Nadu 642109, India",77.0185866,10.8171704
0,DHL,Devanahalli,Devanahalli Karnataka,South Western Railway,Karnataka,"Devanahalli, Southegowdanahalli, Karnataka 562110, India",77.7172413,13.2437197
0,KKQ,KALAIKUNDA,KALAIKUNDA West Bengal,South Eastern Railway,West Bengal,"Kalaikunda, Kharagpur, West Bengal, India",87.2269973,22.3399696
0,BDVT,Bhadravati,Bhadravati Karnataka,South Western Railway,Karnataka,"Bhadravathi, Karnataka, India",75.7063783,13.8275718
0,TV,KODI,KODI Gujarat,Western Railway,Gujarat,"Khodi, Gujarat 365635, India",71.2391612,21.2778223
0,PMB,PULLAMBADI,PULLAMBADI Tamil Nadu,Southern Railway,Tamil Nadu,"Pullambadi, Tamil Nadu 621711, India",78.9080112,10.9401531
0,STL,Bokaro Stl City,Bokaro Stl City Bihar,Eastern Railway,Bihar,"Bihar, India",85.2722472,25.9644427
0,KYA,KAURIYA,KAURIYA Bihar,East Central Railway,Bihar,"Kauriya, Bihar 802162, India",84.5225466,25.5499193
0,KVGM,KOLVAGRAM,KOLVAGRAM Rajasthan,North Western Railway,Rajasthan,"Kolvagram, Rajasthan 303325, India",76.4765519,26.9607029
0,HAS,Hassan,Hassan Karnataka,South Western Railway,Karnataka,"Hassan, Karnataka, India",76.1003894,13.0033234
0,DWP,Dwarapudi,Dwarapudi Andhra Pradesh,South Central Railway,Andhra Pradesh,"Dwarapudi Village, Andhra Pradesh, India",81.9261999,16.9355804
0,PPR,Pipar Road Jn,Pipar Road Jn Rajasthan,North Western Railway,Rajasthan,"Salva, Rajasthan 342606, India",73.4445392,26.4552617
0,LMD,LINGANENIDODDI,LINGANENIDODDI Andhra Pradesh,South Central Railway,Andhra Pradesh,"Linganenidoddi, Andhra Pradesh 518468, India",77.6965573,15.3939233
0,KMAH,KAMATHE,KAMATHE Maharashtra,Konkan Railway,Maharashtra,"Kamathe, Maharashtra, India",73.5152381,17.4747349
0,RXN,Ramsan,Ramsan Gujarat,North Western Railway,Gujarat,"Ramsan, Gujarat, India",72.0586677,24.439213
0,GUD,Galudih,Galudih Jharkhand,South Eastern Railway,Jharkhand,"Galudi, Jharkhand 832304, India",86.4098718,22.6439075
0,SFA,Sanhera Halt,Sanhera Halt Uttar Pradesh,Northern Railway,Uttar Pradesh,"Sanhera Halt, Sunehra/Khekra, Uttar Pradesh 250101, India",77.2826372,28.9048707
0,BGA,BAGALIA,BAGALIA West Bengal,South Eastern Railway,West Bengal,"Bagalia, West Bengal 723126, India",86.5274419,23.4421304
0,PHR,Phillaur Jn,Phillaur Jn Punjab,Northern Railway,Punjab,"Phillaur, Punjab 144410, India",75.7879404,31.0189899
0,PRG,Prayag,Prayag Uttar Pradesh,Northern Railway,Uttar Pradesh,"Prayagraj, Uttar Pradesh, India",81.8546019,25.468338
0,MYY,Mayyanad,Mayyanad Kerala,Southern Railway,Kerala,"Mayyanad, Kerala, India",76.649762,8.8508609
0,DBY,Digboi,Digboi Assam,North Frontier Railway,Assam,"Digboi, Assam 786171, India",95.6286636,27.395032
0,CNA,Chanderiya,Chanderiya Rajasthan,Western Railway,Rajasthan,"Chanderiya, Chittorgarh, Rajasthan 312021, India",74.6312596,24.9357592
0,BAR,Bar,Bar Rajasthan,North Western Railway,Rajasthan,"Bar, Rajasthan 306105, India",74.103441,26.0721613
0,MNAE,Mankar,Mankar West Bengal,Eastern Railway,West Bengal,"Mankar, West Bengal, India",87.5544182,23.4287909
0,ORR,ORR,ORR Madhya Pradesh,West Central Railway,Madhya Pradesh,"Madhya Pradesh, India",78.6568942,22.9734229
0,GMGM,Gomangalam,Gomangalam Tamil Nadu,Southern Railway,Tamil Nadu,"Gomangalam, Tamil Nadu, India",77.161458,10.6339801
0,BNO,Banar,Banar Rajasthan,North Western Railway,Rajasthan,"Banar, Rajasthan 342027, India",73.1526623,26.3430678
0,NJP,New Jalpaiguri,New Jalpaiguri West Bengal,North Frontier Railway,West Bengal,"New Jalpaiguri, Ward 35, Nayapara, Siliguri, West Bengal 734007, India",88.4428012,26.684225
0,KRC,Kiroda,Kiroda Rajasthan,North Western Railway,Rajasthan,"Kiroda, Rajasthan 341503, India",74.3138762,26.9990463
0,CHE,Srikakulam Road,Srikakulam Road Andhra Pradesh,East Coast Railway,Andhra Pradesh,"Srikakulam Rd, Srikakulam, Andhra Pradesh, India",83.8830307,18.3045379
0,PLH,Paralakhemundi,Paralakhemundi Andhra Pradesh,East Coast Railway,Andhra Pradesh,"Parlakhemundi - Narasannapeta Rd, Andhra Pradesh, India",84.0488633,18.5963346
0,LYD,LAYABAD,LAYABAD Jharkhand,South Eastern Railway,Jharkhand,"Loyabad, Jharkhand, India",86.3528838,23.7739483
0,KAO,KALUBATHAN,KALUBATHAN Jharkhand,Eastern Railway,Jharkhand,"Kalubathan, Jharkhand, India",86.6567624,23.7526955
0,BHLA,Behula,Behula West Bengal,Eastern Railway,West Bengal,"Behula, West Bengal 712512, India",88.4294838,23.182522
0,ARPL,AREPALLI HALT,AREPALLI HALT Telangana,South Central Railway,Telangana,"Arepalli, Telangana, India",79.1252174,18.4710715
0,BPM,BAGPAT ROAD,BAGPAT ROAD Uttar Pradesh,Northern Railway,Uttar Pradesh,"Baghpat Rd, Meerut, Uttar Pradesh 250002, India",77.6659013,28.971201
0,SPLE,SUJNIPARA,SUJNIPARA West Bengal,Eastern Railway,West Bengal,"Sujnipara Junction, Sajinipara, West Bengal 742201, India",88.0367714,24.5715412
0,KCT,KIRAKAT,KIRAKAT Uttar Pradesh,North Eastern Railway,Uttar Pradesh,"Kerakat, Uttar Pradesh 222142, India",82.9160622,25.6384359
0,KKK,KHAKHARIA,KHAKHARIA Gujarat,Western Railway,Gujarat,"Gujarat, India",71.5723953,22.6708317
0,BQQ,Bakhleta,Bakhleta Madhya Pradesh,West Central Railway,Madhya Pradesh,"Bakhleta, Madhya Pradesh 483990, India",80.0632713,23.8738196
0,SSDT,Shamshabad Town,Shamshabad Town Uttar Pradesh,North Central Railway,Uttar Pradesh,"Shamshabad, Uttar Pradesh 209503, India",79.4394459,27.53634
0,JOL,JOGAL,JOGAL Odisha,Null,Odisha,"Jogal, Odisha 757052, India",86.8809909,21.6950133
0,UJH,Ujhani,Ujhani Uttar Pradesh,North Eastern Railway,Uttar Pradesh,"Ujhani, Uttar Pradesh 243639, India",79.0051685,28.0003235
0,JJR,Jejuri,Jejuri Maharashtra,Central Railway,Maharashtra,"Jejuri, Maharashtra 412303, India",74.1612194,18.2780997
0,TLN,TALNI,TALNI Maharashtra,Central Railway,Maharashtra,"Talni, Maharashtra, India",76.4852265,19.8764201
0,NDPR,Ghantikhal Ndpr,Ghantikhal Ndpr Maharashtra,South Central Railway,Maharashtra,"Maharashtra, India",75.7138884,19.7514798
0,MZU,MARANDAHALLI,MARANDAHALLI Tamil Nadu,South Western Railway,Tamil Nadu,"Marandahalli, Tamil Nadu 636806, India",78.0032799,12.3890694
0,BAH,Bhabhar,Bhabhar Gujarat,Western Railway,Gujarat,"Bhabhar, Gujarat 385320, India",71.5990999,24.0703321
0,DKJR,Dhekiajuli Road,Dhekiajuli Road Assam,North Frontier Railway,Assam,"Dhekiajuli Rd, Assam, India",92.4711781,26.7604193
0,BJU,CHAKIA THERMAL HALT,CHAKIA THERMAL HALT Bihar,East Central Railway,Bihar,"Chakia Thermal Halt, Barauni Thermal Power Station, National Highway 31, Bihar 851119, India",86.0162535,25.4010639
0,ABI,Ambaturai,Ambaturai Tamil Nadu,Southern Railway,Tamil Nadu,"Sridevi Nagar, Ambathurai, Tamil Nadu 624301, India",77.9103488,10.2901771
0,ANF,Anandapuram,Anandapuram Karnataka,South Western Railway,Karnataka,"Anandapura, Karnataka 577412, India",75.2327628,14.0749301
0,PMKT,Pimpalkhuti,Pimpalkhuti Maharashtra,Central Railway,Maharashtra,"Pimpalkhuti, Maharashtra 445302, India",78.5788601,19.8239631
0,SVR,Sevvapet Road,Sevvapet Road Tamil Nadu,Southern Railway,Tamil Nadu,"Sevvapet Rd, Tamil Nadu 602025, India",79.9625006,13.1206961
0,EDP,Edapalayam Halt,Edapalayam Halt Kerala,Southern Railway,Kerala,"Edapalayam Halt, Kerala 691309, India",77.11904,8.96203
0,TNR,Tanguturu,Tanguturu Andhra Pradesh,South Central Railway,Andhra Pradesh,"Tangutur, Andhra Pradesh 523274, India",80.0346878,15.3417343
0,YY,Yediyuru,Yediyuru Karnataka,South Western Railway,Karnataka,"Yadiyur, Karnataka 572142, India",76.8591235,12.9801048
0,KBR,KABRAI,KABRAI Uttar Pradesh,North Central Railway,Uttar Pradesh,"Kabrai, Uttar Pradesh 210424, India",80.0031833,25.3984963
0,RPZ,Ranapratapnagar,Ranapratapnagar Rajasthan,North Western Railway,Rajasthan,"Rana Pratap Nagar, Ganapati Nagar, Udaipur, Rajasthan 313001, India",73.7293976,24.5837083
0,PDL,Pendekallu,Pendekallu Andhra Pradesh,South Central Railway,Andhra Pradesh,"Pendekallu, Andhra Pradesh 518468, India",77.6242574,15.3762173
0,SWJ,Siajuli,Siajuli Assam,North Frontier Railway,Assam,"Siajuli, Assam 787032, India",94.1027738,27.3574109
0,SDB,Shahabad,Shahabad Karnataka,Central Railway,Karnataka,"Shahabad, Karnataka, India",76.947022,17.1296741
0,RVKH,Ravindrakhani,Ravindrakhani Telangana,South Central Railway,Telangana,"Ravindrakhani, Kakatiya Colony, Ramakrishnapur, Telangana 504301, India",79.4616764,18.9367084
0,COA,Kakinada Port,Kakinada Port Andhra Pradesh,South Central Railway,Andhra Pradesh,"Kakinada Port, Kakinada, Andhra Pradesh, India",82.2610457,16.9456121
0,VLU,VADALUR,VADALUR Tamil Nadu,Southern Railway,Tamil Nadu,"Vadalur, Tamil Nadu 607303, India",79.5544594,11.5687854
0,VEU,VEPPAMPATTU,VEPPAMPATTU Tamil Nadu,Southern Railway,Tamil Nadu,"Veppambaattu, Tamil Nadu 602024, India",80.0076424,13.1291081
0,KDMD,KANDAMBAKKAM,KANDAMBAKKAM Tamil Nadu,Southern Railway,Tamil Nadu,"Kandambakkam, Tamil Nadu 605401, India",79.4458446,11.9139414
0,ATS,Attabira,Attabira Odisha,East Coast Railway,Odisha,"Attabira, Odisha 768027, India",83.775678,21.3690304
0,CRWA,Chirawa,Chirawa Rajasthan,North Western Railway,Rajasthan,"Chirawa, Rajasthan, India",75.6520522,28.2407022
0,RKB,Raika Bagh,Raika Bagh Rajasthan,North Western Railway,Rajasthan,"Raika Bagh, Rajasthan, India",72.6328569,27.3175039
0,ATH,Antah,Antah Rajasthan,West Central Railway,Rajasthan,"Anta, Rajasthan 325202, India",76.2929779,25.1545849
0,DJ,Darjeeling,Darjeeling West Bengal,North Frontier Railway,West Bengal,"Darjeeling, West Bengal, India",88.2664124,27.0416208
0,GNT,Guntur Jn,Guntur Jn Andhra Pradesh,South Central Railway,Andhra Pradesh,"Guntur, Andhra Pradesh, India",80.4365402,16.3066525
0,MRHA,MURAHARA,MURAHARA Bihar,Eastern Railway,Bihar,"Bihar, India",85.2722472,25.9644427
0,MOR,Mor,Mor Bihar,East Central Railway,Bihar,"Mor, Bihar, India",85.8632083,25.4333262
0,UAA,Uppala,Uppala Kerala,Southern Railway,Kerala,"Uppala, Kerala, India",74.9062622,12.6759561
0,DXG,Dharangaon,Dharangaon Maharashtra,Western Railway,Maharashtra,"Dharangaon, Maharashtra 425105, India",75.2741557,21.0145539
0,CAR,Chunar,Chunar Uttar Pradesh,North Central Railway,Uttar Pradesh,"Chunar, Uttar Pradesh 231304, India",82.8721383,25.1036684
0,KNSN,Karna Subarna,Karna Subarna West Bengal,Eastern Railway,West Bengal,"West Bengal, India",87.8549755,22.9867569
0,AHQ,Ahera Halt,Ahera Halt Uttar Pradesh,Northern Railway,Uttar Pradesh,"Ahera, Uttar Pradesh 250609, India",77.2670954,28.9296302
0,NGNT,New Guntur,New Guntur Andhra Pradesh,South Central Railway,Andhra Pradesh,"Guntur, Andhra Pradesh, India",80.4365402,16.3066525
0,LMT,Almatti,Almatti Karnataka,South Western Railway,Karnataka,"Almatti, Karnataka 586201, India",75.8795378,16.3515456
0,MMR,Manmad Jn,Manmad Jn Maharashtra,Central Railway,Maharashtra,"Manmad Jn, siddhakala nagar, Ahmed Nagar, Manmad, Maharashtra 423104, India",74.4392915,20.2507881
0,GVR,Goreswar,Goreswar Assam,North Frontier Railway,Assam,"Goreswar, Assam, India",91.7295503,26.5328549
0,SNQ,SANKARPUR,SANKARPUR Jharkhand,Eastern Railway,Jharkhand,"Shankarpur, Jharkhand 815352, India",86.4705877,24.0484334
0,MGK,MULAGUNNATHUKVU,MULAGUNNATHUKVU Kerala,Southern Railway,Kerala,"Mulagunnathukavu, Killannur, Kerala 680581, India",76.2145961,10.5989164
0,TMZ,Tamluk,Tamluk West Bengal,South Eastern Railway,West Bengal,"Tamluk, West Bengal, India",87.9188533,22.2858078
0,TALL,Tall Jn,Tall Jn Bihar,East Central Railway,Bihar,"Bihar, India",85.2722472,25.9644427
0,MDGR,Manendragarh,Manendragarh Chhatisgarh,South East Central Railway,Chhatisgarh,"Manendragarh, Chhattisgarh 497442, India",82.1936679,23.2133889
0,KQD,Khairatabad,Khairatabad Telangana,South Central Railway,Telangana,"Khairtabad, Hyderabad, Telangana, India",78.4652316,17.4105858
0,TRTR,Triupunittura,Triupunittura Kerala,Southern Railway,Kerala,"Triupunittura, Railway Station Rd, Karingachira, Thrippunithura, Ernakulam, Kochi, Kerala 682301, India",76.3527548,9.9498248
0,SLWR,SILAWAR,SILAWAR Uttar Pradesh,Northern Railway,Uttar Pradesh,"Silawar, Uttar Pradesh, India",77.335314,29.512593
0,VLNK,Vellankanni,Vellankanni Tamil Nadu,Southern Railway,Tamil Nadu,"Velankanni, Tamil Nadu, India",79.8503744,10.6813736
0,MKH,Malakhera,Malakhera Rajasthan,North Western Railway,Rajasthan,"Mala Khera, Rajasthan 301406, India",76.6268306,27.390648
0,DWR,Dharwar,Dharwar Karnataka,South Western Railway,Karnataka,"Dharwad, Karnataka, India",75.007808,15.4589236
0,SRGR,SARAYGARH,SARAYGARH Bihar,East Central Railway,Bihar,"Sariagarh, Bihar 852105, India",86.7064222,26.2814177
0,KRLR,Karaila Road Jn,Karaila Road Jn Madhya Pradesh,East Central Railway,Madhya Pradesh,"Karela Rd, Madhya Pradesh 473287, India",77.2360398,24.0647772
0,RGJ,Raiganj,Raiganj West Bengal,North Frontier Railway,West Bengal,"Raiganj, West Bengal, India",88.1319057,25.6328682
0,PCO,PALAYANKOTTAI,PALAYANKOTTAI Tamil Nadu,Southern Railway,Tamil Nadu,"Palayamkottai, Tirunelveli, Tamil Nadu 627002, India",77.7344288,8.7198949
0,SRTL,Cherthala,Cherthala Kerala,Southern Railway,Kerala,"Cherthala, Kerala, India",76.3400963,9.6741363
0,GNJ,Gunji,Gunji Karnataka,South Western Railway,Karnataka,"Gunji, Karnataka, India",74.4818698,15.5355687
0,JHJ,Jhajjar,Jhajjar Haryana,Northern Railway,Haryana,"Jhajjar, Haryana, India",76.6537749,28.6054875
0,BJL,BRAHMAJAN,BRAHMAJAN Assam,North Frontier Railway,Assam,"Brahmajan, Assam, India",93.5382621,26.844019
0,MRGA,Miryalaguda,Miryalaguda Telangana,South Central Railway,Telangana,"Miryalaguda, Telangana 508207, India",79.5661694,16.8738909
0,MXO,Morthala,Morthala Rajasthan,North Western Railway,Rajasthan,"Morthala, Rajasthan 307026, India",72.8079729,24.5064006
0,TMR,Tumsar Road,Tumsar Road Maharashtra,South East Central Railway,Maharashtra,"Tumsar Rd, Maharashtra, India",79.6734265,21.3960512
0,MVO,Manwath Road,Manwath Road Maharashtra,South Central Railway,Maharashtra,"Manwat Road, Maharashtra 431505, India",76.5343721,19.3467723
0,HNA,Honnavar,Honnavar Karnataka,Konkan Railway,Karnataka,"Honnavar, Karnataka, India",74.4439252,14.2797502
0,SJHG,Shaheed Jitendra Halt,Shaheed Jitendra Halt ,East Central Railway,,India,78.96288,20.593684
0,RGV,RAGHOPUR,RAGHOPUR Bihar,East Central Railway,Bihar,"Raghopur East, Bihar 844508, India",85.3835124,25.5338122
0,BBD,BABLAD,BABLAD Karnataka,Central Railway,Karnataka,"Bablad, Karnataka 585316, India",76.854799,17.4944606
0,KN,Kadalundi,Kadalundi Kerala,Southern Railway,Kerala,"Kadalundi, Kerala, India",75.8272482,11.1360492
0,ALW,ALWAL,ALWAL Telangana,South Central Railway,Telangana,"Alwal, Secunderabad, Telangana, India",78.506663,17.4966878
0,RK,DAYANAND NAGAR,DAYANAND NAGAR Uttarakhand,Northern Railway,Uttarakhand,"Nagar, Uttarakhand 246163, India",78.7711674,29.9934835
0,RTP,Ratanpura,Ratanpura Uttar Pradesh,North Eastern Railway,Uttar Pradesh,"Ratanpura, Uttar Pradesh 221706, India",83.7447356,25.9206608
0,JN,Gondia Jn,Gondia Jn Gujarat,Western Railway,Gujarat,"Gujarat, India",71.5723953,22.6708317
0,MMK,Madurantakam,Madurantakam Tamil Nadu,Southern Railway,Tamil Nadu,"Maduranthakam, Tamil Nadu 603306, India",79.8847355,12.5089244
0,HPT,Hosapete Jn,Hosapete Jn Karnataka,South Western Railway,Karnataka,"Hosapete, Karnataka, India",76.3909241,15.2688542
0,HIR,Harinagar,Harinagar Bihar,East Central Railway,Bihar,"Harinagar, Bihar 843333, India",85.6865034,26.4025476
0,TMVL,Thirumullaivoyal,Thirumullaivoyal Tamil Nadu,Southern Railway,Tamil Nadu,"Thirumullaivoyal, Chennai, Tamil Nadu, India",80.1314386,13.1307405
0,SNT,Sainthia,Sainthia West Bengal,Eastern Railway,West Bengal,"Sainthia, West Bengal 731234, India",87.679312,23.9486953
0,AGAE,AGRADWIP,AGRADWIP West Bengal,Eastern Railway,West Bengal,"Agradwip, West Bengal, India",88.2557623,23.5953826
0,MCN,Mukundarayapurm,Mukundarayapurm Tamil Nadu,Southern Railway,Tamil Nadu,"Mukundarayapuram, Ranipet, Tamil Nadu, India",79.2873953,12.9721157
0,MJBK,Manjari Budruk,Manjari Budruk Maharashtra,Central Railway,Maharashtra,"Manjari Budruk, Pune, Maharashtra 412307, India",73.9825734,18.521266
0,NMX,New Maynaguri,New Maynaguri West Bengal,North Frontier Railway,West Bengal,"New Maynaguri - Jogighopa Line, West Bengal, India",89.4135253,26.3750107
0,SNDD,Sindhudurg,Sindhudurg Maharashtra,Konkan Railway,Maharashtra,"Sindhudurg, Maharashtra, India",73.5594128,16.1668396
0,KLH,KHEMLI,KHEMLI Rajasthan,North Western Railway,Rajasthan,"Khemli, Rajasthan 313201, India",73.8482595,24.6766867
0,TLR,Tulsipur,Tulsipur Uttar Pradesh,North Eastern Railway,Uttar Pradesh,"Tulsipur, Uttar Pradesh, India",82.4156829,27.5246311
0,BS,BANISAR,BANISAR Rajasthan,North Western Railway,Rajasthan,"Benisar, Rajasthan 331811, India",73.9022222,28.0739134
0,SKP,Shankarpalli,Shankarpalli Telangana,South Central Railway,Telangana,"Shankarpalle, Telangana 501203, India",78.1315064,17.4551243
0,MDPA,MANDPIYA,MANDPIYA Rajasthan,North Western Railway,Rajasthan,"Mandpiya, Rajasthan, India",74.6385793,25.2616468
0,REI,Rithi,Rithi Madhya Pradesh,West Central Railway,Madhya Pradesh,"Rithi, Madhya Pradesh 483990, India",80.1344842,23.9063767
0,IPPM,IPURUPALEM,IPURUPALEM Andhra Pradesh,Eastern Railway,Andhra Pradesh,"Ipurupalem, Chirala, Ipuru Palem Rural, Andhra Pradesh 523166, India",80.3839584,15.8511736
0,MGR,Monghyr,Monghyr Bihar,Eastern Railway,Bihar,"Munger, Bihar 811201, India",86.4733903,25.3707993
0,JMPT,Jimidipeta,Jimidipeta Odisha,East Coast Railway,Odisha,"Jimidipeta, Odisha 765002, India",83.4259987,19.0439928
0,KRR,Karur,Karur Tamil Nadu,Southern Railway,Tamil Nadu,"Karur, Tamil Nadu, India",78.0766036,10.9600778
0,DARA,Dara,Dara Rajasthan,West Central Railway,Rajasthan,"Dara, Rajasthan 325003, India",76.0065494,24.8349488
0,BRW,BARIWALA,BARIWALA Punjab,Northern Railway,Punjab,"Bariwala, Punjab 152025, India",74.6524859,30.5379151
0,UMRI,Umri,Umri Maharashtra,South Central Railway,Maharashtra,"Umri, Maharashtra, India",77.6434606,19.040375
0,RD,Honnavalli Rd,Honnavalli Rd Bihar,East Central Railway,Bihar,"Bihar, India",85.2722472,25.9644427
0,BGPA,BAGESHAPURA,BAGESHAPURA Karnataka,South Western Railway,Karnataka,"Bageshpura, Karnataka 573118, India",76.2211151,13.1176993
0,RMF,Ramna,Ramna Jharkhand,East Central Railway,Jharkhand,"Ramna, Jharkhand 822128, India",83.6082346,24.229874
0,KLRE,Khalari,Khalari Jharkhand,East Central Railway,Jharkhand,"Khalari, Jharkhand, India",84.9915456,23.6510663
0,MHBA,Mathabhanga,Mathabhanga West Bengal,North Frontier Railway,West Bengal,"Mathabhanga, West Bengal 736146, India",89.2153363,26.3427291
0,UMRI,Lalpur Umri,Lalpur Umri Maharashtra,South Central Railway,Maharashtra,"Lalpur, Maharashtra 425419, India",73.9256948,21.5608051
0,AYN,AIYANAPURAM,AIYANAPURAM Tamil Nadu,Southern Railway,Tamil Nadu,"Aiyanapuram, Kangeyampatti, Tamil Nadu 613602, India",78.9389787,10.7877993
0,AHN,AHIRAN,AHIRAN West Bengal,Eastern Railway,West Bengal,"Ahiran, West Bengal, India",88.0263536,24.5182109
0,PNV,PANEVADI,PANEVADI Maharashtra,Central Railway,Maharashtra,"Panevadi, Maharashtra 423104, India",74.5053196,20.2694465
0,RAKD,Radhakund,Radhakund Uttar Pradesh,North Central Railway,Uttar Pradesh,"Radha Kund, Uttar Pradesh 281504, India",77.4909896,27.5245367
0,MAU,Mau Jn,Mau Jn Uttar Pradesh,North Eastern Railway,Uttar Pradesh,"Mau Jn, Railway Line Road, Railway Colony, Mau, Uttar Pradesh 275101, India",83.5642715,25.9392703
0,KLRS,Kolaras,Kolaras Madhya Pradesh,West Central Railway,Madhya Pradesh,"Kolaras, Madhya Pradesh, India",77.6106512,25.2242588
0,LDA,Lidhora Khurd,Lidhora Khurd Madhya Pradesh,West Central Railway,Madhya Pradesh,"Lidhora Khurd, Madhya Pradesh, India",78.8920444,23.8506344
0,IPR,Islampur,Islampur Bihar,East Central Railway,Bihar,"Islampur, Bihar, India",85.2051451,25.1429543
0,MLM,MALTHAN,MALTHAN Maharashtra,Central Railway,Maharashtra,"Malthan, Maharashtra 412218, India",74.227313,18.8380523
0,SNS,Mekra Memerkhab,Mekra Memerkhab Uttar Pradesh,North Central Railway,Uttar Pradesh,"Uttar Pradesh, India",80.0981869,27.5705886
0,SLJR,SALGA JHARI,SALGA JHARI Jharkhand,South Eastern Railway,Jharkhand,"Salgajhari, Parsudih, Jamshedpur, Jharkhand 831002, India",86.222202,22.7526588
0,VPZ,VAILAPUZHA,VAILAPUZHA Kerala,Southern Railway,Kerala,"Vallapuzha, Kerala 679336, India",76.251687,10.8399772
0,HKR,Hiwarkhed,Hiwarkhed Maharashtra,South Central Railway,Maharashtra,"Hiwarkhed, Maharashtra 444103, India",76.8579271,21.1312898
0,VEU,Veppampattu,Veppampattu Tamil Nadu,Southern Railway,Tamil Nadu,"Veppambaattu, Tamil Nadu 602024, India",80.0076424,13.1291081
0,ZN,Jangaon,Jangaon Telangana,South Central Railway,Telangana,"Jangaon, Telangana, India",79.1517868,17.7226509
0,RNTL,RANITAL,RANITAL Odisha,South Eastern Railway,Odisha,"Ranital Road, Odisha, India",86.5457514,21.1501734
0,NHM,Nandol Dehegam,Nandol Dehegam Gujarat,Western Railway,Gujarat,"Nandol, Gujarat 382305, India",72.8183134,23.2105683
0,BANI,BANI BIHAR,BANI BIHAR Uttar Pradesh,Northern Railway,Uttar Pradesh,"Bihar, Uttar Pradesh 209866, India",80.8350109,26.2881732
0,MTU,Matmari,Matmari Karnataka,South Central Railway,Karnataka,"Matmari, Karnataka 584202, India",77.3,16.033333
0,GB,Gauri Bazar,Gauri Bazar Uttar Pradesh,North Eastern Railway,Uttar Pradesh,"Gauri Bazar, Uttar Pradesh, India",83.6707463,26.5958962
0,UBC,Ambala City,Ambala City Punjab,Northern Railway,Punjab,"Ambala, Punjab, India",75.7095266,31.7164113
0,BTS,Basta,Basta Odisha,South Eastern Railway,Odisha,"Basta, Odisha 756029, India",87.0599282,21.6967772
0,PRNC,Purnia Court,Purnia Court Bihar,East Central Railway,Bihar,"Purnia Court, PWD Colony, Purnia, Bihar 854304, India",87.4752769,25.7954119
0,BEM,Budaun,Budaun Uttar Pradesh,North Eastern Railway,Uttar Pradesh,"Budaun, Uttar Pradesh 243601, India",79.1271229,28.0311101
0,BNTL,BANTAWALA,BANTAWALA Karnataka,South Western Railway,Karnataka,"Bantwal, Karnataka, India",75.0412305,12.9012483
0,SSA,Sirsa,Sirsa Haryana,North Western Railway,Haryana,"Sirsa, Haryana 125055, India",75.0317734,29.5320731
0,SWR,Sitimani,Sitimani Jharkhand,South Eastern Railway,Jharkhand,"Jharkhand, India",85.2722472,23.6913486
0,GNNA,GANGANI,GANGANI Bihar,Eastern Railway,Bihar,"Bihar, India",85.2722472,25.9644427
0,PH,Marripalem Ph,Marripalem Ph Himachal Pradesh,Northern Railway,Himachal Pradesh,"Marripalem, Visakhapatnam, Andhra Pradesh, India",83.251907,17.740063
0,KRRA,KARRA,KARRA Jharkhand,South Eastern Railway,Jharkhand,"Karra, Jharkhand 835209, India",85.1297844,23.1257895
0,KPG,Kopargaon,Kopargaon Maharashtra,Central Railway,Maharashtra,"Kopargaon, Maharashtra, India",74.4727826,19.8848736
0,HOH,HONAGANAHALLI,HONAGANAHALLI Karnataka,South Western Railway,Karnataka,"Honaganahalli, Karnataka 571455, India",76.5921665,12.5264102
0,NMZ,New Mal Jn,New Mal Jn West Bengal,North Frontier Railway,West Bengal,"West Bengal, India",87.8549755,22.9867569
0,MHT,Manjhi,Manjhi Bihar,North Eastern Railway,Bihar,"Manjhi Paschimi, Bihar 841313, India",84.5742686,25.8392478
0,HRSN,Harisinga,Harisinga Assam,North Frontier Railway,Assam,"Harisinga, Assam 784510, India",91.9870062,26.730562
0,MLG,Malhargarh,Malhargarh Madhya Pradesh,Western Railway,Madhya Pradesh,"Malhargarh, Madhya Pradesh 458339, India",74.9904818,24.285136
0,ERSD,D Cabin,D Cabin Kerala,Southern Railway,Kerala,"Kerala, India",76.6412712,10.1631526
0,ODC,ODDANCHATRAM,ODDANCHATRAM Tamil Nadu,Southern Railway,Tamil Nadu,"Oddanchatram, Tamil Nadu 624619, India",77.7543611,10.4897472
0,TUV,TUVVUR,TUVVUR Kerala,Southern Railway,Kerala,"Thuvvur, Kerala, India",76.2858625,11.1131613
0,MNTT,MULANTURUTTI,MULANTURUTTI Kerala,Southern Railway,Kerala,"Mulanthuruthy, Kerala 682314, India",76.3844271,9.9003047
0,JHK,JETHUKE,JETHUKE Punjab,Northern Railway,Punjab,"Jethuke, Punjab 151103, India",75.3222685,30.2892188
0,NRKR,Narkher,Narkher Maharashtra,Central Railway,Maharashtra,"Narkhed, Maharashtra 441304, India",78.5291706,21.4691505
0,RMA,Ramganj Mandi,Ramganj Mandi Rajasthan,West Central Railway,Rajasthan,"Ramganj Mandi, Rajasthan, India",75.9450812,24.6461795
0,NHT,Nalhati Jn,Nalhati Jn West Bengal,Eastern Railway,West Bengal,"Nalhati, West Bengal, India",87.8377842,24.2920951
0,ROH,Roha,Roha Maharashtra,Konkan Railway,Maharashtra,"Roha, Maharashtra 402109, India",73.1167514,18.4389511
0,KMAE,KHAMARGACHHI,KHAMARGACHHI West Bengal,Eastern Railway,West Bengal,"Khamargachhi, West Bengal, India",88.4331189,23.0619784
0,PSL,PARISAL,PARISAL Rajasthan,North Western Railway,Rajasthan,"Parisal, Rajasthan 301001, India",76.6224981,27.6767744
0,STNR,SITALNAGAR,SITALNAGAR Rajasthan,North Western Railway,Rajasthan,"Sitalnagar, Biggabas Ramsara, Rajasthan 331802, India",74.25419,28.04415
0,DMV,Dimapur,Dimapur Nagaland,North Frontier Railway,Nagaland,"Dimapur, Nagaland, India",93.7265605,25.9091406
0,SPJ,Samastipur Jn,Samastipur Jn Bihar,East Central Railway,Bihar,"Samastipur Junction, Station Rd, Railway Colony, Samastipur, Bihar 848101, India",85.7854263,25.8598074
0,NASP,NARASINGAPALLI,NARASINGAPALLI Andhra Pradesh,South Central Railway,Andhra Pradesh,"Narasingapalli, Andhra Pradesh 531055, India",82.8761759,17.6070712
0,WC,WADHWAN CITY,WADHWAN CITY Gujarat,Western Railway,Gujarat,"Wadhwan City, Dajipura, Wadhwan, Surendranagar, Gujarat 363035, India",71.6721849,22.7031666
0,JBP,Jabalpur,Jabalpur Madhya Pradesh,West Central Railway,Madhya Pradesh,"Jabalpur, Madhya Pradesh, India",79.9338798,23.1685786
0,SICY,SHAHEED ISHWAR CHOWDHARY HALT,SHAHEED ISHWAR CHOWDHARY HALT Bihar,East Central Railway,Bihar,"Saheed Ishwar Chowdhary H, Manpur, Bihar 823003, India",85.0285873,24.8074703
0,NMK,Nim Ka Thana,Nim Ka Thana Rajasthan,North Western Railway,Rajasthan,"Neem Ka Thana, Rajasthan, India",75.7877389,27.7381089
0,HTZ,HATHIDAH UPPER,HATHIDAH UPPER Bihar,East Central Railway,Bihar,"Hathidah Upper, Railway Station Rd, Hathidah Buzurg, Bihar 803301, India",85.9886761,25.3674839
0,DRLA,Daurala,Daurala Uttar Pradesh,Northern Railway,Uttar Pradesh,"Daurala, Uttar Pradesh 250221, India",77.702282,29.1130045
0,BIRD,Bhiwandi Road,Bhiwandi Road Maharashtra,Central Railway,Maharashtra,"Bhiwandi Rd, Maharashtra, India",73.0015726,19.2282975
0,MJ,Marwar Jn,Marwar Jn Rajasthan,North Western Railway,Rajasthan,"Marwar Junction, Rajasthan 306001, India",73.6062786,25.7232022
0,TBM,Tambaram,Tambaram Tamil Nadu,Southern Railway,Tamil Nadu,"Tambaram, Chennai, Tamil Nadu, India",80.1000026,12.9249308
0,ZBD,Zafarabad Jn,Zafarabad Jn Uttar Pradesh,Northern Railway,Uttar Pradesh,"Zafarabad, Uttar Pradesh 222180, India",82.7337121,25.6984721
0,BOE,Barsoi Jn,Barsoi Jn Bihar,North Frontier Railway,Bihar,"Barsoi, Bihar 855102, India",87.9255134,25.6193247
0,BDHL,Badhal,Badhal Rajasthan,North Western Railway,Rajasthan,"Badhal, Rajasthan, India",75.4401832,27.2562041
0,VNG,Visnagar,Visnagar Gujarat,Western Railway,Gujarat,"Visnagar, Gujarat 384315, India",72.5425606,23.7023775
0,MVI,MORBI,MORBI Gujarat,Western Railway,Gujarat,"Morbi, Gujarat, India",70.8490809,22.8251874
0,AJNI,Ajni,Ajni Maharashtra,Central Railway,Maharashtra,"Ajni, Nagpur, Maharashtra, India",79.0837231,21.1187899
0,KIAT,KYATSANDRA,KYATSANDRA Karnataka,South Western Railway,Karnataka,"Indira Nagar, Kyathasandra, Karnataka 572104, India",77.1460219,13.3141606
0,JAMA,JAMA,JAMA Jharkhand,Eastern Railway,Jharkhand,"Jama, Jharkhand, India",87.26432,24.3660316
0,DEO,Junnor Deo,Junnor Deo Uttar Pradesh,North Eastern Railway,Uttar Pradesh,"Uttar Pradesh, India",80.0981869,27.5705886
0,LTRR,Latur Road,Latur Road Maharashtra,South Central Railway,Maharashtra,"Latur Road, Maharashtra 413513, India",76.844708,18.5089404
0,LONI,Loni,Loni Maharashtra,Central Railway,Maharashtra,"Loni, Maharashtra 413204, India",75.4082506,18.6558243
0,NRN,NARHAN,NARHAN Bihar,East Central Railway,Bihar,"Narhan, Bihar, India",86.0045031,25.6882212
0,REWA,Rewa,Rewa Madhya Pradesh,West Central Railway,Madhya Pradesh,"Rewa, Madhya Pradesh, India",81.3036946,24.5362477
0,JTS,Jatusana,Jatusana Haryana,North Western Railway,Haryana,"Jatusana, Haryana 123401, India",76.5392541,28.3322737
0,LGT,Langting,Langting Assam,North Frontier Railway,Assam,"Langting, Assam 788832, India",93.1157587,25.5000414
0,SVPR,Srivilliputtur,Srivilliputtur Tamil Nadu,Southern Railway,Tamil Nadu,"Srivilliputhur, Tamil Nadu 626125, India",77.6340213,9.5121171
0,TRS,Tarsarai,Tarsarai Bihar,East Central Railway,Bihar,"Tarsarai, Muria, Bihar 847115, India",86.0134056,26.194081
0,FPS,Fatehpur Skhwti,Fatehpur Skhwti Rajasthan,North Western Railway,Rajasthan,"Fatehpur, Rajasthan 332301, India",74.9618826,27.9941409
0,UA,Upleta,Upleta Gujarat,Western Railway,Gujarat,"Upleta, Gujarat, India",70.2795033,21.7395387
0,ALK,ALAKKUDI,ALAKKUDI Tamil Nadu,Southern Railway,Tamil Nadu,"Alakkudi, Tamil Nadu, India",79.7680243,11.3743168
0,YA,Yerraguntla,Yerraguntla Andhra Pradesh,South Central Railway,Andhra Pradesh,"Yerraguntla, Andhra Pradesh, India",78.5406992,14.6375051
0,STJT,Sathajagat,Sathajagat Bihar,East Central Railway,Bihar,"Sathajagat, Gobindpur Part, Bihar 851111, India",85.8680114,25.6310389
0,MEW,MARHAURA,MARHAURA Bihar,North Eastern Railway,Bihar,"shilowri, Bihar 841418, India",84.8763365,25.9701764
0,DHO,Dhaulpur,Dhaulpur Rajasthan,North Central Railway,Rajasthan,"Dholpur, Rajasthan, India",77.8907576,26.6965521
0,JYP,Jeypore,Jeypore Odisha,East Coast Railway,Odisha,"Jeypore, Odisha, India",82.5710028,18.8581482
0,SGS,Shoghi,Shoghi Himachal Pradesh,Northern Railway,Himachal Pradesh,"Shoghi, Himachal Pradesh, India",77.1197521,31.0421269
0,GHH,Garhi Harsaru,Garhi Harsaru Haryana,Northern Railway,Haryana,"Garhi Harsaru, Gurugram, Haryana 122505, India",76.9326167,28.4496908
0,DBW,Dubia,Dubia Assam,North Frontier Railway,Assam,"Dobhai, Assam 783336, India",90.047823,26.4415112
0,MRE,Manauri,Manauri Uttar Pradesh,North Central Railway,Uttar Pradesh,"Manauri, Uttar Pradesh, India",81.6651457,25.4716959
0,KOP,C SHAHUMHARAJ T,C SHAHUMHARAJ T Maharashtra,Central Railway,Maharashtra,"Maharashtra, India",75.7138884,19.7514798
0,DKT,Dhulkot,Dhulkot Haryana,Northern Railway,Haryana,"Dhulkot, Haryana, India",76.8821849,30.3557273
0,LBZ,Lalbagh,Lalbagh Jharkhand,East Central Railway,Jharkhand,"Jharkhand, India",85.2722472,23.6913486
0,MGLE,MANIGRAM,MANIGRAM West Bengal,Eastern Railway,West Bengal,"Manigram, West Bengal 742237, India",88.1144943,24.3521967
0,BGM,Belagavi,Belagavi Karnataka,South Western Railway,Karnataka,"Belagavi, Karnataka, India",74.4976741,15.8496953
0,KYO,KHANDIKAR,KHANDIKAR Assam,North Frontier Railway,Assam,"Khandikar, Rangia Latibari PWD Road, Kachari Solmari, Assam 781354, India",91.6460962,26.4654663
0,DTAE,DHATRIGRAM,DHATRIGRAM West Bengal,Eastern Railway,West Bengal,"Dhatrigram, West Bengal 713405, India",88.3129969,23.2795546
0,MA,Ma Belhadevi Dp,Ma Belhadevi Dp Maharashtra,Central Railway,Maharashtra,"Maharashtra, India",75.7138884,19.7514798
0,JIND,Jind Jn,Jind Jn Haryana,Northern Railway,Haryana,"Jind, Haryana, India",76.2997909,29.325508
0,NYY,Neyyattinkara,Neyyattinkara Kerala,Southern Railway,Kerala,"Neyyattinkara, Kerala, India",77.0860939,8.4026673
0,BUX,Bhandak,Bhandak Maharashtra,Central Railway,Maharashtra,"Bhandak, Gaurala, Bhadravati, Maharashtra 442902, India",79.1129195,20.084675
0,MIQ,Mirhakur,Mirhakur Uttar Pradesh,North Eastern Railway,Uttar Pradesh,"Mirhakur, Agra - Jaipur Rd, Midhakur, Uttar Pradesh 283105, India",77.8661144,27.1507298
0,MXL,Mokholi,Mokholi Rajasthan,West Central Railway,Rajasthan,"Mokholi, Rahitha Khurd, Rajasthan 322034, India",76.4617413,26.1616791
0,CPU,Chopan,Chopan Uttar Pradesh,East Central Railway,Uttar Pradesh,"Chopan, Uttar Pradesh 231205, India",83.0200245,24.5232651
0,RAJP,RAJAPUR,RAJAPUR Maharashtra,Konkan Railway,Maharashtra,"Rajapur, Maharashtra 416702, India",73.5211286,16.6571252
0,MULK,Mulki,Mulki Karnataka,Konkan Railway,Karnataka,"Mulki, Kilpady, Karnataka, India",74.7942562,13.0857779
0,DVG,Davangere,Davangere Karnataka,South Western Railway,Karnataka,"Davanagere, Karnataka, India",75.921758,14.4644085
0,RAA,Barara,Barara Haryana,Northern Railway,Haryana,"Barara, Haryana, India",77.0401544,30.2120078
0,UJN,Ujjain Jn,Ujjain Jn Madhya Pradesh,Western Railway,Madhya Pradesh,"Ujjain Junction, Malipura, Ujjain, Madhya Pradesh 456001, India",75.78008,23.17837
0,DVL,Devlali,Devlali Maharashtra,Central Railway,Maharashtra,"Deolali, Maharashtra, India",73.8329103,19.9068711
0,DQG,Dhupguri,Dhupguri West Bengal,North Frontier Railway,West Bengal,"Dhupguri, West Bengal 735210, India",89.0051441,26.5821321
0,MONR,MOHANUR,MOHANUR Tamil Nadu,Southern Railway,Tamil Nadu,"Mohanur, Tamil Nadu 637015, India",78.1388344,11.0604257
0,TPP,TOPPUR,TOPPUR Tamil Nadu,South Western Railway,Tamil Nadu,"Thoppur, Tamil Nadu, India",78.0573284,11.9394904
0,TNGL,Toranagallu,Toranagallu Karnataka,South Western Railway,Karnataka,"Toranagallu, Karnataka 583123, India",76.6586928,15.2026796
0,JN,Aunlajori Jn,Aunlajori Jn Gujarat,Western Railway,Gujarat,"Gujarat, India",71.5723953,22.6708317
0,MAQ,Mangaluru Cntl,Mangaluru Cntl Karnataka,Southern Railway,Karnataka,"Mangaluru, Karnataka, India",74.8559568,12.9141417
0,HR,HARPALU,HARPALU Rajasthan,North Western Railway,Rajasthan,"Harpalu, Kalri, Rajasthan 331301, India",75.4909709,28.5690889
0,RET,RENTIA,RENTIA Gujarat,Western Railway,Gujarat,"Gujarat, India",71.5723953,22.6708317
0,RPI,Rupaheli,Rupaheli Rajasthan,North Western Railway,Rajasthan,"Roopaheli, Rajasthan, India",74.6341875,25.7878971
0,CMX,Chamagram,Chamagram West Bengal,Eastern Railway,West Bengal,"Chamagram, Sujapur, West Bengal 732206, India",88.1035078,24.9174409
0,SWR,Suladhal,Suladhal Jharkhand,South Eastern Railway,Jharkhand,"Jharkhand, India",85.2722472,23.6913486
0,MROA,Mora,Mora Uttar Pradesh,North Central Railway,Uttar Pradesh,"Mora, Uttar Pradesh, India",77.5791358,27.5231382
0,KND,Kandra,Kandra Jharkhand,South Eastern Railway,Jharkhand,"Kandra, Jharkhand, India",86.0504111,22.8481542
0,BNU,Bandakpur,Bandakpur Madhya Pradesh,West Central Railway,Madhya Pradesh,"Bandakpur, Madhya Pradesh, India",79.5743915,23.8457518
0,TIG,Titlagarh,Titlagarh Odisha,East Coast Railway,Odisha,"Titilagarh, Odisha 767033, India",83.1466077,20.28709
0,MYU,Mayanoor,Mayanoor Tamil Nadu,Southern Railway,Tamil Nadu,"Mayanur, Tamil Nadu 639108, India",78.2369116,10.9556813
0,MRT,Mathura Cant,Mathura Cant Uttar Pradesh,North Eastern Railway,Uttar Pradesh,"Mathura Cantonment, Mathura, Uttar Pradesh 281001, India",77.6936948,27.475654
0,KQA,Kondagunta,Kondagunta Andhra Pradesh,South Central Railway,Andhra Pradesh,"Kondagunta, Andhra Pradesh 524101, India",79.7939506,14.0827266
0,JN,Alnavar Jn,Alnavar Jn Gujarat,Western Railway,Gujarat,"Gujarat, India",71.5723953,22.6708317
0,ACLE,Azimganj City,Azimganj City West Bengal,Eastern Railway,West Bengal,"Jiaganj Azimganj, West Bengal, India",88.2607188,24.2351094
0,CKB,Chauth Ka Brwra,Chauth Ka Brwra Rajasthan,North Western Railway,Rajasthan,"Chauth Ka Barwara, Rajasthan 322702, India",76.1530255,26.0505368
0,PPZ,Peddampet,Peddampet Telangana,South Central Railway,Telangana,"Peddampet, Telangana 505208, India",79.432412,18.7992813
0,BRJN,Brajrajnagar,Brajrajnagar Odisha,South East Central Railway,Odisha,"Brajrajnagar, Odisha, India",83.9175926,21.8284575
0,CNB,Kanapur,Kanapur Uttar Pradesh,North Central Railway,Uttar Pradesh,"Kanpur Nagar, Uttar Pradesh, India",80.2321313,26.4148245
0,PRP,Paharpur,Paharpur Bihar,East Central Railway,Bihar,"Paharpur, Bihar, India",85.207537,24.6174342
0,LLJ,Lalganj,Lalganj Uttar Pradesh,Northern Railway,Uttar Pradesh,"Lalganj, Uttar Pradesh 229206, India",80.9705292,26.1650564
0,PTJ,Podanur Jn,Podanur Jn Tamil Nadu,Southern Railway,Tamil Nadu,"Podanur Junction, Amman Nagar, Podanur, Tamil Nadu 641111, India",76.9888003,10.9643079
0,MV,Mayiladuturai J,Mayiladuturai J Tamil Nadu,Southern Railway,Tamil Nadu,"Mayiladuthurai, Tamil Nadu 609001, India",79.6525686,11.1017705
0,PYOL,PAYYOLI,PAYYOLI Kerala,Southern Railway,Kerala,"Payyoli, Kerala 673522, India",75.6202619,11.5156462
0,TRO,Tirora,Tirora Maharashtra,South East Central Railway,Maharashtra,"Tirora, Maharashtra, India",79.9309055,21.4068321
0,SMAE,SAMUDRAGARH,SAMUDRAGARH West Bengal,Eastern Railway,West Bengal,"Samudragarh, West Bengal 713519, India",88.3227935,23.3371849
0,SM,Samsi,Samsi West Bengal,North Frontier Railway,West Bengal,"Samsi, West Bengal 732139, India",88.0039972,25.2734916
0,JAM,Jam Wanthali,Jam Wanthali Gujarat,Western Railway,Gujarat,"Jam Wanthali, Gujarat 361130, India",70.3256534,22.4339198
0,BGO,BOGRI ROAD,BOGRI ROAD West Bengal,South Eastern Railway,West Bengal,"Bogri Road, Ekaria, Kasua, West Bengal 721121, India",87.3260241,22.8819642
0,GKJ,Moterjhar,Moterjhar Assam,North Frontier Railway,Assam,"Moterjhar, Assam 783334, India",89.8724368,26.1421646
0,HOL,Hol,Hol Maharashtra,Western Railway,Maharashtra,"Hol, Maharashtra, India",76.2305308,18.7159813
0,BXQ,BRUNDAMAL,BRUNDAMAL Odisha,East Coast Railway,Odisha,"Brundamal, Odisha, India",84.0326033,21.8029478
0,BV,Babhnan,Babhnan Uttar Pradesh,North Eastern Railway,Uttar Pradesh,"Babhnan, Uttar Pradesh, India",82.5023464,26.9331861
0,KHRI,KHARKHARI,KHARKHARI Jharkhand,South Eastern Railway,Jharkhand,"Kharkharee, Jharkhand, India",86.2418893,23.779467
0,CDG,Chandigarh,Chandigarh Chandigarh,Northern Railway,Chandigarh,"Chandigarh, India",76.7794179,30.7333148
0,SLI,Sangli,Sangli Maharashtra,Central Railway,Maharashtra,"Sangli, Maharashtra, India",74.5814773,16.8523973
0,MHDB,MAHADIA PH,MAHADIA PH Odisha,Null,Odisha,"Mahadia, Odisha, India",86.826427,21.5264859
0,KLSP,KUSHAL PURA,KUSHAL PURA Haryana,North Western Railway,Haryana,"Kushal Pura, Haryana 127201, India",75.7596791,28.4727384
0,NLV,Nalbari,Nalbari Assam,North Frontier Railway,Assam,"Nalbari, Assam, India",91.4410527,26.4446185
0,NLPD,NALLAPADU,NALLAPADU Andhra Pradesh,South Central Railway,Andhra Pradesh,"Nallapadu, Andhra Pradesh 522005, India",80.3867417,16.2990649
0,JUL,JHULASAN,JHULASAN Gujarat,Western Railway,Gujarat,"Jhulasan, Gujarat, India",72.474632,23.3292624
0,BPRS,Bhogpur Sirwal,Bhogpur Sirwal Punjab,Northern Railway,Punjab,"Bhogpur, Punjab 144201, India",75.6409015,31.5513951
0,SNO,Somanur,Somanur Tamil Nadu,Southern Railway,Tamil Nadu,"Somanur, Tamil Nadu 641668, India",77.1846617,11.0873413
0,BQI,Bommidi,Bommidi Tamil Nadu,Southern Railway,Tamil Nadu,"B. Mallapuram, Tamil Nadu 635301, India",78.2572869,11.9950867
0,MNC,MADANKATA,MADANKATA Jharkhand,Eastern Railway,Jharkhand,"Madankata, Sirsiya, Jharkhand 815353, India",86.7039924,24.1645619
0,CRK,Charkhera,Charkhera Madhya Pradesh,West Central Railway,Madhya Pradesh,"Charkhera, Madhya Pradesh 461228, India",77.1729605,22.3664404
0,CYN,Cheriyanad,Cheriyanad Kerala,Southern Railway,Kerala,"Cheriyanad, Kerala, India",76.5843577,9.277268
0,PBN,Parbhani Jn,Parbhani Jn Maharashtra,South Central Railway,Maharashtra,"Parbhani, Maharashtra, India",76.774776,19.2608384
0,KLBG,Kalaburagi,Kalaburagi Karnataka,Central Railway,Karnataka,"Kalaburagi, Karnataka, India",76.8342957,17.329731
0,LUR,Latur,Latur Maharashtra,Central Railway,Maharashtra,"Latur, Maharashtra, India",76.5603828,18.4087934
0,GOLE,Gole,Gole Rajasthan,North Western Railway,Rajasthan,"Gol, Rajasthan 303511, India",76.3926668,26.6377273
0,JVN,Joravarnagar,Joravarnagar Gujarat,Western Railway,Gujarat,"Joravarnagar, Hariom Nagar, Surendranagar, Gujarat 363020, India",71.63828,22.7125523
0,GJD,Gujhandi,Gujhandi Jharkhand,East Central Railway,Jharkhand,"Gujhandi, Jharkhand 825409, India",85.4659195,24.5009699
0,SKGH,Saktesgarh,Saktesgarh Uttar Pradesh,North Central Railway,Uttar Pradesh,"Saktesgarh, Rampur Shakteshgar, Uttar Pradesh 231311, India",82.833333,24.9833329
0,ADTP,JAMADOBU,JAMADOBU Jharkhand,South Eastern Railway,Jharkhand,"Jharkhand, India",85.2722472,23.6913486
0,DDX,DHAMDHAMIA,DHAMDHAMIA Jharkhand,Eastern Railway,Jharkhand,"Dhamdhamia, Jharkhand, India",87.7628028,24.9483232
0,REJ,REJINAGAR,REJINAGAR West Bengal,Eastern Railway,West Bengal,"Rejinagar, West Bengal 742163, India",88.2546358,23.8501267
0,BKPR,BAKASPUR,BAKASPUR Jharkhand,South Eastern Railway,Jharkhand,"Bakaspur, Jharkhand, India",84.9583449,22.9778574
0,DHAE,DAINHAT,DAINHAT West Bengal,Eastern Railway,West Bengal,"Dainhat, West Bengal 713502, India",88.1718237,23.6052951
0,SHDR,Shadhoragaon,Shadhoragaon Madhya Pradesh,West Central Railway,Madhya Pradesh,"Shadhoragaon - Miyana Rd, Madhya Pradesh, India",77.5880429,24.7186581
0,KMX,Komatipalli,Komatipalli Andhra Pradesh,East Coast Railway,Andhra Pradesh,"Komatipalli, Andhra Pradesh 535558, India",83.3956308,18.6021368
0,BGS,Begu Sarai,Begu Sarai Bihar,East Central Railway,Bihar,"Begusarai, Bihar, India",86.1751759,25.5184039
0,NBI,Nadbai,Nadbai Rajasthan,North Central Railway,Rajasthan,"Nadbai, Rajasthan 321602, India",77.2038203,27.2127282
0,PANP,Pandavapura,Pandavapura Karnataka,South Western Railway,Karnataka,"Pandavapura, Karnataka, India",76.6642853,12.4928616
0,VRG,Vikramnagar,Vikramnagar Madhya Pradesh,Western Railway,Madhya Pradesh,"Vikram Nagar, Madhya Pradesh, India",79.3620439,23.1623891
0,MHH,Maghar,Maghar Uttar Pradesh,North Eastern Railway,Uttar Pradesh,"Maghar, Uttar Pradesh, India",83.1277242,26.7557109
0,PVN,Pavunur,Pavunur Tamil Nadu,Southern Railway,Tamil Nadu,"Pavunjur, Tamil Nadu 603312, India",80.0120679,12.4657521
0,KRKR,KURKURA,KURKURA Jharkhand,South Eastern Railway,Jharkhand,"Kurkura, Jharkhand 835201, India",84.9245146,22.7955795
0,KRMR,Karimnagar,Karimnagar Telangana,South Central Railway,Telangana,"Karimnagar, Telangana, India",79.1288412,18.4385553
0,PTRU,Patratu,Patratu Jharkhand,East Central Railway,Jharkhand,"Patratu, Jharkhand, India",85.3060865,23.6599802
0,TKT,TIKKOTTI,TIKKOTTI Kerala,Southern Railway,Kerala,"Thikkoti, Kerala 673529, India",75.6238949,11.4951664
0,BNXR,Bidhan Nagar,Bidhan Nagar West Bengal,Eastern Railway,West Bengal,"Bidhan Nagar, West Bengal, India",88.2388162,26.494137
0,LMNR,Lakshmibai Ngr,Lakshmibai Ngr Madhya Pradesh,Western Railway,Madhya Pradesh,"Laxmi Bai Nagar, Indore, Madhya Pradesh 452006, India",75.8412484,22.7269846
0,KIY,KALAYAT,KALAYAT Haryana,Northern Railway,Haryana,"Kalayat, Haryana 136117, India",76.2508086,29.6764997
0,AGTL,Migrendisa,Migrendisa Tripura,North Frontier Railway,Tripura,"Tripura, India",91.6760691,23.5638643
0,LP,Lalapet,Lalapet Tamil Nadu,Southern Railway,Tamil Nadu,"Lalapettai, Tamil Nadu 639105, India",78.3372839,10.9494079
0,KQU,Kamarkundu,Kamarkundu West Bengal,Eastern Railway,West Bengal,"Kamarkundu, West Bengal 712407, India",88.2059418,22.8258277
0,PHD,Phaphund,Phaphund Uttar Pradesh,North Central Railway,Uttar Pradesh,"Phaphund, Uttar Pradesh 206247, India",79.4648131,26.5997918
0,PLS,Pipalsana,Pipalsana Uttar Pradesh,North Eastern Railway,Uttar Pradesh,"Pipalsana, Uttar Pradesh 244402, India",78.8241068,28.9308352
0,VNR,DEVANUR,DEVANUR Karnataka,South Western Railway,Karnataka,"Devanur, Karnataka 577175, India",76.0932136,13.4282004
0,PMU,Parmanandpur,Parmanandpur Bihar,East Central Railway,Bihar,"Permanand Pur, Bihar, India",85.1201474,25.7254536
0,NRDP,Nagireddipalli,Nagireddipalli Telangana,South Central Railway,Telangana,"Nagireddypalli, Kajipuram, Telangana 509411, India",77.5941783,16.8859411
0,JN,Ahmadpur Jn,Ahmadpur Jn Gujarat,Western Railway,Gujarat,"Ahamadpur, Gujarat 382305, India",72.8456399,23.2028178
0,MRT,Singarpur,Singarpur Uttar Pradesh,North Eastern Railway,Uttar Pradesh,"Singarpur, Uttar Pradesh 211013, India",81.8429276,25.5434399
0,VRL,Veraval,Veraval Gujarat,Western Railway,Gujarat,"Veraval, Gujarat, India",70.3628516,20.9158979
0,SLRA,Sarla Junction,Sarla Junction Odisha,East Coast Railway,Odisha,"Sarla Junction, Pardhiapali, Odisha 768006, India",84.01471,21.506701
0,MAE,MATHERAN,MATHERAN Maharashtra,Central Railway,Maharashtra,"Matheran, Maharashtra, India",73.271179,18.9886587
0,AGMN,Agomoni,Agomoni Assam,North Frontier Railway,Assam,"Agomani, Assam 783335, India",89.7860849,26.1992935
0,PSAE,PURBASTHALI,PURBASTHALI West Bengal,Eastern Railway,West Bengal,"Purbasthali, West Bengal, India",88.3324332,23.4613033
0,THV,Therubali,Therubali Odisha,East Coast Railway,Odisha,"Therubali, Burujuguda, Odisha 765018, India",83.4403434,19.3288938
0,CCH,Chinchvad,Chinchvad Maharashtra,Central Railway,Maharashtra,"Pimpri-Chinchwad, Maharashtra, India",73.7997094,18.6297811
0,PNHI,PANHAI,PANHAI Uttar Pradesh,North Central Railway,Uttar Pradesh,"Panhai, Unchadeeh, Uttar Pradesh 210208, India",81.20459,25.08295
0,GAO,GAIGAON,GAIGAON Maharashtra,Central Railway,Maharashtra,"Gaigaon, Maharashtra 444109, India",76.8915524,20.7259085
0,PHK,Punarakh,Punarakh Bihar,East Central Railway,Bihar,"Pundarakh, Bihar 803221, India",85.8050955,25.4925516
0,HYB,Hyderabad Decan,Hyderabad Decan Telangana,South Central Railway,Telangana,"Hyderabad, Public Garden Rd, Devi Bagh, Red Hills, Redhills, Hyderabad, Telangana 500001, India",78.4675162,17.3925622
0,SHK,Sheikpura,Sheikpura Bihar,East Central Railway,Bihar,"Sheikhpura, Bihar 811105, India",85.8392151,25.1391653
0,LDU,Lunidhar,Lunidhar Gujarat,Western Railway,Gujarat,"Lunidhar, Gujarat 365460, India",71.1017736,21.7022466
0,GGLE,GANGATIKURI,GANGATIKURI West Bengal,Eastern Railway,West Bengal,"Gangatikuri, West Bengal, India",88.0986241,23.7114989
0,KK,Khadki,Khadki Maharashtra,Central Railway,Maharashtra,"Khadki, Pune, Maharashtra, India",73.8523582,18.5625986
0,VLDE,VALADI,VALADI Tamil Nadu,Southern Railway,Tamil Nadu,"Valadi, Tamil Nadu 621218, India",78.757539,10.8763364
0,PTLI,Pathauli,Pathauli Uttar Pradesh,North Eastern Railway,Uttar Pradesh,"Patholi, Uttar Pradesh, India",77.9324565,27.1597151
0,MRDW,Murdeshwar,Murdeshwar Karnataka,Konkan Railway,Karnataka,"Murdeshwar, Karnataka, India",74.4898633,14.093993
0,AUWA,Auwa,Auwa Rajasthan,North Western Railway,Rajasthan,"Auwa, Rajasthan 306021, India",73.6350963,25.6281682
0,VLI,Vallikunnu,Vallikunnu Kerala,Southern Railway,Kerala,"Vallikkunnu, Kerala 673314, India",75.8446802,11.0927244
0,DVGM,Devgam,Devgam Gujarat,Western Railway,Gujarat,"Devgam, Gujarat 365460, India",71.0690907,21.7613933
0,BUS,Badausa,Badausa Uttar Pradesh,North Central Railway,Uttar Pradesh,"Lekhpal Colony, Badausha, Uttar Pradesh 210202, India",80.6521139,25.2447325
0,GCT,Ghazipur City,Ghazipur City Uttar Pradesh,North Eastern Railway,Uttar Pradesh,"Ghazipur, Uttar Pradesh 233001, India",83.5783078,25.5877901
0,STLI,Sithouli,Sithouli Madhya Pradesh,North Central Railway,Madhya Pradesh,"Sithouli, National Highway 75, Gwalior, Madhya Pradesh 475001, India",78.187264,26.1467638
0,BAPR,Ballupur,Ballupur Uttar Pradesh,North Eastern Railway,Uttar Pradesh,"Ballupur, Uttar Pradesh 271903, India",81.4086665,27.2473976
0,THAN,Than Jn,Than Jn Gujarat,Western Railway,Gujarat,"Thangadh, Gujarat 363530, India",71.2009861,22.5761472
0,JN,DIGUVAMETTA,DIGUVAMETTA Gujarat,Western Railway,Gujarat,"Gujarat, India",71.5723953,22.6708317
0,SBBJ,Sbb Jogulamba H,Sbb Jogulamba H Telangana,South Central Railway,Telangana,"SBB Jogulamba H, Bhairapur, Telangana 509128, India",78.0418078,15.9156601
0,GTJT,Getor Jagatpura,Getor Jagatpura Rajasthan,North Western Railway,Rajasthan,"Getor Jagatpura, Railway station shortcut, Model Town, Jagatpura, Jaipur, Rajasthan 302017, India",75.8319244,26.8369629
0,MSR,Masur,Masur Maharashtra,Central Railway,Maharashtra,"Masur, Maharashtra 415106, India",74.1661716,17.3983642
0,BRE,Bharwari,Bharwari Uttar Pradesh,North Central Railway,Uttar Pradesh,"Bharwari, Uttar Pradesh 212201, India",81.4855648,25.5597967
0,TRR,Taraori,Taraori Haryana,Northern Railway,Haryana,"Taraori, Haryana 132116, India",76.9334186,29.7999607
0,RWTB,Rowta Bagan,Rowta Bagan Assam,North Frontier Railway,Assam,"Rowta Bagan, Assam, India",92.2458096,26.7231183
0,PATL,PATEL HALT,PATEL HALT Bihar,East Central Railway,Bihar,"Patel Halt, Shahwajpur, Bihar 801103, India",84.8957571,25.5639338
0,STLR,Sitalpur,Sitalpur Bihar,East Central Railway,Bihar,"Sitalpur, Bihar, India",85.0336088,25.7681773
0,SZM,Subzi Mandi,Subzi Mandi Delhi,Northern Railway,Delhi,"Subzi Mandi, Delhi, India",77.2045867,28.6694461
0,MOF,Mondh,Mondh Uttar Pradesh,Northern Railway,Uttar Pradesh,"Mondh Rd, Uttar Pradesh, India",82.5212636,25.4126057
0,NBL,Nimbal,Nimbal Karnataka,South Western Railway,Karnataka,"Nimbal, Karnataka 585236, India",76.3984537,17.3997016
0,APN,Ayodhyapattanam,Ayodhyapattanam Tamil Nadu,Southern Railway,Tamil Nadu,"Ayothiapattinam, Tamil Nadu 636103, India",78.235035,11.6742551
0,HRNR,Hira Nagar,Hira Nagar Jammu And Kashmir,Northern Railway,Jammu And Kashmir,Hiranagar 184142,75.2727655,32.4556366
0,SF,Jaipur,Jaipur Andhra Pradesh,South Central Railway,Andhra Pradesh,"Andhra Pradesh, India",79.7399875,15.9128998
0,KURJ,KHAJURAHO,KHAJURAHO Madhya Pradesh,North Central Railway,Madhya Pradesh,"Khajuraho, Madhya Pradesh 471606, India",79.9198549,24.8318452
0,JWO,Jawad Road,Jawad Road Rajasthan,Western Railway,Rajasthan,"Jawad Rd, Rajasthan 313301, India",73.8372188,24.8896907
0,SSPN,Sai P Nilayam,Sai P Nilayam Andhra Pradesh,South Western Railway,Andhra Pradesh,"Andhra Pradesh, India",79.7399875,15.9128998
0,KOJ,Kokrajhar,Kokrajhar Assam,North Frontier Railway,Assam,"Kokrajhar, Assam 783370, India",90.2705679,26.4021196
0,KGG,Khagaria Jn,Khagaria Jn Bihar,East Central Railway,Bihar,"Khagaria, Bihar, India",86.4701416,25.50452
0,BEHS,Bihar Sharif,Bihar Sharif Bihar,East Central Railway,Bihar,"Bihar Sharif, Bihar, India",85.517437,25.2049738
0,BMT,Begampet,Begampet Telangana,South Central Railway,Telangana,"Begumpet, Hyderabad, Telangana, India",78.4663812,17.4447068
0,BAKA,Banka,Banka Bihar,Eastern Railway,Bihar,"Banka, Bihar 813102, India",86.919838,24.8874179
0,LKS,Lunkaransar,Lunkaransar Rajasthan,North Western Railway,Rajasthan,"Lunkaransar, Rajasthan 334603, India",73.7445651,28.493458
0,PRTP,Partapur,Partapur Uttar Pradesh,Northern Railway,Uttar Pradesh,"Partapur, Meerut, Uttar Pradesh, India",77.6483313,28.9268136
0,BGY,BANGRIPOSI,BANGRIPOSI Odisha,South Eastern Railway,Odisha,"Bangriposi, Odisha 757032, India",86.5413297,22.152718
0,KLGR,KHALAIGRAM,KHALAIGRAM West Bengal,North Frontier Railway,West Bengal,"Khalaigram, West Bengal 735210, India",89.0537655,26.5549118
0,DKGN,Dekargaon,Dekargaon Assam,North Frontier Railway,Assam,"Dekargaon, Assam, India",92.0346665,26.531796
0,SRP,Serampore,Serampore West Bengal,Eastern Railway,West Bengal,"Serampore, West Bengal, India",88.3405772,22.7505213
0,TVR,THIRUVARUR JN,THIRUVARUR JN Tamil Nadu,Southern Railway,Tamil Nadu,"Thiruvarur, Tamil Nadu, India",79.6343691,10.7661312
0,MRN,Morwani,Morwani Madhya Pradesh,Western Railway,Madhya Pradesh,"Morwani, Madhya Pradesh 457001, India",74.9961239,23.2647894
0,PUDI,PUDI,PUDI Andhra Pradesh,Southern Railway,Andhra Pradesh,"Pudi, Andhra Pradesh, India",79.5013207,13.5446663
0,OML,OMALUR,OMALUR Tamil Nadu,Southern Railway,Tamil Nadu,"Omalur, Tamil Nadu, India",78.0473128,11.7428803
0,JLWC,JHALAWAR CITY,JHALAWAR CITY Rajasthan,West Central Railway,Rajasthan,"Jhalawar, Rajasthan 326001, India",76.1642846,24.593906
0,CMW,Chimalpahad,Chimalpahad Telangana,South Central Railway,Telangana,"Chimal Pahad, Telangana 502287, India",77.7080064,18.1347489
0,NVF,NAGAVANGALA,NAGAVANGALA Karnataka,South Western Railway,Karnataka,"Nagavangala, Karnataka 577116, India",75.978254,13.6593031
0,NMBR,N Mayurbhanj Rd,N Mayurbhanj Rd Odisha,South Eastern Railway,Odisha,"Mayurbhanj, Odisha, India",86.4187308,22.0086978
0,MVRD,Maivadi Road,Maivadi Road Tamil Nadu,Southern Railway,Tamil Nadu,"Maivadi Road, Myvadi, Madathukulam, Tamil Nadu 642203, India",77.3343007,10.563645
0,CSB,Shivaji Bridge,Shivaji Bridge Delhi,Northern Railway,Delhi,"Shivaji Bridge, Metro Bhawan, Fire Brigade Lane, Gas Turbine Power Station, Barakhamba, Railway Colony, Minto Bridge Colony, Barakhamba, New Delhi, Delhi 110001, India",77.2266676,28.6334633
0,PCOI,Prayagrajcheoki,Prayagrajcheoki Uttar Pradesh,North Central Railway,Uttar Pradesh,"9VG8+RGJ Prayagraj Cheoki Station, Naini Gaon, Chaka, Naini, Prayagraj, Uttar Pradesh 211008, India",81.8662515,25.3770996
0,BSQP,Bansipur,Bansipur Bihar,East Central Railway,Bihar,"Banshipur, Bihar 813108, India",86.7098172,25.1165776
0,NRW,Narwana Jn,Narwana Jn Haryana,Northern Railway,Haryana,"Narwana, Haryana 126116, India",76.1149662,29.5959853
0,BAMR,BAMUR,BAMUR Odisha,East Coast Railway,Odisha,"Bamur, Odisha 759126, India",84.483068,21.0106496
0,PGA,Pagara,Pagara Madhya Pradesh,West Central Railway,Madhya Pradesh,"Pagara, Madhya Pradesh 470115, India",78.7192776,23.8761255
0,ELM,Elimala,Elimala Kerala,Southern Railway,Kerala,"Ezhimala, Kerala, India",75.2070644,12.0213447
0,BHLK,Bhalki,Bhalki Karnataka,South Central Railway,Karnataka,"Bhalki, Karnataka 585328, India",77.2183652,18.0503666
0,MVV,MAHESHI,MAHESHI Bihar,Eastern Railway,Bihar,"Maheshi, Bihar 848114, India",85.8972262,25.7384213
0,BL,Valsad,Valsad Gujarat,Western Railway,Gujarat,"Valsad, Gujarat, India",72.9342451,20.5992349
0,BIWK,Bisalwas Kalan,Bisalwas Kalan Madhya Pradesh,Western Railway,Madhya Pradesh,"Bisalwas kalan, Madhya Pradesh 458441, India",74.8009955,24.5019654
0,JN,Tiruturaipdi Jn,Tiruturaipdi Jn Gujarat,Western Railway,Gujarat,"Gujarat, India",71.5723953,22.6708317
0,DKO,DEVAKOTTAI ROAD,DEVAKOTTAI ROAD Tamil Nadu,Southern Railway,Tamil Nadu,"Devakottai Rd, Tamil Nadu, India",78.8063431,9.962972
0,PNVL,Panvel,Panvel Maharashtra,Central Railway,Maharashtra,"Panvel, Navi Mumbai, Maharashtra, India",73.1175162,18.9894007
0,TDLE,TILDANGA,TILDANGA West Bengal,Eastern Railway,West Bengal,"Tildanga, West Bengal, India",87.8758417,24.7898225
0,BONA,Boinda,Boinda Odisha,East Coast Railway,Odisha,"Boinda, Odisha 759127, India",84.7485315,20.9223091
0,BDM,BADAMI,BADAMI Karnataka,South Western Railway,Karnataka,"Badami, Karnataka 587201, India",75.676082,15.918622
0,STKT,Sasthankotta,Sasthankotta Kerala,Southern Railway,Kerala,"Sasthamcotta, Kerala, India",76.6239423,9.0364612
0,HLAR,HOLE ALUR,HOLE ALUR Karnataka,South Western Railway,Karnataka,"Hole Alur, Karnataka 582203, India",75.6469934,15.8249636
0,GDPL,G Pochampalli,G Pochampalli Telangana,South Central Railway,Telangana,"G. Pochampalli (Village), Gundlapochampalli, Hyderabad, Telangana 500100, India",78.4803447,17.5687565
0,KUH,Khachrod,Khachrod Madhya Pradesh,Western Railway,Madhya Pradesh,"Khachrod, Madhya Pradesh, India",75.2797544,23.4215674
0,SWC,Shivrampur,Shivrampur Uttar Pradesh,North Central Railway,Uttar Pradesh,"Shivrampur, Uttar Pradesh 210205, India",80.8312394,25.2248554
0,PLO,Pulgaon Jn,Pulgaon Jn Maharashtra,Central Railway,Maharashtra,"Pulgaon, Maharashtra 442302, India",78.3216329,20.7237577
0,DSL,Deswal,Deswal Rajasthan,North Western Railway,Rajasthan,"Deshwal, Rajasthan, India",73.8713099,26.8520075
0,MZR,Murtajapur,Murtajapur Maharashtra,Central Railway,Maharashtra,"Murtizapur, Maharashtra 444107, India",77.369906,20.7232674
0,PHN,Pokhrayan,Pokhrayan Uttar Pradesh,North Central Railway,Uttar Pradesh,"Pukhrayan, Uttar Pradesh 209111, India",79.8380778,26.2266671
0,AJJ,Arakkonam Jn,Arakkonam Jn Tamil Nadu,Southern Railway,Tamil Nadu,"Arakkonam, Tamil Nadu, India",79.6704128,13.0840593
0,HBU,HALBARGA,HALBARGA Karnataka,South Central Railway,Karnataka,"Halbarga, Karnataka 585413, India",77.3252633,17.9947776
0,RE,KUMBHAWAS MUNDA,KUMBHAWAS MUNDA Haryana,North Western Railway,Haryana,"Kumbhawas, Haryana 122502, India",76.6614853,28.2509962
0,KCP,KALGUPUR,KALGUPUR Karnataka,South Central Railway,Karnataka,"Kalgupur, Kalgapur, Karnataka 585417, India",77.193834,18.158289
0,LMN,Lachhmanpur,Lachhmanpur Uttar Pradesh,Northern Railway,Uttar Pradesh,"Lachhmanpur, Uttar Pradesh 209303, India",79.8842826,26.511648
0,WDM,Wyndhamganj,Wyndhamganj Uttar Pradesh,East Central Railway,Uttar Pradesh,"Wyndhamganj, Uttar Pradesh, India",83.3976335,24.2593526
0,NVU,Navalur,Navalur Karnataka,South Western Railway,Karnataka,"Navalur, Dharwad, Karnataka, India",75.040671,15.4293754
0,CI,Chhapra Kacheri,Chhapra Kacheri Bihar,North Eastern Railway,Bihar,"Chhapra Kacheri, Kachahri Rd, Darshan Nagar, Chapra, Bihar 841301, India",84.7459345,25.7859667
0,BC,Bareilly City,Bareilly City Uttar Pradesh,North Eastern Railway,Uttar Pradesh,"Bareilly, Uttar Pradesh, India",79.4304381,28.3670355
0,BFZ,BHANDARTIKURI,BHANDARTIKURI West Bengal,Eastern Railway,West Bengal,"Bhandartikuri, West Bengal 741316, India",88.3372909,23.4315974
0,TKHE,Takarkhede,Takarkhede Maharashtra,Western Railway,Maharashtra,"Takarkhede, Maharashtra, India",75.49564,20.9931423
0,RTG,RANGTONG,RANGTONG West Bengal,North Frontier Railway,West Bengal,"Rangtong, Hill Cart Road, Cart Road, West Bengal 734223, India",88.3426,26.8362
0,NW,Nalwar,Nalwar Karnataka,South Central Railway,Karnataka,"Nalwar, Karnataka 585218, India",76.9924167,16.9430496
0,LT,LAHAVIT,LAHAVIT Maharashtra,Central Railway,Maharashtra,"Lahavit, Maharashtra 422502, India",73.8132337,19.8509645
0,RHMA,Rahama,Rahama Odisha,East Coast Railway,Odisha,"Rahama, Odisha, India",86.3820191,20.310028
0,KDRP,Kandarpur,Kandarpur Odisha,East Coast Railway,Odisha,"Kandarpur, Odisha 754100, India",86.0137518,20.4065098
0,BKRO,Bokaro Thermal,Bokaro Thermal Jharkhand,East Central Railway,Jharkhand,"Bokaro Thermal, Jharkhand, India",85.8844404,23.7978583
0,DAVM,DHANUVACHAPURAM,DHANUVACHAPURAM Kerala,Southern Railway,Kerala,"Dhanuvachapuram, Kerala, India",77.1283821,8.3839143
0,EM,Ekma,Ekma Bihar,North Eastern Railway,Bihar,"Ekma, Bihar, India",84.5353247,25.9651053
0,SLO,Samalkot Jn,Samalkot Jn Andhra Pradesh,South Central Railway,Andhra Pradesh,"Samalkot Junction, Gandhi Statue Center, Pithapuram - Samalkot Main Rd, Jaggamma Garipeta, Samarlakota, Andhra Pradesh 533440, India",82.1691203,17.0453187
0,MKPT,MALIKPETH,MALIKPETH Maharashtra,Central Railway,Maharashtra,"Malikpeth, Maharashtra, India",75.641175,17.8747139
0,PVI,Peravurani,Peravurani Tamil Nadu,Southern Railway,Tamil Nadu,"Peravurani, Tamil Nadu 614804, India",79.2007694,10.2866254
0,KLI,KAULI,KAULI Punjab,Northern Railway,Punjab,"Kauli, Punjab 140701, India",76.5098017,30.4163171
0,ADPT,Andipatti,Andipatti Tamil Nadu,Southern Railway,Tamil Nadu,"Andippatti, Tamil Nadu, India",77.6192493,9.9997308
0,GRMA,GHORMARA,GHORMARA Jharkhand,Eastern Railway,Jharkhand,"Ghormara, Jharkhand 814120, India",86.8646909,24.4473611
0,DBR,Dabhaura,Dabhaura Madhya Pradesh,North Central Railway,Madhya Pradesh,"Dabhaura, Madhya Pradesh 486556, India",81.3055557,25.1157218
0,GYN,Gyanpur Road,Gyanpur Road Uttar Pradesh,North Eastern Railway,Uttar Pradesh,"Gyanpur Rd, Uttar Pradesh, India",82.4336086,25.3945661
0,JAQ,Jandrapeta,Jandrapeta Andhra Pradesh,South Central Railway,Andhra Pradesh,"Jandrapeta, Chirala, Andhra Pradesh, India",80.3268812,15.8065268
0,CSMT,Jalna,Jalna Maharashtra,Central Railway,Maharashtra,"Jalna, Maharashtra, India",75.8816345,19.8346659
0,AVT,Avatihalli,Avatihalli Karnataka,South Western Railway,Karnataka,"Avatihalli, Hyderabad - Bangalore Hwy, Karnataka 562110, India",77.72651,13.2987
0,AMB,Ambodala,Ambodala Odisha,East Coast Railway,Odisha,"Ambodala, Odisha 765021, India",83.4576861,19.8343745
0,JDR,JIWDHARA,JIWDHARA Bihar,East Central Railway,Bihar,"Jiwdhara, Bihar 845429, India",84.9082992,26.5776614
0,TVR,Thiruvarur Jn,Thiruvarur Jn Tamil Nadu,Southern Railway,Tamil Nadu,"Thiruvarur, Tamil Nadu, India",79.6343691,10.7661312
0,KON,Kudalnagar,Kudalnagar Tamil Nadu,Southern Railway,Tamil Nadu,"Koodal Nagar, Madurai, Tamil Nadu, India",78.0965691,9.9642863
0,MAP,Morappur,Morappur Tamil Nadu,Southern Railway,Tamil Nadu,"Morappur, Tamil Nadu 635305, India",78.393409,12.126367
0,SDMK,Sidmukh,Sidmukh Rajasthan,North Western Railway,Rajasthan,"Sidhmukh, Rajasthan 331701, India",75.2862298,28.8878937
0,LMG,Lumding Jn,Lumding Jn Assam,North Frontier Railway,Assam,"Lumding, Assam 782447, India",93.172876,25.7516266
0,MQP,MAKRANDPUR,MAKRANDPUR Uttar Pradesh,North Eastern Railway,Uttar Pradesh,"Makrandpur, Uttar Pradesh 243402, India",79.3384586,28.2439196
0,BHN,BHULI,BHULI Jharkhand,East Central Railway,Jharkhand,"Bhuli, Dhanbad, Jharkhand 828104, India",86.390883,23.8134549
0,VRR,Virpur,Virpur Gujarat,Western Railway,Gujarat,"Virpur, Gujarat 360380, India",70.6975176,21.8457287
0,MALR,Mallur,Mallur Tamil Nadu,Southern Railway,Tamil Nadu,"Mallur, Tamil Nadu 636203, India",78.1421905,11.5446594
0,HQR,HIRENANDURU,HIRENANDURU Karnataka,Central Railway,Karnataka,"Hirenanduru, Nandoor K, Karnataka 585102, India",76.8721189,17.2583072
0,BUE,BARUNA,BARUNA Bihar,East Central Railway,Bihar,"Baruna, Bihar, India",84.0748789,25.5609223
0,IDL,Indalvai,Indalvai Telangana,South Central Railway,Telangana,"Indalwai, Telangana 503164, India",78.219132,18.5378078
0,MGAE,Morgram,Morgram West Bengal,Eastern Railway,West Bengal,"Morgram, West Bengal, India",88.0163889,24.3025793
0,MUG,MAGRA,MAGRA West Bengal,Eastern Railway,West Bengal,"Mogra, Amodghata, West Bengal, India",88.3773462,22.9869789
0,MRL,Maroli,Maroli Gujarat,Western Railway,Gujarat,"Maroli, Gujarat, India",72.8885529,21.0238715
0,SRKI,Semarkheri,Semarkheri Madhya Pradesh,West Central Railway,Madhya Pradesh,"Madhya Pradesh, India",78.6568942,22.9734229
0,BNI,Budni,Budni Madhya Pradesh,West Central Railway,Madhya Pradesh,"Budhni, Madhya Pradesh 466445, India",77.6825654,22.7745622
0,MWD,Mhasavad,Mhasavad Maharashtra,Central Railway,Maharashtra,"Mhasavad, Maharashtra 425116, India",75.456321,20.8689576
0,SRO,Sirathu,Sirathu Uttar Pradesh,North Central Railway,Uttar Pradesh,"Sirathu, Uttar Pradesh 212217, India",81.3206873,25.6440584
0,NLE,Nileshwar,Nileshwar Kerala,Southern Railway,Kerala,"Nileshwar, Kerala, India",75.1340652,12.2557161
0,DJL,Dodjala H,Dodjala H Karnataka,South Western Railway,Karnataka,"Dodjala H, Doddajala, Bengaluru, Karnataka 562157, India",77.6522187,13.1834287
0,PBL,Pathsala,Pathsala Assam,North Frontier Railway,Assam,"Pathsala, Assam 781325, India",91.1809029,26.5118843
0,SCL,Silchar,Silchar Assam,North Frontier Railway,Assam,"Silchar, Assam, India",92.7789054,24.8332708
0,GO,GHOTI,GHOTI Maharashtra,Central Railway,Maharashtra,"Ghoti, Ghoti Budruk, Maharashtra 422402, India",73.6261059,19.714821
0,BSDP,Bhusandpur,Bhusandpur Odisha,East Coast Railway,Odisha,"Bhusandpur, Gobardhanpur, Odisha 752021, India",85.477438,19.9527008
0,DGR,Durgapur,Durgapur West Bengal,Eastern Railway,West Bengal,"Durgapur, West Bengal, India",87.3119227,23.5204443
0,TGQ,Tenganmada,Tenganmada Chhatisgarh,South East Central Railway,Chhatisgarh,"Tenganmada, Tenganmuda, Bitkuli, Chhattisgarh 495116, India",81.9952491,22.507798
0,KDE,KORADACHERI,KORADACHERI Tamil Nadu,Southern Railway,Tamil Nadu,"Koradacheri, Tamil Nadu 613703, India",79.4921614,10.7706248
0,CLN,Kollidam,Kollidam Tamil Nadu,Southern Railway,Tamil Nadu,"Kollidam, Tamil Nadu 609102, India",79.7203565,11.3306531
0,BWH,Bhadaura,Bhadaura Uttar Pradesh,East Central Railway,Uttar Pradesh,"Bhadaura, Uttar Pradesh 232333, India",83.7398352,25.4541185
0,BKRL,BAKROL,BAKROL Gujarat,Western Railway,Gujarat,"Bakrol, Gujarat, India",72.9112439,22.5638508
0,SVDK,Katra,Katra Jammu And Kashmir,Northern Railway,Jammu And Kashmir,Katra 182320,74.9318173,32.9914962
0,CMGR,Chikkamagaluru,Chikkamagaluru Karnataka,South Western Railway,Karnataka,"Chikkamagaluru, Karnataka, India",75.7720439,13.3161441
0,MTV,MATALKUNTA,MATALKUNTA Telangana,South Central Railway,Telangana,"Metalkunta, Telangana 502249, India",77.5605704,17.7838444
0,SK,SAKHUN,SAKHUN Rajasthan,North Western Railway,Rajasthan,"Sakhun, Rajasthan 303008, India",75.0972988,26.7031959
0,BSL,Bhusaval Jn,Bhusaval Jn Maharashtra,Central Railway,Maharashtra,"Bhusawal, Maharashtra, India",75.7875517,21.0417707
0,RAI,Rai Singh Nagar,Rai Singh Nagar Uttar Pradesh,North Central Railway,Uttar Pradesh,"Singh Nagar, Balrampur, Uttar Pradesh 224176, India",83.0784157,26.2946194
0,QLM,Kulem,Kulem Goa,South Western Railway,Goa,"Kolem, Goa 403410, India",74.2437384,15.3362868
0,VDP,VADIPPATTI,VADIPPATTI Tamil Nadu,Southern Railway,Tamil Nadu,"Vadipatti, Tamil Nadu, India",77.9610158,10.0843179
0,DNR,Danapur,Danapur Bihar,East Central Railway,Bihar,"Danapur, Bihar, India",85.0414249,25.6241415
0,CJ,KANCHIPURAM EAST,KANCHIPURAM EAST Tamil Nadu,Southern Railway,Tamil Nadu,"Kanchipuram, Tamil Nadu 631501, India",79.7041698,12.8371787
0,CTC,Cuttack,Cuttack Odisha,East Coast Railway,Odisha,"Cuttack, Odisha, India",85.8829895,20.462521
0,RTA,Ruthiyai,Ruthiyai Madhya Pradesh,West Central Railway,Madhya Pradesh,"Ruthiyai, Madhya Pradesh 473110, India",77.180149,24.5342891
0,KJT,Karjat,Karjat Maharashtra,Central Railway,Maharashtra,"Karjat, Maharashtra 410201, India",73.3282612,18.9102069
0,RGT,Rajghat,Rajghat Odisha,South Eastern Railway,Odisha,"Rajghat, Thengudia, Odisha 756032, India",87.155098,21.7646297
0,BJRI,Bijuri,Bijuri Madhya Pradesh,South East Central Railway,Madhya Pradesh,"Bijuri, Madhya Pradesh, India",82.1223977,23.2501663
0,ULB,Ulubaria,Ulubaria West Bengal,South Eastern Railway,West Bengal,"Uluberia, Howrah, West Bengal, India",88.0897934,22.4763526
0,CTH,Chikalthan,Chikalthan Maharashtra,South Central Railway,Maharashtra,"Chikhalthan, Maharashtra, India",75.2008414,20.1946922
0,BHBK,Bodhadi Bujrug,Bodhadi Bujrug Maharashtra,South Central Railway,Maharashtra,"Bodhadi Bujrug, Bodhadi, Bodhadi Bk., Maharashtra 431810, India",78.1947062,19.4958376
0,DUR,DESUR,DESUR Karnataka,South Western Railway,Karnataka,"Desur, Karnataka 590014, India",74.505312,15.7424553
0,NRT,Narasaraopet,Narasaraopet Andhra Pradesh,South Central Railway,Andhra Pradesh,"Narasaraopeta, Andhra Pradesh 522601, India",80.0496499,16.2359181
0,ETK,Etakkot,Etakkot Kerala,Southern Railway,Kerala,"Etakkot, Edakkad, Kerala 670663, India",75.4437319,11.8060413
0,JKM,Jankampet Jn,Jankampet Jn Telangana,South Central Railway,Telangana,"Jankampet, Telangana 503186, India",78.0231062,18.7057186
0,PVRD,Piravam Road,Piravam Road Kerala,Southern Railway,Kerala,"Piravom - Elanji Rd, Kerala, India",76.5227605,9.8566465
0,BCOB,Bhachau Bg,Bhachau Bg Gujarat,Western Railway,Gujarat,"Bhachau, Gujarat 370140, India",70.339045,23.2930388
0,CDSL,Chandresal,Chandresal Rajasthan,West Central Railway,Rajasthan,"Chandresal, Rajasthan 324002, India",75.9260011,25.2169512
0,GNPR,GUNUPUR,GUNUPUR Odisha,East Coast Railway,Odisha,"Gunupur, Odisha 765022, India",83.8128265,19.0754648
0,UJA,Unjha,Unjha Gujarat,Western Railway,Gujarat,"Unjha, Gujarat 384170, India",72.3902277,23.8035004
0,LUNI,Luni Jn,Luni Jn Rajasthan,North Western Railway,Rajasthan,"Luni, Rajasthan 342802, India",73.0077458,26.0033299
0,KDF,KHUNDAUR,KHUNDAUR Uttar Pradesh,Northern Railway,Uttar Pradesh,"Kohandaur, Uttar Pradesh 230401, India",82.0230032,26.0381302
0,SHR,Sihora Road,Sihora Road Madhya Pradesh,West Central Railway,Madhya Pradesh,"Sihora Rd, Madhya Pradesh, India",80.0327462,23.4982567
0,BRYA,Barhiya,Barhiya Bihar,East Central Railway,Bihar,"Barahiya, Bihar 811302, India",86.0229167,25.283259
0,KCI,Kalikiri,Kalikiri Andhra Pradesh,South Central Railway,Andhra Pradesh,"Kalikiri, Andhra Pradesh, India",78.8038524,13.6530112
0,GG,Gandhigram,Gandhigram Gujarat,Western Railway,Gujarat,"Gandhigram, Gujarat 370445, India",69.2957518,22.9908949
0,RAY,Ray,Ray Jharkhand,East Central Railway,Jharkhand,"Ray, Jharkhand 829209, India",85.0535395,23.6831613
0,DKNT,Dakaniya Talav,Dakaniya Talav Rajasthan,West Central Railway,Rajasthan,"Dakaniya Talav, Indira Nagar, Kota Industrial Area, Kota, Rajasthan 324007, India",75.8659843,25.1446577
0,WDA,Wadrengdisa,Wadrengdisa Assam,North Frontier Railway,Assam,"Wadrengdisa, Assam 788831, India",93.1798487,25.2652231
0,VVM,VIRAVASARAM,VIRAVASARAM Andhra Pradesh,South Central Railway,Andhra Pradesh,"Viravasaram, Andhra Pradesh, India",81.6289526,16.5378873
0,AGTL,AGARTALA,AGARTALA Tripura,North Frontier Railway,Tripura,"Agartala, Tripura, India",91.2867777,23.831457
0,SIW,Shirravde,Shirravde Maharashtra,Central Railway,Maharashtra,"Shirravde, Masur Rd, Maharashtra 415115, India",74.157704,17.3607602
0,BLU,Bilhaur,Bilhaur Uttar Pradesh,North Eastern Railway,Uttar Pradesh,"Bilhaur, Uttar Pradesh 209202, India",80.0618743,26.8435447
0,BWS,Badwasi,Badwasi Rajasthan,North Western Railway,Rajasthan,"Barwasi, Rajasthan, India",75.3430063,27.8929555
0,VTM,Vetapalem,Vetapalem Andhra Pradesh,South Central Railway,Andhra Pradesh,"Vetapalem, Andhra Pradesh 523187, India",80.3057484,15.7823353
0,BAWA,Balwara,Balwara Rajasthan,North Western Railway,Rajasthan,"Balwara, Rajasthan 343042, India",72.5411869,25.4927612
0,GDG,Gadag Jn,Gadag Jn Karnataka,South Western Railway,Karnataka,"Gadag Junction, Vidya Nagar, Hirehandilog, Gadag-Betageri, Gadag-Betigeri, Karnataka 582101, India",75.6424624,15.4367021
0,LPG,LAPANGA,LAPANGA Odisha,East Coast Railway,Odisha,"Lapanga, Odisha 768212, India",84.0154204,21.7236434
0,GP,Rajgangpur,Rajgangpur Odisha,South Eastern Railway,Odisha,"Rajgangpur, Odisha 770017, India",84.5798623,22.190196
0,IGU,Irugur,Irugur Tamil Nadu,Southern Railway,Tamil Nadu,"Irugur, Tamil Nadu, India",77.0638929,11.02088
0,CND,Chandur,Chandur Maharashtra,Central Railway,Maharashtra,"Chandur, Maharashtra 444904, India",77.9909949,20.8181054
0,WGA,Waghoda,Waghoda Maharashtra,Central Railway,Maharashtra,"Waghoda, Maharashtra 441107, India",78.9341278,21.3735119
0,RDU,RADHAMOHANPUR,RADHAMOHANPUR West Bengal,South Eastern Railway,West Bengal,"Radhamohanpur, West Bengal 721160, India",87.6112325,22.3609517
0,YNK,Yelhanka Jn,Yelhanka Jn Karnataka,South Western Railway,Karnataka,"Yelahanka Junction, Kamakshiamma Layout, Yelahanka, Bengaluru, Karnataka 560064, India",77.5917985,13.1049802
0,BQG,BHAGWANGOLA,BHAGWANGOLA West Bengal,Eastern Railway,West Bengal,"Bhagwangola, West Bengal 742135, India",88.3069213,24.3277217
0,BVP,Bhavanagar Para,Bhavanagar Para Gujarat,Western Railway,Gujarat,"Bhavnagar Para, Bhavnagar, Gujarat, India",72.1128764,21.7629941
0,WR,Madhi,Madhi Maharashtra,Central Railway,Maharashtra,"Madhi, Maharashtra, India",75.1019942,19.1498446
0,KUMB,KUMARBAGH,KUMARBAGH Bihar,East Central Railway,Bihar,"Kumarbagh, Bihar 845450, India",84.5169757,26.8732677
0,BOD,Bangrod,Bangrod Madhya Pradesh,Western Railway,Madhya Pradesh,"Bangrod, Madhya Pradesh 457001, India",75.1063735,23.4054803
0,TVG,TAVARGATTI,TAVARGATTI Karnataka,South Western Railway,Karnataka,"Tavargatti, Karnataka 591301, India",74.6576091,15.4113383
0,FBD,Farrukhabad,Farrukhabad Uttar Pradesh,North Eastern Railway,Uttar Pradesh,"Farrukhabad, Uttar Pradesh, India",79.5840195,27.3825853
0,JSI,Jasali,Jasali Gujarat,Western Railway,Gujarat,"Jasali, Gujarat, India",71.9075292,24.1541026
0,GPAE,GUPTIPARA,GUPTIPARA West Bengal,Eastern Railway,West Bengal,"Guptipara, West Bengal, India",88.4049735,23.2055009
0,RLA,Rajula Jn,Rajula Jn Gujarat,Western Railway,Gujarat,"Rajula Junction, Vavera, Gujarat 365560, India",71.4791242,21.1039394
0,KKNA,Khunkhuna,Khunkhuna Rajasthan,North Western Railway,Rajasthan,"Khunkhuna, Rajasthan 341318, India",74.4862655,27.3049903
0,KBM,Kotabommali,Kotabommali Andhra Pradesh,East Coast Railway,Andhra Pradesh,"Kotabommali, Andhra Pradesh 532195, India",84.162498,18.520034
0,ASE,ASAUDAH,ASAUDAH Haryana,Northern Railway,Haryana,"Asaudha, Haryana 124505, India",76.8706548,28.751634
0,GATD,GAUTAMDHARA,GAUTAMDHARA Jharkhand,South Eastern Railway,Jharkhand,"Gautamdhara, Guridih, Jharkhand 835101, India",85.6325296,23.3499763
0,MOMU,MOLAKALMURU,MOLAKALMURU Karnataka,South Western Railway,Karnataka,"Molakalmuru, Karnataka 577535, India",76.7466378,14.7165215
0,MAG,Mangalagiri,Mangalagiri Andhra Pradesh,South Central Railway,Andhra Pradesh,"Mangalagiri, Andhra Pradesh, India",80.5662454,16.4345712
0,WHM,Washim,Washim Maharashtra,South Central Railway,Maharashtra,"Washim, Maharashtra 444505, India",77.1303079,20.111238
0,MALK,Govindgarh Malk,Govindgarh Malk Madhya Pradesh,Central Railway,Madhya Pradesh,"Govindgarh, Madhya Pradesh, India",81.30418,24.3782023
0,GKB,Ghataka Varana,Ghataka Varana Rajasthan,West Central Railway,Rajasthan,"Ghat ka Varana, Ghat Ka Barana, Rajasthan 323603, India",76.160044,25.505992
0,BIO,Bordi,Bordi Gujarat,Western Railway,Gujarat,"Bordi, Gujarat, India",73.0847979,22.787883
0,PB,Puntamba,Puntamba Maharashtra,Central Railway,Maharashtra,"Puntamba, Maharashtra 413707, India",74.6195474,19.7666681
0,WR,Bardoli,Bardoli Maharashtra,Central Railway,Maharashtra,"Maharashtra, India",75.7138884,19.7514798
0,ED,Erode Jn,Erode Jn Tamil Nadu,Southern Railway,Tamil Nadu,"Erode, Tamil Nadu, India",77.7171642,11.3410364
0,CBF,Coimbatore Nrth,Coimbatore Nrth Tamil Nadu,Southern Railway,Tamil Nadu,"Coimbatore North, Tamil Nadu 641029, India",76.945778,11.060285
0,MBS,Madhosingh,Madhosingh Uttar Pradesh,North Eastern Railway,Uttar Pradesh,"Bazar Madhosingh, Uttar Pradesh 221306, India",82.5314356,25.26886
0,CNO,Cancona,Cancona Goa,Konkan Railway,Goa,"Canacona, Goa, India",74.0411339,14.9976384
0,HEB,HEBBAL,HEBBAL Karnataka,South Western Railway,Karnataka,"Hebbal, Bengaluru, Karnataka, India",77.5987874,13.0353557
0,CLD,CHALSA JN,CHALSA JN West Bengal,North Frontier Railway,West Bengal,"Chalsa, West Bengal, India",88.7986806,26.8815374
0,VLK,Villivakkam,Villivakkam Tamil Nadu,Southern Railway,Tamil Nadu,"Villivakkam, Chennai, Tamil Nadu, India",80.2060781,13.10863
0,BOKE,Bhoke,Bhoke Maharashtra,Konkan Railway,Maharashtra,"Bhoke, Maharashtra 415639, India",73.4003405,17.0500227
0,PPV,PRATAPGANJ,PRATAPGANJ Bihar,East Central Railway,Bihar,"Pratapganj, Bihar 852125, India",86.9666397,26.2901608
0,MTR,Motipur,Motipur Bihar,East Central Railway,Bihar,"Motipur, Bihar, India",85.1608985,26.2525481
0,MJP,MOHARAJPUR,MOHARAJPUR Jharkhand,Eastern Railway,Jharkhand,"Maharajpur, Jharkhand 816101, India",87.8046111,24.8332912
0,GHE,GHEVRA,GHEVRA Delhi,Northern Railway,Delhi,"Ghevra, Delhi, India",76.9989873,28.6899611
0,DLD,Dalauda,Dalauda Madhya Pradesh,Western Railway,Madhya Pradesh,"Dalauda, Banikhedi, Madhya Pradesh 458667, India",75.1005344,23.9479015
0,PBB,PARBATONIA,PARBATONIA Jharkhand,South Eastern Railway,Jharkhand,"Parbatonia, Tonian, Jharkhand 835201, India",84.9469,22.5081
0,MYM,Memari,Memari West Bengal,Eastern Railway,West Bengal,"Memari, West Bengal, India",88.1033883,23.1745495
0,BIDR,Bidar,Bidar Karnataka,South Central Railway,Karnataka,"Bidar, Karnataka, India",77.5199079,17.9103939
0,BBAI,BHADBHUNJA,BHADBHUNJA Gujarat,Western Railway,Gujarat,"Bhadbhunja, Anandpur, Gujarat 394375, India",73.6649644,21.16265
0,UDR,Amdara,Amdara Madhya Pradesh,West Central Railway,Madhya Pradesh,"Amdara, Madhya Pradesh 485773, India",80.5841155,24.1099019
0,HSD,Hosdurga Road,Hosdurga Road Karnataka,South Western Railway,Karnataka,"Hosadurga Rd, Karnataka, India",76.3106437,13.6813077
0,GAP,Gurpa,Gurpa Bihar,East Central Railway,Bihar,"Gurpa, Bihar, India",85.2968171,24.5624776
0,GNGD,Gangadharpur,Gangadharpur Odisha,East Coast Railway,Odisha,"Gangadharpur, Odisha 755050, India",86.1274701,20.7678746
0,TLHR,Talcher Road,Talcher Road Odisha,East Coast Railway,Odisha,"Talcher Rd, Odisha 759101, India",85.2128638,20.8892965
0,MOZ,Muzaffarnagar,Muzaffarnagar Uttar Pradesh,Northern Railway,Uttar Pradesh,"Muzaffarnagar, Uttar Pradesh, India",77.7085091,29.4726817
0,GSD,Ghosunda,Ghosunda Rajasthan,North Western Railway,Rajasthan,"Ghosunda, Rajasthan, India",74.5404694,24.8539239
0,PNW,Pundhag,Pundhag West Bengal,South Eastern Railway,West Bengal,"Pundag, West Bengal 723215, India",86.0873629,23.5075407
0,PSB,Parsabad,Parsabad Jharkhand,East Central Railway,Jharkhand,"Parsabad, Jharkhand 825318, India",85.7435906,24.3074076
0,TSF,Tahsil Fatehpur,Tahsil Fatehpur Uttar Pradesh,North Eastern Railway,Uttar Pradesh,"Tehsil Fateh Pur, Uttar Pradesh 225305, India",81.2157665,27.1742902
0,SBI,Lasur,Lasur Gujarat,Western Railway,Gujarat,"Gujarat, India",71.5723953,22.6708317
0,PAV,Pedana,Pedana Andhra Pradesh,South Central Railway,Andhra Pradesh,"Pedana, Andhra Pradesh 521366, India",81.1453677,16.2577195
0,KAG,KODAGANUR,KODAGANUR Karnataka,South Western Railway,Karnataka,"Kodaganur, Karnataka 577534, India",76.0384656,14.3352109
0,KPY,Karunagapalli,Karunagapalli Kerala,Southern Railway,Kerala,"Karunagappalli, Kerala, India",76.5355902,9.0597934
0,DUBH,Dubaha,Dubaha Bihar,East Central Railway,Bihar,"Dubaha, Bihar 844505, India",85.4870923,25.7080552
0,BPF,Banapura,Banapura Madhya Pradesh,West Central Railway,Madhya Pradesh,"Banapura, Madhya Pradesh 461221, India",77.4831032,22.4729995
0,HAB,Bah,Bah Uttar Pradesh,North Central Railway,Uttar Pradesh,"Bah, Uttar Pradesh 283104, India",78.5916335,26.8715045
0,KJM,Krishnarajapurm,Krishnarajapurm Karnataka,South Western Railway,Karnataka,"Krishnarajapuram, Bengaluru, Karnataka, India",77.7044335,13.0169992
0,BIA,Bhilai,Bhilai Chhatisgarh,South East Central Railway,Chhatisgarh,"Bhilai, Chhattisgarh, India",81.3509416,21.1938475
0,STNL,Satnali,Satnali Haryana,North Western Railway,Haryana,"Satnali, Haryana 123024, India",75.9634896,28.3752318
0,KTMA,Kotma,Kotma Madhya Pradesh,South East Central Railway,Madhya Pradesh,"Kotma, Madhya Pradesh, India",82.1173398,23.2535872
0,DGA,Dighwara,Dighwara Bihar,East Central Railway,Bihar,"Dighwara, Bihar 841207, India",85.0137884,25.7446924
0,JN,Bachwara Jn,Bachwara Jn Gujarat,Western Railway,Gujarat,"Gujarat, India",71.5723953,22.6708317
0,GM,GARMADI,GARMADI Gujarat,Western Railway,Gujarat,"Garmadi, Garamadi, Gujarat 385350, India",71.12513,23.7198
0,KUV,Kundara,Kundara Kerala,Southern Railway,Kerala,"Kundara, Kerala, India",76.6788091,8.9601841
0,WSB,Washimbe,Washimbe Maharashtra,Central Railway,Maharashtra,"Washimbe, Maharashtra 413206, India",75.0173035,18.2833438
0,PDKT,Pudukkottai,Pudukkottai Tamil Nadu,Southern Railway,Tamil Nadu,"Pudukkottai, Tamil Nadu 622003, India",78.800129,10.3832867
0,NOQ,Alipur Duar Jn,Alipur Duar Jn West Bengal,North Frontier Railway,West Bengal,"Alipurduar, West Bengal, India",89.5319627,26.4922164
0,MOI,Mori Bera,Mori Bera Rajasthan,North Western Railway,Rajasthan,"Mori Bera, Rajasthan 306126, India",73.1334853,25.0338542
0,PTLR,PUTLUR HALT,PUTLUR HALT Tamil Nadu,Southern Railway,Tamil Nadu,"Putlur Halt, Putlur, Tamil Nadu 602003, India",79.9375816,13.1233067
0,DAS,DHASA JN,DHASA JN Gujarat,Western Railway,Gujarat,"Dhasa, Gujarat, India",71.5148052,21.7837227
0,GOK,Gokarna Road,Gokarna Road Karnataka,Konkan Railway,Karnataka,"Gokarna Rd, Karnataka, India",74.3543112,14.5628129
0,SVM,Sanverdam Chuch,Sanverdam Chuch Goa,South Western Railway,Goa,"Sanverdam Chuch, SH 6, Vodlemol Cacora, Hodar, Goa 403706, India",74.1085851,15.2641907
0,KSF,Khalispur,Khalispur Uttar Pradesh,Northern Railway,Uttar Pradesh,"Khalispur, Varanasi, Uttar Pradesh 221007, India",83.0455351,25.3404056
0,NBS,New Baneswar,New Baneswar West Bengal,North Frontier Railway,West Bengal,"New Baneswar Rd, West Bengal 736133, India",89.5041231,26.3968522
0,TENI,Teni,Teni Tamil Nadu,Southern Railway,Tamil Nadu,"Theni, Tamil Nadu, India",77.4701972,9.9329832
0,BRC,Vadodara Jn,Vadodara Jn Gujarat,Western Railway,Gujarat,"Vadodara, Gujarat, India",73.1812187,22.3071588
0,MGB,Mudigubba,Mudigubba Andhra Pradesh,South Central Railway,Andhra Pradesh,"Mudigubba, Andhra Pradesh, India",77.9959444,14.3510995
0,GOY,Govindpuri,Govindpuri Uttar Pradesh,North Central Railway,Uttar Pradesh,"Govindpuri, Modinagar, Uttar Pradesh 201201, India",77.5877318,28.8560574
0,BUT,Baytu,Baytu Rajasthan,North Western Railway,Rajasthan,"Baytu, Rajasthan 344034, India",71.7665209,25.8970237
0,HZD,Hazaribagh Rd,Hazaribagh Rd Jharkhand,East Central Railway,Jharkhand,"Hazaribagh Rd, Jharkhand, India",85.3888835,23.3996326
0,BJWS,BOJAWAS,BOJAWAS Haryana,North Western Railway,Haryana,"Buchawas, Haryana 123034, India",76.2174935,28.2994924
0,JHT,JUNEHTA,JUNEHTA Madhya Pradesh,West Central Railway,Madhya Pradesh,"Junehta, Kharsali, Madhya Pradesh 461990, India",78.5973058,22.7830606
0,KXI,KURUMURTHI,KURUMURTHI Telangana,South Central Railway,Telangana,"Kurumurthy Village, Kurumurthy, Telangana 509110, India",77.8231479,16.4290392
0,GZL,GAZULAPALLI,GAZULAPALLI Andhra Pradesh,South Central Railway,Andhra Pradesh,"Old Inimerla, Andhra Pradesh 523108, India",79.4542152,15.0973264
0,BFE,BAHAWAL BASI,BAHAWAL BASI Punjab,Northern Railway,Punjab,"Bahawal Basi, Punjab 152117, India",74.276422,30.146466
0,BGAE,BALAGARH,BALAGARH West Bengal,Eastern Railway,West Bengal,"Balagarh, West Bengal 712501, India",88.4646107,23.118857
0,PRH,Powerpet,Powerpet Andhra Pradesh,South Central Railway,Andhra Pradesh,"Powerpet, Eluru, Andhra Pradesh, India",81.106599,16.715846
0,BRMD,BIRAMDIH,BIRAMDIH West Bengal,South Eastern Railway,West Bengal,"Biramdih, West Bengal 723143, India",86.2006008,23.0451046
0,PDKM,PEDANYKNPALAYAM,PEDANYKNPALAYAM Tamil Nadu,Southern Railway,Tamil Nadu,"R.G.Nagar, Periyanaickenpalayam, Tamil Nadu 641020, India",76.9444957,11.1464808
0,DKJ,Dornakal Jn,Dornakal Jn Telangana,South Central Railway,Telangana,"Dornakal, Telangana, India",80.1506998,17.444383
0,KLK,Kalka,Kalka Haryana,Northern Railway,Haryana,"Kalka, Haryana, India",76.9356735,30.833311
0,BTA,Bihta,Bihta Bihar,East Central Railway,Bihar,"Bihta, Bihar 801103, India",84.8692677,25.5535839
0,BNN,Barnala,Barnala Punjab,Northern Railway,Punjab,"Barnala, Punjab, India",75.5467979,30.3819446
0,RMU,Rampur,Rampur Uttar Pradesh,Northern Railway,Uttar Pradesh,"Rampur, Uttar Pradesh 244901, India",79.0220287,28.798299
0,KAI,KAIRLA,KAIRLA Rajasthan,North Western Railway,Rajasthan,"Kairla, Gajangarh, Rajasthan 306421, India",73.19505,25.84733
0,KKHT,Kakarghatti,Kakarghatti Bihar,East Central Railway,Bihar,"Kakarghatti, Bihar, India",86.0198103,26.196288
0,DWI,Dingwahi,Dingwahi Uttar Pradesh,North Central Railway,Uttar Pradesh,"Dingwahi, Uttar Pradesh 210120, India",80.4076132,25.4050284
0,MAYR,MAYAR,MAYAR Haryana,North Western Railway,Haryana,"Mayar, Haryana, India",75.863875,29.1040711
0,FK,Ferok,Ferok Kerala,Southern Railway,Kerala,"Feroke, Kerala, India",75.8352429,11.1734548
0,SGRL,Singrauli,Singrauli Madhya Pradesh,East Central Railway,Madhya Pradesh,"Singrauli, Madhya Pradesh, India",82.6676209,24.1989544
0,MKC,Maksi,Maksi Madhya Pradesh,Western Railway,Madhya Pradesh,"Maksi, Madhya Pradesh 465106, India",76.1464903,23.2594292
0,DKD,Donakonda,Donakonda Andhra Pradesh,South Central Railway,Andhra Pradesh,"Donakonda, Andhra Pradesh 523305, India",79.4848677,15.83329
0,MSZ,Mansa,Mansa Punjab,Northern Railway,Punjab,"Mansa, Punjab 151505, India",75.3936808,29.9995069
0,BHKD,Bhurkunda,Bhurkunda Jharkhand,East Central Railway,Jharkhand,"Bhurkunda, Jharkhand, India",85.3601307,23.652439
0,KNN,Khanna,Khanna Punjab,Northern Railway,Punjab,"Khanna, Punjab, India",76.2169907,30.7070769
0,SCP,SIRNAPALLI,SIRNAPALLI Telangana,South Central Railway,Telangana,"Sirnapally, Telangana 503164, India",78.28036,18.4846758
0,KPGM,Karpurigram,Karpurigram Bihar,East Central Railway,Bihar,"Karpuri Gram, Bihar 848129, India",85.7269198,25.8678722
0,UGR,Ugar Khurd,Ugar Khurd Karnataka,South Western Railway,Karnataka,"Ugar Khurd, Karnataka 591316, India",74.8214693,16.6582012
0,YFP,Yusufpur,Yusufpur Uttar Pradesh,North Eastern Railway,Uttar Pradesh,"Yusufpur, Uttar Pradesh 233227, India",83.7491298,25.6269953
0,BON,BHOnra,BHOnra Rajasthan,West Central Railway,Rajasthan,"Rajasthan, India",74.2179326,27.0238036
0,NXN,Nuagaon,Nuagaon Odisha,South Eastern Railway,Odisha,"Nuagaon, Odisha 759141, India",84.7237198,21.1102249
0,PPM,Phirangipuram,Phirangipuram Andhra Pradesh,South Central Railway,Andhra Pradesh,"Phirangipuram, Andhra Pradesh, India",80.2627973,16.2890087
0,ATE,Atarra,Atarra Uttar Pradesh,North Central Railway,Uttar Pradesh,"Atarra, Uttar Pradesh 210201, India",80.5743969,25.2867411
0,VSU,Bishnupur,Bishnupur West Bengal,South Eastern Railway,West Bengal,"Bishnupur, West Bengal 722122, India",87.3214681,23.067179
0,BNB,BANSTOLA,BANSTOLA West Bengal,South Eastern Railway,West Bengal,"West Bengal, India",87.8549755,22.9867569
0,ADX,Adapur,Adapur Bihar,East Central Railway,Bihar,"Adapur, Bihar 845301, India",84.9420169,26.925313
0,MOBD,MOABUND,MOABUND Assam,North Frontier Railway,Assam,"Moabund, Mohbondha, Chang Chowa, Assam 785703, India",94.0722,26.6688
0,DMRX,Dumri Halt,Dumri Halt Bihar,East Central Railway,Bihar,"Dumri Halt, Dumri, Bihar 811302, India",86.0292937,25.2460033
0,KAWT,Kanwat,Kanwat Rajasthan,North Western Railway,Rajasthan,"Kanwat, Rajasthan 332708, India",75.6949864,27.5886194
0,WJR,Walajah Road Jn,Walajah Road Jn Tamil Nadu,Southern Railway,Tamil Nadu,"Wallahjah Rd, Triplicane, Chennai, Tamil Nadu, India",80.2774196,13.0653466
0,QLD,Quilandi,Quilandi Kerala,Southern Railway,Kerala,"Koyilandy, Kerala, India",75.6976443,11.4428699
0,BAE,Baliakheri,Baliakheri Uttar Pradesh,Northern Railway,Uttar Pradesh,"Baliakheri, Uttar Pradesh 247669, India",77.6375039,29.9257052
0,DDP,Daudpur,Daudpur Bihar,North Eastern Railway,Bihar,"Daudpur, Bihar 841205, India",84.5941765,25.9059548
0,JLL,Jalalganj,Jalalganj Uttar Pradesh,Northern Railway,Uttar Pradesh,"JalalGanj, Lalpur, Uttar Pradesh 222136, India",82.7726612,25.6120818
0,GIMB,Gandhidham Bg,Gandhidham Bg Gujarat,Western Railway,Gujarat,"Gandhidham Junction, Railway Station Rd, Lilashah Nagar, Gandhidham, Gujarat 370201, India",70.1477446,23.0683652
0,JNN,JANUNIATNA,JANUNIATNA Jharkhand,East Central Railway,Jharkhand,"Jharkhand, India",85.2722472,23.6913486
0,RJPM,Rajapalayam,Rajapalayam Tamil Nadu,Southern Railway,Tamil Nadu,"Rajapalayam, Tamil Nadu, India",77.5543425,9.4514843
0,JPG,Jalpaiguri,Jalpaiguri West Bengal,North Frontier Railway,West Bengal,"Jalpaiguri, West Bengal, India",88.7195567,26.5214579
0,KPLE,KOPAI,KOPAI West Bengal,Eastern Railway,West Bengal,"Kopai, West Bengal",87.32148416,23.81730775
0,TVC,Trivandrum Cntl,Trivandrum Cntl Kerala,Southern Railway,Kerala,"Sruthilayam, Karichal, Thiruvananthapuram, Kerala 695526, India",77.0327773,8.3528498
0,SJA,SIJUA,SIJUA Jharkhand,East Central Railway,Jharkhand,"Sijua, Jharkhand, India",86.319928,23.7820814
0,DWO,Doiwala,Doiwala Uttarakhand,Northern Railway,Uttarakhand,"Doiwala, Uttarakhand 248140, India",78.1242422,30.1758771
0,VKR,Venkatnagra,Venkatnagra Madhya Pradesh,South East Central Railway,Madhya Pradesh,"Vynkatnagar, Madhya Pradesh, India",81.8852582,22.9335423
0,VAPM,Valapattanam,Valapattanam Kerala,Southern Railway,Kerala,"Valapattanam, Kerala, India",75.3499629,11.9261679
0,KGS,Khongsara,Khongsara Chhatisgarh,South East Central Railway,Chhatisgarh,"Khongsara, Chhattisgarh 495116, India",81.9337034,22.5522006
0,NRE,Nandalur,Nandalur Andhra Pradesh,South Central Railway,Andhra Pradesh,"Nandalur, Andhra Pradesh 516150, India",79.1068667,14.2709505
0,SSL,SIRSAUL,SIRSAUL Uttar Pradesh,North Central Railway,Uttar Pradesh,"Sirsaul, Uttar Pradesh 207242, India",78.8679886,27.7274847
0,JN,KHACHERA,KHACHERA Gujarat,Western Railway,Gujarat,"Gujarat, India",71.5723953,22.6708317
0,KQZ,Kolar,Kolar Karnataka,South Western Railway,Karnataka,"Kolar, Karnataka, India",78.1290986,13.1362143
0,PIA,Pipraigaon,Pipraigaon Madhya Pradesh,West Central Railway,Madhya Pradesh,"Pipraigaon, Madhya Pradesh 473440, India",77.9653051,24.5056669
0,GMD,Guramkhedi,Guramkhedi Madhya Pradesh,West Central Railway,Madhya Pradesh,"Guramkhedi, Madhya Pradesh 461668, India",78.0609138,22.684456
0,GUH,Guldhar,Guldhar Uttar Pradesh,Northern Railway,Uttar Pradesh,"Guldhar-2, Sanjay Nagar, Ghaziabad, Uttar Pradesh 201002, India",77.4537428,28.6992104
0,PIGT,Pilighat,Pilighat Madhya Pradesh,West Central Railway,Madhya Pradesh,"Pilighata, Guna - Ashoknagar Rd, Pili Ghata, Madhya Pradesh 473330, India",77.5058868,24.6576938
0,KMGE,KUMAHU,KUMAHU Bihar,East Central Railway,Bihar,"Kumahu, Bihar 821111, India",83.9611964,24.9688552
0,ETR,ELATTUR,ELATTUR Kerala,Southern Railway,Kerala,"Melattur, Kerala, India",76.2740169,11.0599137
0,DVD,Duvvada,Duvvada Andhra Pradesh,East Coast Railway,Andhra Pradesh,"Duvvada, Visakhapatnam, Andhra Pradesh 530046, India",83.1466159,17.6970004
0,BJD,Barejadi,Barejadi Gujarat,Western Railway,Gujarat,"Barejadi, Gujarat 382435, India",72.6786796,22.894531
0,AAL,Amlai,Amlai Madhya Pradesh,South East Central Railway,Madhya Pradesh,"Amlai, Madhya Pradesh, India",81.5870604,23.1987518
0,PS,Taljhari,Taljhari Maharashtra,Central Railway,Maharashtra,"Maharashtra, India",75.7138884,19.7514798
0,BGPL,Baghuapal,Baghuapal Odisha,East Coast Railway,Odisha,"Baghuapal, Odisha 755026, India",86.0147084,21.0442205
0,HGT,Hinganghat,Hinganghat Maharashtra,Central Railway,Maharashtra,"Hinganghat, Maharashtra 442301, India",78.8418289,20.5516683
0,BHL,Bhilwara,Bhilwara Rajasthan,North Western Railway,Rajasthan,"Bhilwara, Rajasthan, India",74.6313183,25.3407388
0,BTZ,BALIMARA,BALIMARA Assam,North Frontier Railway,Assam,"Balimara, Balimora, Balijan No.3, Assam 786610, India",95.3333247,27.2383505
0,ULG,Udalguri,Udalguri Assam,North Frontier Railway,Assam,"Udalguri, Assam 784509, India",92.095914,26.7451087
0,UPR,Usmanpur,Usmanpur Maharashtra,South Central Railway,Maharashtra,"Usmanpur, Maharashtra 431502, India",76.2884592,19.5232702
0,TAZ,Targaon,Targaon Maharashtra,Central Railway,Maharashtra,"Targaon, Maharashtra 415107, India",74.1468447,17.5111859
0,JWP,Jwalapur,Jwalapur Uttarakhand,Northern Railway,Uttarakhand,"Jwalapur, Uttarakhand, India",78.1071057,29.9267729
0,UNDI,UNDI,UNDI Andhra Pradesh,South Central Railway,Andhra Pradesh,"Undi, Andhra Pradesh, India",81.4672852,16.5860043
0,PGR,Pugalur,Pugalur Tamil Nadu,Southern Railway,Tamil Nadu,"Pugalur Main Rd, Tamil Nadu, India",78.0335522,11.065627
0,KMBL,Khambhaliya,Khambhaliya Gujarat,Western Railway,Gujarat,"Khambhalia, Gujarat 361305, India",69.6587765,22.2052603
0,DBU,Dodballapur,Dodballapur Karnataka,South Western Railway,Karnataka,"Doddaballapura, Karnataka, India",77.5363908,13.2957137
0,SHSK,Saharsrakund,Saharsrakund Maharashtra,South Central Railway,Maharashtra,"Saharsrakund, Maharashtra 431803, India",78.0102628,19.405125
0,RWL,Raiwala,Raiwala Uttarakhand,Northern Railway,Uttarakhand,"Raiwala, Uttarakhand 249205, India",78.2146922,30.0221745
0,DUM,DHAURMUI JAGHNA,DHAURMUI JAGHNA Rajasthan,West Central Railway,Rajasthan,"Rajasthan, India",74.2179326,27.0238036
0,GLGT,Golaghat,Golaghat Assam,North Frontier Railway,Assam,"Golaghat, Assam, India",93.962337,26.5238515
0,RMJK,Ram Nagar J K,Ram Nagar J K Jammu And Kashmir,Northern Railway,Jammu And Kashmir,Jammu and Kashmir,75.3412179,33.277839
0,RGH,Ramgarhwa,Ramgarhwa Bihar,East Central Railway,Bihar,"Ramgarhwa, Bihar 845433, India",84.7822525,26.8770952
0,TKA,Teharka,Teharka Uttar Pradesh,North Central Railway,Uttar Pradesh,"Teharka, Uttar Pradesh, India",79.0701548,25.6942668
0,HSP,Hasanparti Rd,Hasanparti Rd Telangana,South Central Railway,Telangana,"Hasanparthy, Telangana, India",79.5205609,18.0694694
0,MAO,Madgaon,Madgaon Goa,Konkan Railway,Goa,"Madgaon, Goa, India",73.9786914,15.2859239
0,MRBL,Muribahal,Muribahal Odisha,East Coast Railway,Odisha,"Muribahal, Odisha 767037, India",83.0139811,20.3869482
0,SVKD,Savarkundla,Savarkundla Gujarat,Western Railway,Gujarat,"Savar Kundla, Gujarat 364515, India",71.3052383,21.3376984
0,TNJR,TAJ NAGAR,TAJ NAGAR Haryana,Northern Railway,Haryana,"Tajnagar, Haryana, India",76.8419324,28.3860897
0,BTRI,Bitroi,Bitroi Uttar Pradesh,North Eastern Railway,Uttar Pradesh,"Bitroi, Uttar Pradesh 243636, India",78.8977037,27.9742851
0,VLR,Vellore Cant,Vellore Cant Tamil Nadu,Southern Railway,Tamil Nadu,"Vellore Cant, Cantonment Railway Station Rd, Railway Colony, Vasanthapuram, Kosapet, Vellore, Tamil Nadu 632001, India",79.1276572,12.9107057
0,NOLI,NOLI,NOLI Uttar Pradesh,Northern Railway,Uttar Pradesh,"Uttar Pradesh, India",80.0981869,27.5705886
0,BABR,BURGULA HALT,BURGULA HALT Telangana,South Central Railway,Telangana,"Burgul, Telangana, India",78.2037188,16.9622728
0,TQA,Takia,Takia Uttar Pradesh,Northern Railway,Uttar Pradesh,"Takia, Uttar Pradesh 262001, India",79.8478808,28.6046772
0,GUP,Gauripur,Gauripur Assam,North Frontier Railway,Assam,"Gauripur, Assam 783331, India",89.9655224,26.0916341
0,SDMD,SUDAMDIH,SUDAMDIH Jharkhand,South Eastern Railway,Jharkhand,"Sudamdih, Pathardih, Jharkhand, India",86.4234,23.6712803
0,JJK,Jhinjhak,Jhinjhak Uttar Pradesh,North Central Railway,Uttar Pradesh,"Jhinjhak, Uttar Pradesh 209302, India",79.7363408,26.5612692
0,MPY,Murarpur,Murarpur Bihar,Eastern Railway,Bihar,"Murar Pur, Bihar, India",84.7938996,26.5981362
0,MS,Chennai Egmore,Chennai Egmore Tamil Nadu,Southern Railway,Tamil Nadu,"Egmore, Chennai, Tamil Nadu, India",80.2609209,13.0732259
0,IQB,Iqbalpur,Iqbalpur Uttarakhand,Northern Railway,Uttarakhand,"Iqbalpura, Uttarakhand 247668, India",77.793275,29.871915
0,ANA,Aslana,Aslana Madhya Pradesh,West Central Railway,Madhya Pradesh,"Aslana, Madhya Pradesh 470675, India",79.314163,23.9350411
0,SWAR,SEWAR,SEWAR Rajasthan,West Central Railway,Rajasthan,"Sewar, Bharatpur, Rajasthan, India",77.4621819,27.2009512
0,DJI,Dhoraji,Dhoraji Gujarat,Western Railway,Gujarat,"Dhoraji, Gujarat 360410, India",70.4491417,21.7398165
0,KRMI,Karmali,Karmali Goa,Konkan Railway,Goa,"Karmali, Goa, India",73.9226596,15.4814125
0,DMW,Dalmau Jn,Dalmau Jn Uttar Pradesh,Northern Railway,Uttar Pradesh,"Dalmau, Uttar Pradesh 229207, India",81.0601882,26.067149
0,BLSN,BELSONDA,BELSONDA Chhatisgarh,East Coast Railway,Chhatisgarh,"Belsonda, Chhattisgarh 493445, India",82.0423696,21.152248
0,BXR,Buxar,Buxar Bihar,East Central Railway,Bihar,"Buxar, Bihar, India",83.9777482,25.5647103
0,YT,Yevat,Yevat Maharashtra,Central Railway,Maharashtra,"Yavat, Maharashtra, India",74.2676101,18.4766948
0,AJI,Anjhi Shahabad,Anjhi Shahabad Uttar Pradesh,Northern Railway,Uttar Pradesh,"Anjhi, Uttar Pradesh 241124, India",80.0255465,27.640856
0,TWB,Talwandi,Talwandi Punjab,Northern Railway,Punjab,"Talwandi Sabo, Punjab 151302, India",75.0903154,29.987507
0,MDW,Marwar Mundwa,Marwar Mundwa Rajasthan,North Western Railway,Rajasthan,"Mundwa, Rajasthan 341026, India",73.8230411,27.0630708
0,MMM,Mandapam,Mandapam Tamil Nadu,Southern Railway,Tamil Nadu,"Mandapam, Tamil Nadu, India",79.1252174,9.2770392
0,BRD,Bhandara Road,Bhandara Road Maharashtra,South East Central Railway,Maharashtra,"Bhandara Rd, Maharashtra, India",79.3222086,21.1366811
0,UKR,Udalkachar,Udalkachar Chhatisgarh,South East Central Railway,Chhatisgarh,"Udalkachar, Chhattisgarh 497442, India",82.265724,23.289612
0,BDYK,Thathana Mithri,Thathana Mithri Rajasthan,North Western Railway,Rajasthan,"Thathana, Rajasthan 341533, India",74.9157621,27.0824774
0,BGK,Bagalkot,Bagalkot Karnataka,South Western Railway,Karnataka,"Bagalkote, Karnataka, India",75.6615029,16.1691096
0,ARJ,Aunrihar Jn,Aunrihar Jn Uttar Pradesh,North Eastern Railway,Uttar Pradesh,"Aunrihar, Uttar Pradesh, India",83.1837411,25.5419985
0,SMBX,Samba,Samba Jammu And Kashmir,Northern Railway,Jammu And Kashmir,Samba 184121,75.1107527,32.5530092
0,ETW,Etawah Jn,Etawah Jn Uttar Pradesh,North Central Railway,Uttar Pradesh,"Etawah, Uttar Pradesh, India",79.027659,26.7829103
0,PDY,Puducherry,Puducherry Puduchery,Southern Railway,Puduchery,"Puducherry, India",79.8083133,11.9415915
0,COR,Chittaurgarh,Chittaurgarh Rajasthan,Western Railway,Rajasthan,"Chittorgarh, Rajasthan, India",74.6229699,24.8829177
0,KJI,KHAJAULI,KHAJAULI Bihar,East Central Railway,Bihar,"Khajauli, Bihar 847228, India",86.1604495,26.4852879
0,CNE,Chandranathpur,Chandranathpur Assam,North Frontier Railway,Assam,"Chandranathpur, Assam, India",92.6959016,24.965962
0,LKR,Luckeesarai Jn,Luckeesarai Jn Bihar,East Central Railway,Bihar,"Lakhisarai, Bihar, India",86.0951592,25.1571454
0,NBG,Nabinagar Road,Nabinagar Road Bihar,East Central Railway,Bihar,"Nabinagar Rd, Bihar, India",84.1170166,24.6300117
0,GPH,Garpos,Garpos Odisha,South Eastern Railway,Odisha,"Garpos, Odisha 768224, India",84.4375053,22.1329308
0,BCQ,BARACHAK,BARACHAK West Bengal,Eastern Railway,West Bengal,"Barachak, West Bengal 732101, India",88.1059495,24.9530568
0,GDW,GADHWALA,GADHWALA Rajasthan,North Western Railway,Rajasthan,"Gadhwala, Rajasthan, India",73.4592701,27.9672383
0,BXN,Bayana Jn,Bayana Jn Rajasthan,West Central Railway,Rajasthan,"Bayana, Rajasthan 321401, India",77.2886259,26.912141
0,KDJR,Kendujhargarh,Kendujhargarh Odisha,East Coast Railway,Odisha,"Keonjhar, Odisha, India",85.605525,21.6393113
0,SGBJ,Surgaon Banjari,Surgaon Banjari Madhya Pradesh,West Central Railway,Madhya Pradesh,"Surgaon Banjari, Madhya Pradesh 450991, India",76.5430429,21.9364271
0,SD,Sidhauli,Sidhauli Uttar Pradesh,North Eastern Railway,Uttar Pradesh,"Sidhauli, Uttar Pradesh 261303, India",80.8344294,27.2820753
0,HNK,Hanakere,Hanakere Karnataka,South Western Railway,Karnataka,"Hanakere, Karnataka 571404, India",76.9808677,12.5647137
0,TJ,Thanjavur,Thanjavur Tamil Nadu,Southern Railway,Tamil Nadu,"Thanjavur, Tamil Nadu, India",79.1384288,10.787719
0,DAKE,Dakhineswar,Dakhineswar West Bengal,Eastern Railway,West Bengal,"Dakshineswar, Kolkata, West Bengal, India",88.3624076,22.6573134
0,TKD,Tuglakabad,Tuglakabad Delhi,Northern Railway,Delhi,"Tughlaqabad Village, Tughlakabad, New Delhi, Delhi 110044, India",77.2678137,28.5148604
0,KCHV,KACHCHANVILAI,KACHCHANVILAI Tamil Nadu,Southern Railway,Tamil Nadu,"Kachchanvilai, Neivilai - Katchanavilai Rd, Tamil Nadu 628211, India",78.0212,8.57868
0,KLMC,Kalamboli,Kalamboli Maharashtra,Central Railway,Maharashtra,"Kalamboli, Panvel, Navi Mumbai, Maharashtra, India",73.1024112,19.0333594
0,DCP,Manwal,Manwal Uttar Pradesh,North Eastern Railway,Uttar Pradesh,"Manwal, Uttar Pradesh 222003, India",82.6564461,25.8174908
0,GD,Gonda Jn,Gonda Jn Uttar Pradesh,North Eastern Railway,Uttar Pradesh,"Gonda Junction, Gonda Railway Station Marg, Semra Damman, Gonda, Uttar Pradesh 271002, India",81.9771686,27.1542723
0,JDH,Jam Jodhpur Jn,Jam Jodhpur Jn Gujarat,Western Railway,Gujarat,"Jamjodhpur, Gujarat 360530, India",70.0354518,21.9022866
0,DKBJ,Dahar Ka Balaji,Dahar Ka Balaji Rajasthan,North Western Railway,Rajasthan,"Dahar Ka Balaji, Jaipur, Rajasthan 302032, India",75.768416,26.9566525
0,AMM,Atirampattinam,Atirampattinam Tamil Nadu,Southern Railway,Tamil Nadu,"Adirampattinam, Tamil Nadu, India",79.3796453,10.3413175
0,PTU,Partur,Partur Maharashtra,South Central Railway,Maharashtra,"Partur, Maharashtra 431501, India",76.213349,19.5857562
0,KPTO,Karanpur Ato,Karanpur Ato Jharkhand,Eastern Railway,Jharkhand,"Karanpur, Jharkhand, India",87.725881,25.1463497
0,JSE,Jamsole,Jamsole Odisha,South Eastern Railway,Odisha,"Odisha, India",84.2700179,20.2375561
0,CC,Champapur Halt,Champapur Halt Uttar Pradesh,North Eastern Railway,Uttar Pradesh,"Champapur, Uttar Pradesh, India",82.3044871,25.5287342
0,KZW,Katar Singhwala,Katar Singhwala Punjab,Northern Railway,Punjab,"Katar Singhwala, Punjab 151001, India",74.9946631,30.1450245
0,SCY,SACHIWALAY HALT,SACHIWALAY HALT Bihar,East Central Railway,Bihar,"Sachiwalay Halt, Gardanibagh, Patna, Bihar 800001, India",85.1178925,25.596236
0,DAD,DEVARGUDDA,DEVARGUDDA Karnataka,South Western Railway,Karnataka,"Devaragudda, Karnataka 581115, India",75.6077147,14.6990039
0,NVL,Neyveli,Neyveli Tamil Nadu,Southern Railway,Tamil Nadu,"Neyveli, Tamil Nadu 607802, India",79.4793861,11.5389807
0,MJL,Majhowlia,Majhowlia Bihar,East Central Railway,Bihar,"Majhaulia, Bihar 845454, India",84.6204403,26.7994224
0,MA,MA CHANDIKA D D,MA CHANDIKA D D Maharashtra,Central Railway,Maharashtra,"Maharashtra, India",75.7138884,19.7514798
0,PTH,Patranga,Patranga Uttar Pradesh,Northern Railway,Uttar Pradesh,"Patranga, Uttar Pradesh 224119, India",81.629538,26.8270921
0,NNM,NANNILAM,NANNILAM Tamil Nadu,Southern Railway,Tamil Nadu,"Nannilam, Tamil Nadu 610105, India",79.6125281,10.8791405
0,LOG,LOHGARA,LOHGARA Uttar Pradesh,North Central Railway,Uttar Pradesh,"Lohgara, Uttar Pradesh 212106, India",81.6962884,25.213568
0,SCM,Simhachalam,Simhachalam Andhra Pradesh,East Coast Railway,Andhra Pradesh,"Simhachalam, Visakhapatnam, Andhra Pradesh, India",83.2358316,17.7711568
0,GAM,Ganjam,Ganjam Odisha,East Coast Railway,Odisha,"Ganjam, Odisha 761026, India",85.0523356,19.3871214
0,EGT,Egattur Halt,Egattur Halt Tamil Nadu,Southern Railway,Tamil Nadu,"Egattur Halt, Egattur, Tamil Nadu 631203, India",79.884222,13.1070111
0,NOI,Nariaoli,Nariaoli Madhya Pradesh,West Central Railway,Madhya Pradesh,"Naryauli, Madhya Pradesh 470115, India",78.5918631,23.9064642
0,CUX,Chaura,Chaura Bihar,East Central Railway,Bihar,"Chaura, Bihar 813207, India",86.6422152,24.9747928
0,MOU,Manoharpur,Manoharpur Jharkhand,South Eastern Railway,Jharkhand,"Manoharpur, Jharkhand 833104, India",85.1971763,22.3730219
0,BVH,Ballabgarh,Ballabgarh Haryana,Northern Railway,Haryana,"Ballabhgarh, Faridabad, Haryana 121004, India",77.3205629,28.338774
0,SSW,Sarsawa,Sarsawa Uttar Pradesh,Northern Railway,Uttar Pradesh,"Sarsawa, Uttar Pradesh 247232, India",77.3984704,30.0197627
0,SPRD,Singapuram Road,Singapuram Road Odisha,East Coast Railway,Odisha,"Singapur, Odisha 752083, India",85.0051533,20.310458
0,PQL,Pindial,Pindial Telangana,South Central Railway,Telangana,"Pindial, Telangana, India",79.4542152,17.9269451
0,KRHA,KORAHIA,KORAHIA Bihar,East Central Railway,Bihar,"Korahia, Bihar 847226, India",86.1395598,26.5266354
0,BDWD,Bodwad,Bodwad Maharashtra,Central Railway,Maharashtra,"Bodwad, Maharashtra 425310, India",76.0174308,20.901904
0,PIP,Piplia,Piplia Madhya Pradesh,Western Railway,Madhya Pradesh,"Piplya, Madhya Pradesh, India",77.1003323,22.111165
0,TDPR,TIRUPADRIPULYUR,TIRUPADRIPULYUR Tamil Nadu,Southern Railway,Tamil Nadu,"Tirupadripulyur, SH 68, Muthaiya Nagar, Thirupapuliyur, Cuddalore, Tamil Nadu 607002, India",79.7538458,11.7478023
0,PGN,Perugamani,Perugamani Tamil Nadu,Southern Railway,Tamil Nadu,"Perugamani, Tamil Nadu 639115, India",78.5456387,10.887851
0,DEOR,Diyodar,Diyodar Gujarat,Western Railway,Gujarat,"Diyodar, Gujarat, India",71.7770757,24.1094713
0,ET,Itarsi Jn,Itarsi Jn Madhya Pradesh,West Central Railway,Madhya Pradesh,"Itarsi Junction, Foot Over Bridge, Venkatesh Colony, Itarsi, Madhya Pradesh 461122, India",77.7665857,22.6079471
0,AEX,ADDERI,ADDERI Karnataka,South Western Railway,Karnataka,"Adderi, Karnataka 577211, India",75.3574951,13.9546753
0,NHR,Nohar,Nohar Rajasthan,North Western Railway,Rajasthan,"Nohar, Rajasthan 335523, India",74.7723516,29.1874159
0,JTY,JETHI,JETHI Gujarat,North Western Railway,Gujarat,"Jethi, Gujarat 385135, India",72.514567,24.3159895
0,KVR,Kovvur,Kovvur Andhra Pradesh,South Central Railway,Andhra Pradesh,"Kovvur, Andhra Pradesh, India",81.727383,17.0125618
0,RAIR,Rairakhol,Rairakhol Odisha,East Coast Railway,Odisha,"Redhakhol, Odisha 768106, India",84.3410586,21.0741608
0,MQN,MANYAMKONDA,MANYAMKONDA Telangana,South Central Railway,Telangana,"Manikonda, Telangana 509204, India",77.8938895,16.7307856
0,HSR,Hisar,Hisar Haryana,North Western Railway,Haryana,"Hisar, Haryana, India",75.7216527,29.1491875
0,SGKM,SRUNGAVRUKSHAM,SRUNGAVRUKSHAM Andhra Pradesh,South Central Railway,Andhra Pradesh,"Srungavruksham, Andhra Pradesh, India",81.5993951,16.5465977
0,APDJ,Alipur Duar,Alipur Duar West Bengal,North Frontier Railway,West Bengal,"Alipurduars, West Bengal 736121, India",89.535046,26.48377
0,RMRB,Ramnagar Bengal,Ramnagar Bengal West Bengal,South Eastern Railway,West Bengal,"Ramnagar I, West Bengal 721441, India",87.5631613,21.6786436
0,MDUN,Madhuranagar,Madhuranagar Andhra Pradesh,South Central Railway,Andhra Pradesh,"Madhuranagar, Dwaraka Nagar, Visakhapatnam, Andhra Pradesh 530016, India",83.3061117,17.7332622
0,DHI,Dhule,Dhule Maharashtra,Central Railway,Maharashtra,"Dhule, Maharashtra, India",74.7748979,20.9042201
0,BARA,Bara Jamda,Bara Jamda Rajasthan,North Western Railway,Rajasthan,"Rajasthan, India",74.2179326,27.0238036
0,KKDI,KARAIKKUDI JN,KARAIKKUDI JN Tamil Nadu,Southern Railway,Tamil Nadu,"Karaikudi, Tamil Nadu, India",78.773198,10.07354
0,DOR,Dundara,Dundara Rajasthan,North Western Railway,Rajasthan,"Dhundhara, Rajasthan, India",72.7881508,25.8895871
0,MRX,MURUD,MURUD Maharashtra,Central Railway,Maharashtra,"Murud, Maharashtra, India",72.9608202,18.331926
0,GDB,Giddarbaha,Giddarbaha Punjab,Northern Railway,Punjab,"Gidderbaha, Punjab 152101, India",74.6576091,30.2074369
0,JN,Azimganj Jn,Azimganj Jn Gujarat,Western Railway,Gujarat,"Gujarat, India",71.5723953,22.6708317
0,JP,JAKPUR,JAKPUR Rajasthan,North Western Railway,Rajasthan,"Jaipur, Rajasthan, India",75.7872709,26.9124336
0,CKKD,Chharkhera Kurd,Chharkhera Kurd Madhya Pradesh,West Central Railway,Madhya Pradesh,"Charkheda Khurd, Selda Mal, Madhya Pradesh 450117, India",76.6415106,21.9386293
0,CHI,Chiplun,Chiplun Maharashtra,Konkan Railway,Maharashtra,"Chiplun, Maharashtra, India",73.5151341,17.5319037
0,HDA,Hirnoda,Hirnoda Rajasthan,North Western Railway,Rajasthan,"Hirnoda, Rajasthan 303338, India",75.3334184,26.8776269
0,DMR,Dharmanagar,Dharmanagar Tripura,North Frontier Railway,Tripura,"Dharmanagar, Tripura, India",92.1548473,24.3783242
0,PAD,Pardi,Pardi Gujarat,Western Railway,Gujarat,"Killa-pardi, Gujarat 396125, India",72.947993,20.5124532
0,OTP,Ottappalam,Ottappalam Kerala,Southern Railway,Kerala,"Ottapalam, Kerala, India",76.3759375,10.7766702
0,HAUR,HAUR,HAUR West Bengal,South Eastern Railway,West Bengal,"Haur, West Bengal, India",87.650714,22.3615264
0,MTP,Metupalaiyam,Metupalaiyam Tamil Nadu,Southern Railway,Tamil Nadu,"Mettupalayam, Tamil Nadu, India",76.9383385,11.3027849
0,SAD,Sonada,Sonada West Bengal,North Frontier Railway,West Bengal,"Sonada, West Bengal 734209, India",88.2680172,26.9599435
0,VPT,Virudunagar Jn,Virudunagar Jn Tamil Nadu,Southern Railway,Tamil Nadu,"Virudunagar Junction, Virudhunagar Old Railway Colony, Virudhunagar Railway Colony, Virudhunagar, Tamil Nadu 626001, India",77.9574608,9.5947509
0,TGP,Tuljapur,Tuljapur Maharashtra,Central Railway,Maharashtra,"Tuljapur, Maharashtra 413601, India",76.0708812,18.0087239
0,KGLE,Khagraghat Road,Khagraghat Road West Bengal,Eastern Railway,West Bengal,"Khagraghat Rd, West Bengal 742187, India",88.2346728,24.1155407
0,KEB,Karambeli,Karambeli Gujarat,Western Railway,Gujarat,"Karambele, Gujarat 396105, India",72.9000958,20.3068242
0,RE,Rewari,Rewari Haryana,North Western Railway,Haryana,"Rewari, Haryana 123401, India",76.6190774,28.1919738
0,SDNR,SEYDUNGANALLUR,SEYDUNGANALLUR Tamil Nadu,Southern Railway,Tamil Nadu,"Seydunganallur, Tamil Nadu 628809, India",77.8295809,8.6636416
0,JKNI,JHARKHANDI,JHARKHANDI Uttar Pradesh,North Eastern Railway,Uttar Pradesh,"Uttar Pradesh, India",80.0981869,27.5705886
0,TATI,TATI,TATI Jharkhand,South Eastern Railway,Jharkhand,"Tati, Jharkhand 835103, India",85.4289016,23.3761392
0,THVM,Thivim,Thivim Goa,Konkan Railway,Goa,"Tivim, Goa, India",73.8438273,15.61806
0,GLG,Gulabhganj,Gulabhganj Madhya Pradesh,West Central Railway,Madhya Pradesh,"Gulabhganj, Madhya Pradesh 464228, India",77.7938376,24.1239013
0,NU,Narsinghpur,Narsinghpur Madhya Pradesh,West Central Railway,Madhya Pradesh,"Narsinghpur, Madhya Pradesh, India",79.1923266,22.9473179
0,PTP,Patal Pani,Patal Pani Madhya Pradesh,Western Railway,Madhya Pradesh,"Patal Pani, Madhya Pradesh 453441, India",75.8243427,22.493163
0,KBRV,Kanjari Boriyav,Kanjari Boriyav Gujarat,Western Railway,Gujarat,"Boriavi, Gujarat, India",72.9327686,22.611204
0,SANK,Sank,Sank Madhya Pradesh,North Central Railway,Madhya Pradesh,"Sankh, Madhya Pradesh, India",79.309937,21.9627833
0,HPA,HAMPAPURA,HAMPAPURA Karnataka,South Western Railway,Karnataka,"Hampapura, Karnataka, India",76.7206652,11.9994666
0,AFR,Asafpur,Asafpur Uttar Pradesh,Northern Railway,Uttar Pradesh,"Asafpur, Uttar Pradesh 243635, India",79.4211567,27.8986201
0,SZP,Shahjehanpur,Shahjehanpur Uttar Pradesh,North Eastern Railway,Uttar Pradesh,"Shahjahanpur, Uttar Pradesh, India",79.8296743,27.8295801
0,TRK,Tirukoilur,Tirukoilur Tamil Nadu,Southern Railway,Tamil Nadu,"Thirukoilure, Tamil Nadu 605757, India",79.2055324,11.9674332
0,NKM,Namkon,Namkon Jharkhand,South Eastern Railway,Jharkhand,"Namkom, Jharkhand, India",85.304458,23.2635481
0,BGP,Bhagalpur,Bhagalpur Bihar,Eastern Railway,Bihar,"Bhagalpur, Bihar, India",86.9745702,25.2371958
0,FKA,Fazilka,Fazilka Punjab,Northern Railway,Punjab,"Fazilka, Punjab 152123, India",74.0279621,30.4036478
0,JKPR,Jakhapura,Jakhapura Odisha,East Coast Railway,Odisha,"Jakhapura, Odisha 755020, India",86.0644304,20.9308225
0,BZN,Bagnan,Bagnan West Bengal,South Eastern Railway,West Bengal,"Bagnan, West Bengal 711303, India",87.9707475,22.4683006
0,SWM,Sawai Madhopur,Sawai Madhopur Rajasthan,West Central Railway,Rajasthan,"Sawai Madhopur, Rajasthan, India",76.3560109,26.012373
0,IKI,Itikyala,Itikyala Telangana,South Central Railway,Telangana,"Itikyala, Telangana, India",78.7757678,18.9235889
0,TAP,TAPANG,TAPANG Odisha,East Coast Railway,Odisha,"Nijigarh Tapang, Odisha, India",85.5843632,20.1001203
0,CDL,Chodiala,Chodiala Uttarakhand,Northern Railway,Uttarakhand,"Chudiyala Mohanpur, Uttarakhand, India",77.7672292,29.9080353
0,SKJ,Sahibpur Kamal,Sahibpur Kamal Bihar,East Central Railway,Bihar,"Sahibpur Kamal, Bihar 851217, India",86.3902821,25.4155883
0,DNRE,Dhanauri,Dhanauri Bihar,Eastern Railway,Bihar,"Urain, Bihar, India",86.2171202,25.1689393
0,PWS,Phulwari Sharif,Phulwari Sharif Bihar,East Central Railway,Bihar,"Phulwari Sharif, Patna, Bihar, India",85.0693039,25.573158
0,SKM,Singarayakonda,Singarayakonda Andhra Pradesh,South Central Railway,Andhra Pradesh,"Singarayakonda, Andhra Pradesh, India",80.0205089,15.2476081
0,MUZ,Mohiuddinpur,Mohiuddinpur Uttar Pradesh,Northern Railway,Uttar Pradesh,"Mohiuddinpur, Uttar Pradesh 250205, India",77.618291,28.8896945
0,TBN,Timarni,Timarni Madhya Pradesh,West Central Railway,Madhya Pradesh,"Timarni, Madhya Pradesh 461228, India",77.2261452,22.3692296
0,CLDR,CHILIKIDARA,CHILIKIDARA Odisha,East Coast Railway,Odisha,"Chilikidara, Odisha, India",85.8230251,21.2508593
0,RAJ,Raj Athgarh,Raj Athgarh Gujarat,Western Railway,Gujarat,"Gujarat, India",71.5723953,22.6708317
0,DOK,Dholka,Dholka Gujarat,Western Railway,Gujarat,"Dholka, Gujarat 382225, India",72.4497173,22.7420906
0,KMI,Kumhari,Kumhari Chhatisgarh,South East Central Railway,Chhatisgarh,"Ward Number 15, Kumhari, Chhattisgarh 490042, India",81.5161238,21.2477322
0,SZ,RAJKIAWAS,RAJKIAWAS Rajasthan,North Western Railway,Rajasthan,"Rajkiawas, Rajkiyawas Khurd, Rajasthan 306001, India",73.524209,25.750402
0,PPA,Pipra,Pipra Bihar,East Central Railway,Bihar,"Pipra, Bihar 852218, India",86.7975523,26.1573575
0,HAT,Hathuran,Hathuran Gujarat,Western Railway,Gujarat,"Hathuran, Gujarat 394125, India",72.9682017,21.49834
0,YP,Errupalem,Errupalem Telangana,South Central Railway,Telangana,"Yerrupalem, Telangana, India",80.4667234,16.821618
0,MTA,MATHELA,MATHELA Madhya Pradesh,West Central Railway,Madhya Pradesh,"Mathela, Madhya Pradesh 450001, India",76.3955603,21.9036904
0,KONN,KONNUR,KONNUR Telangana,South Central Railway,Telangana,"Konnur, Telangana 509110, India",77.8881747,16.4234292
0,BHTA,Bhatiya,Bhatiya Gujarat,Western Railway,Gujarat,"Bhatiya, Gujarat 361315, India",69.2788136,22.0896269
0,MYA,Mandya,Mandya Karnataka,South Western Railway,Karnataka,"Mandya, Karnataka, India",76.8951488,12.5218157
0,SLKR,Salkaroad,Salkaroad Chhatisgarh,South East Central Railway,Chhatisgarh,"Salkaroad, Salka, Chhattisgarh 495113, India",82.0102216,22.3660415
0,NAVI,New Amravati,New Amravati Maharashtra,Central Railway,Maharashtra,"Amravati, Maharashtra, India",77.7523039,20.9319821
0,PKA,PRADHANKHUNTA,PRADHANKHUNTA Jharkhand,East Central Railway,Jharkhand,"Pradhankhunta, Madanpur, Jharkhand 834006, India",85.3174158,23.5070134
0,HBL,HOMBAL,HOMBAL Karnataka,South Western Railway,Karnataka,"Hombal, Karnataka 582204, India",75.559693,15.5157821
0,RGU,Ragaul,Ragaul Uttar Pradesh,North Central Railway,Uttar Pradesh,"Ragaul, Uttar Pradesh, India",80.0898085,25.6885546
0,ATQ,ARANTANGI,ARANTANGI Tamil Nadu,Southern Railway,Tamil Nadu,"Aranthangi, Tamil Nadu 614616, India",78.9979149,10.1730375
0,KURT,Khurda Town,Khurda Town Odisha,East Coast Railway,Odisha,"Khordha, Odisha, India",85.6222742,20.1862584
0,SDH,Saradhna,Saradhna Rajasthan,North Western Railway,Rajasthan,"Saradhana, Rajasthan 306102, India",74.2522149,26.0919284
0,BDVL,Budvel,Budvel Telangana,South Central Railway,Telangana,"Budwel, Telangana, India",78.4064687,17.3343684
0,BTHL,BITHAULI,BITHAULI Bihar,East Central Railway,Bihar,"Bithouli, Bihar 847103, India",86.0791338,26.0204939
0,NMDA,NEW MORINDA,NEW MORINDA Punjab,Northern Railway,Punjab,"Morinda, Punjab 140101, India",76.502549,30.791232
0,AGI,Amguri,Amguri Assam,North Frontier Railway,Assam,"Amguri, Assam, India",94.5237707,26.8101683
0,MDJ,Muhammadganj,Muhammadganj Jharkhand,East Central Railway,Jharkhand,"Muhammadganj, Jharkhand, India",83.8658569,24.4328043
0,AYRN,Rangaliting,Rangaliting Bihar,East Central Railway,Bihar,"Bihar, India",85.2722472,25.9644427
0,MKPR,Muktapur,Muktapur Bihar,East Central Railway,Bihar,"Muktapur, Bihar 848102, India",85.7890879,25.8748479
0,PIL,Piler,Piler Andhra Pradesh,South Central Railway,Andhra Pradesh,"Pileru, Bodumalluvaripalle, Andhra Pradesh 517214, India",78.9471378,13.654869
0,BNC,Bengaluru Cant,Bengaluru Cant Karnataka,South Western Railway,Karnataka,"Bengaluru, Karnataka, India",77.5945627,12.9715987
0,WSB,WASHIMBE,WASHIMBE Maharashtra,Central Railway,Maharashtra,"Washimbe, Maharashtra 413206, India",75.0173035,18.2833438
0,KNW,Khandwa,Khandwa Madhya Pradesh,Central Railway,Madhya Pradesh,"Khandwa, Madhya Pradesh 450001, India",76.3497612,21.8314037
0,PUK,Pudukad,Pudukad Kerala,Southern Railway,Kerala,"Puthukkad, Kerala, India",76.2703285,10.4191287
0,PSR,Pasraha,Pasraha Bihar,East Central Railway,Bihar,"Pasraha, Bihar, India",86.6976624,25.3834161
0,VDV,Vadiya Devli,Vadiya Devli Gujarat,Western Railway,Gujarat,"Vadiya Devli, Barvala Baval, Gujarat 360360, India",70.8117847,21.7104556
0,BARA,BARA GUDAH,BARA GUDAH Rajasthan,North Western Railway,Rajasthan,"Juda, Rajasthan 307025, India",73.2238244,24.5064975
0,RKSH,Rishikesh,Rishikesh Uttarakhand,Northern Railway,Uttarakhand,"Rishikesh, Uttarakhand, India",78.2853017,30.1157619
0,BLO,BHULON,BHULON Rajasthan,West Central Railway,Rajasthan,"Bhulon, SH 51, Ghatti, Rajasthan 325220, India",76.9540519,24.6429898
0,BRRG,Biyavra Rajgarh,Biyavra Rajgarh Madhya Pradesh,West Central Railway,Madhya Pradesh,"Biaora, Madhya Pradesh 465674, India",76.9113222,23.9185649
0,TDU,Tandur,Tandur Telangana,South Central Railway,Telangana,"Tandur, Telangana 501141, India",77.5874633,17.2575756
0,TK,Tumakuru,Tumakuru Karnataka,South Western Railway,Karnataka,"Tumakuru, Karnataka, India",77.117325,13.3378762
0,PBKS,Pmbakvl Shandy,Pmbakvl Shandy Tamil Nadu,Southern Railway,Tamil Nadu,"Tamil Nadu, India",78.6568942,11.1271225
0,SOD,Sojat Road,Sojat Road Rajasthan,North Western Railway,Rajasthan,"Sojat Road, Rajasthan 306103, India",73.7507276,25.8654205
0,APT,Anaparti,Anaparti Andhra Pradesh,South Central Railway,Andhra Pradesh,"Anaparthi, Andhra Pradesh, India",81.9555307,16.9340866
0,ROP,Rupsa Jn,Rupsa Jn Odisha,South Eastern Railway,Odisha,"Rupsa, Odisha 756028, India",87.0186942,21.6201026
0,KLG,Kalunga,Kalunga Odisha,South Eastern Railway,Odisha,"Kalunga, Rourkela, Odisha, India",84.7472259,22.231322
0,DGG,Dongargarh,Dongargarh Chhatisgarh,South East Central Railway,Chhatisgarh,"Railway Colony, Dongargarh, Chhattisgarh 491445, India",80.7618636,21.1870322
0,KQL,KANDHLA,KANDHLA Uttar Pradesh,Northern Railway,Uttar Pradesh,"Kandhla, Uttar Pradesh 247775, India",77.2721234,29.3238862
0,JSKA,Jataula Samphka,Jataula Samphka Haryana,Northern Railway,Haryana,"Jataula, Haryana, India",76.9959872,28.8454792
0,PRT,Panruti,Panruti Tamil Nadu,Southern Railway,Tamil Nadu,"Panruti, Tamil Nadu, India",79.5629117,11.7665792
0,PKD,Penukonda,Penukonda Andhra Pradesh,South Western Railway,Andhra Pradesh,"Penukonda, Andhra Pradesh 515110, India",77.5970586,14.0849002
0,CBSA,Chaibasa,Chaibasa Jharkhand,South Eastern Railway,Jharkhand,"Chaibasa, Jharkhand, India",85.8025373,22.5474364
0,UMS,Udramsar,Udramsar Rajasthan,North Western Railway,Rajasthan,"Udairamsar, Rajasthan 334402, India",73.2942267,27.9354618
0,PNC,Patna Saheb,Patna Saheb Bihar,East Central Railway,Bihar,"Patna Sahib, Jhauganj, Hajiganj, Patna, Bihar 800008, India",85.2298706,25.5960176
0,TUN,Tohana,Tohana Haryana,Northern Railway,Haryana,"Tohana, Haryana 125120, India",75.9056753,29.7163129
0,KNDP,KHANDIP,KHANDIP Rajasthan,West Central Railway,Rajasthan,"Khandip, Rajasthan, India",76.9210913,26.6387893
0,KCLA,KENCHANALU HALT,KENCHANALU HALT Karnataka,South Western Railway,Karnataka,"Karnataka, India",75.7138884,15.3172775
0,KBH,KHANDBAARA,KHANDBAARA Maharashtra,Western Railway,Maharashtra,"Khandbara, Maharashtra 425416, India",74.046169,21.3031977
0,MFQ,MAHROI,MAHROI Madhya Pradesh,West Central Railway,Madhya Pradesh,"Mahroi, Madhya Pradesh 484661, India",80.9290685,23.9319306
0,SAL,Salwa,Salwa Maharashtra,South East Central Railway,Maharashtra,"Salwa, Maharashtra 441202, India",79.4415559,21.0505756
0,LAU,Ladnun,Ladnun Rajasthan,North Western Railway,Rajasthan,"Ladnun, Rajasthan, India",74.3931697,27.6410276
0,STR,Satara,Satara Maharashtra,Central Railway,Maharashtra,"Satara, Maharashtra, India",74.018261,17.6804639
0,SZB,Sarona,Sarona Chhatisgarh,South East Central Railway,Chhatisgarh,"Sarona, Chhattisgarh 492010, India",81.5788103,21.2489404
0,JSME,Jasidih Jn,Jasidih Jn Jharkhand,Eastern Railway,Jharkhand,"Jasidih, Jharkhand, India",86.6421759,24.5213913
0,ADI,Adi Saptagram,Adi Saptagram Gujarat,Western Railway,Gujarat,"Gujarat, India",71.5723953,22.6708317
0,PVI,PERAVURANI,PERAVURANI Tamil Nadu,Southern Railway,Tamil Nadu,"Peravurani, Tamil Nadu 614804, India",79.2007694,10.2866254
0,PKO,Palakollu,Palakollu Andhra Pradesh,South Central Railway,Andhra Pradesh,"Palakollu, Andhra Pradesh, India",81.7253474,16.5179401
0,SL,Surathkal,Surathkal Karnataka,Konkan Railway,Karnataka,"Surathkal, Mangaluru, Karnataka, India",74.8094458,12.9951009
0,NKW,NILAKANTHESWAR,NILAKANTHESWAR Odisha,East Coast Railway,Odisha,"Nilakantheswar Temple Rd, Barhatipura, Odisha 758027, India",85.8171731,21.4239557
0,KTKA,KOTAKADRA,KOTAKADRA Telangana,South Central Railway,Telangana,"Kotakadira, Telangana 509204, India",77.8706713,16.6674676
0,MBP,Mohibullapur,Mohibullapur Uttar Pradesh,North Eastern Railway,Uttar Pradesh,"Mohibullapur, Madiyanva, Lucknow, Uttar Pradesh, India",80.9332155,26.90965
0,CDM,Chidambaram,Chidambaram Tamil Nadu,Southern Railway,Tamil Nadu,"Chidambaram, Tamil Nadu, India",79.6912455,11.4070449
0,CNK,Chandok,Chandok Uttar Pradesh,Northern Railway,Uttar Pradesh,"Chandok, Uttar Pradesh 246732, India",78.1571557,29.5956029
0,MET,Malerkotla,Malerkotla Punjab,Northern Railway,Punjab,"Malerkotla, Punjab 148023, India",75.8783443,30.5245806
0,RGL,Rengali,Rengali Odisha,East Coast Railway,Odisha,"Rengali, Odisha 768212, India",84.0459621,21.6395914
0,RMV,RAMAVARAPPADU,RAMAVARAPPADU Andhra Pradesh,South Central Railway,Andhra Pradesh,"Ramavarapadu, Vijayawada, Andhra Pradesh, India",80.6842544,16.5255979
0,KXP,Kaniyapuram,Kaniyapuram Kerala,Southern Railway,Kerala,"Kaniyapuram, Kerala, India",76.85033,8.5844184
0,DOA,Doraha,Doraha Punjab,Northern Railway,Punjab,"Doraha, Punjab, India",76.0301786,30.7986482
0,DAA,Datia,Datia Madhya Pradesh,North Central Railway,Madhya Pradesh,"Datia, Madhya Pradesh 475661, India",78.4609182,25.6653168
0,SOR,Sonagir,Sonagir Madhya Pradesh,North Central Railway,Madhya Pradesh,"Sonagiri, Bhopal, Madhya Pradesh 462022, India",77.4693999,23.2511609
0,GUNS,GHUNAS,GHUNAS Punjab,Northern Railway,Punjab,"Ghunas, Punjab 148108, India",75.4213622,30.3117644
0,GWP,Jalalpur Halt,Jalalpur Halt Uttar Pradesh,North Eastern Railway,Uttar Pradesh,"Jalalpur, Uttar Pradesh 224149, India",82.7374115,26.3093328
0,BDWS,BADARWAS,BADARWAS Madhya Pradesh,West Central Railway,Madhya Pradesh,"Badarwas, Madhya Pradesh, India",77.5661298,24.976005
0,PALI,Zerpur Pali,Zerpur Pali Haryana,North Western Railway,Haryana,"Zerpur, Haryana 123029, India",76.0914011,28.3108621
0,MUGA,Mahugarha,Mahugarha Madhya Pradesh,West Central Railway,Madhya Pradesh,"J6HW+QV2, MP SH 23, Sighadi, Barodiya Khurd, Madhya Pradesh 473249, India",77.2417047,24.6274958
0,KHKT,KHOTKHOTI,KHOTKHOTI Assam,North Frontier Railway,Assam,"Khatkhati, Assam 782480, India",93.7422395,25.9651394
0,RHA,Ranaghat Jn,Ranaghat Jn West Bengal,Eastern Railway,West Bengal,"Ranaghat, West Bengal, India",88.5605732,23.1744548
0,RTZ,RATONA,RATONA Madhya Pradesh,West Central Railway,Madhya Pradesh,"रतौना, Madhya Pradesh, India",78.673647,23.8196241
0,MTM,Machilipatnam,Machilipatnam Andhra Pradesh,South Central Railway,Andhra Pradesh,"Machilipatnam, Andhra Pradesh, India",81.1302716,16.1808917
0,BGNP,Banaganapalle,Banaganapalle Andhra Pradesh,South Central Railway,Andhra Pradesh,"Banaganapalli, Andhra Pradesh, India",78.2279193,15.318372
0,IPM,Ichchpuram,Ichchpuram Andhra Pradesh,East Coast Railway,Andhra Pradesh,"Ichchapuram, Andhra Pradesh 532312, India",84.6843723,19.1127596
0,MAM,Mangal Mahudi,Mangal Mahudi Gujarat,Western Railway,Gujarat,"Mangal Mahudi, Gujarat 389140, India",74.103441,22.8488317
0,MDU,Madurai Jn,Madurai Jn Tamil Nadu,Southern Railway,Tamil Nadu,"Madurai, Tamil Nadu, India",78.1197754,9.9252007
0,UKN,UKLANA,UKLANA Haryana,Northern Railway,Haryana,"Uklanamandi, Haryana 125113, India",75.8684214,29.5172343
0,RGO,Rotegaon,Rotegaon Maharashtra,South Central Railway,Maharashtra,"Rotegaon, Maharashtra 423701, India",74.7395591,19.9655781
0,BMSN,Bamsin,Bamsin Rajasthan,North Western Railway,Rajasthan,"Bamsin, Rajasthan, India",72.5500596,25.7773342
0,BHAN,Bhan Kari,Bhan Kari Gujarat,Western Railway,Gujarat,"Gujarat, India",71.5723953,22.6708317
0,AHO,Adarshnagar,Adarshnagar Rajasthan,North Western Railway,Rajasthan,"Adarshnagar, Rajasthan 328030, India",77.8524505,26.7412603
0,SRPM,SIRIPURAM,SIRIPURAM Andhra Pradesh,South Central Railway,Andhra Pradesh,"Siripuram, Andhra Pradesh 522401, India",80.2976316,16.4085151
0,BHWA,BECHHIWARA,BECHHIWARA Rajasthan,North Western Railway,Rajasthan,"Bichhiwara, Rajasthan, India",73.5215152,23.7848195
0,GWD,Gadwal,Gadwal Telangana,South Central Railway,Telangana,"Gadwal, Telangana 509125, India",77.7992871,16.2354297
0,GUG,Garh Jaipur,Garh Jaipur West Bengal,South Eastern Railway,West Bengal,"West Bengal, India",87.8549755,22.9867569
0,BQW,BARAKALAN,BARAKALAN Uttar Pradesh,East Central Railway,Uttar Pradesh,"Bara Kalan, Uttar Pradesh 242127, India",79.3873826,27.7801772
0,LHU,Loharu,Loharu Haryana,North Western Railway,Haryana,"Loharu, Haryana 127201, India",75.8040022,28.426706
0,KZK,Kazhakuttam,Kazhakuttam Kerala,Southern Railway,Kerala,"Kazhakkoottam, Kerala, India",76.8731333,8.5685708
0,VKB,Vikarabad Jn,Vikarabad Jn Telangana,South Central Railway,Telangana,"Vikarabad, Telangana 501102, India",77.9048268,17.3364555
0,DDL,Dhandari Kalan,Dhandari Kalan Punjab,Northern Railway,Punjab,"Dhandari Kalan, Ludhiana, Punjab, India",75.9194278,30.8636071
0,PBR,Porbandar,Porbandar Gujarat,Western Railway,Gujarat,"Porbandar, Gujarat, India",69.6293059,21.6416979
0,JIT,JIRAT,JIRAT West Bengal,Eastern Railway,West Bengal,"Jirat, West Bengal 712501, India",88.4621891,23.097992
0,MGL,MANGELA,MANGELA Karnataka,South Western Railway,Karnataka,"Karnataka, India",75.7138884,15.3172775
0,PM,Palam,Palam Delhi,Northern Railway,Delhi,"Palam, Delhi, India",77.0887828,28.5900637
0,NOK,Nokha,Nokha Rajasthan,North Western Railway,Rajasthan,"Nokha, Rajasthan 334803, India",73.4739666,27.5577947
0,BIML,Bhimal,Bhimal Rajasthan,North Western Railway,Rajasthan,"Bhimal, Rajasthan 313203, India",73.9183464,24.7638997
0,NUQ,Nagar Untari,Nagar Untari Jharkhand,East Central Railway,Jharkhand,"Shri Banshidhar Nagar, Jharkhand, India",83.5016887,24.2845355
0,SE,DEO ROAD,DEO ROAD Gujarat,Western Railway,Gujarat,"Gujarat, India",71.5723953,22.6708317
0,URGA,Urga,Urga Chhatisgarh,South East Central Railway,Chhatisgarh,"Urga, Chhattisgarh 495674, India",82.7266217,22.2752477
0,TEN,Tirunelveli,Tirunelveli Tamil Nadu,Southern Railway,Tamil Nadu,"Tirunelveli, Tamil Nadu, India",77.765628,8.715018
0,SMCP,Simen Chapari,Simen Chapari Assam,North Frontier Railway,Assam,"Simen Chapori, Assam 787061, India",94.8890212,27.7208205
0,PIZ,PINGLI,PINGLI Maharashtra,South Central Railway,Maharashtra,"Pingli, Maharashtra 431402, India",76.8591235,19.211879
0,WR,Vyara,Vyara Maharashtra,Central Railway,Maharashtra,"Vyara, Gujarat 394650, India",73.3861266,21.1104293
0,JSGR,Jharsuguda Road,Jharsuguda Road Odisha,East Coast Railway,Odisha,"Jharsuguda Rd, Odisha, India",84.0019611,21.9063956
0,BDH,Bhedia,Bhedia West Bengal,Eastern Railway,West Bengal,"Bhedia, West Bengal 713126, India",87.7098723,23.5887916
0,BBA,Babrala,Babrala Uttar Pradesh,Northern Railway,Uttar Pradesh,"Babrala, Uttar Pradesh 243751, India",78.4037329,28.2636806
0,CHV,Charvattur,Charvattur Kerala,Southern Railway,Kerala,"Cheruvathur, Kerala, India",75.1626153,12.2165159
0,BGSF,BISUGIRSHARIF,BISUGIRSHARIF Telangana,South Central Railway,Telangana,"Telangana, India",79.0192997,18.1124372
0,HLZ,Haldia,Haldia West Bengal,South Eastern Railway,West Bengal,"Haldia, West Bengal, India",88.0832934,22.0627164
0,BTG,Basharatganj,Basharatganj Uttar Pradesh,Northern Railway,Uttar Pradesh,"Visharatganj, Uttar Pradesh 243302, India",79.2859863,28.2899739
0,SPAM,S Panambakkam,S Panambakkam Tamil Nadu,Southern Railway,Tamil Nadu,"Panambakkam, Tamil Nadu, India",79.8324755,13.08513
0,VJM,Vyasarpadi Jeeva,Vyasarpadi Jeeva Tamil Nadu,Southern Railway,Tamil Nadu,"Vyasarpadi, Chennai, Tamil Nadu, India",80.2594218,13.1183811
0,IMGE,Ismailpur,Ismailpur Bihar,East Central Railway,Bihar,"Ismailpur, Bihar, India",85.1919952,25.7582519
0,RUI,RUKNI,RUKNI West Bengal,South Eastern Railway,West Bengal,"Rukni, Ruknibera, West Bengal 723145, India",86.5488716,23.5523834
0,MFKA,Musafir Khana,Musafir Khana Uttar Pradesh,Northern Railway,Uttar Pradesh,"Musafirkhana, Uttar Pradesh 227813, India",81.8022758,26.3749483
0,TDPR,Tirupadripulyur,Tirupadripulyur Tamil Nadu,Southern Railway,Tamil Nadu,"Tirupadripulyur, SH 68, Muthaiya Nagar, Thirupapuliyur, Cuddalore, Tamil Nadu 607002, India",79.7538458,11.7478023
0,BDI,Bhadli,Bhadli Maharashtra,Central Railway,Maharashtra,"Bhadli, Maharashtra 431116, India",74.759309,20.1681539
0,RRB,Birur Jn,Birur Jn Karnataka,South Western Railway,Karnataka,"Birur Junction, Railway Siding, Junction, Birur, Karnataka 577116, India",75.9726901,13.5932419
0,CLR,Castle Rock,Castle Rock Karnataka,South Western Railway,Karnataka,"Castlerock, Karnataka, India",74.3382187,15.3971903
0,JN,Tinpahar Jn,Tinpahar Jn Gujarat,Western Railway,Gujarat,"Gujarat, India",71.5723953,22.6708317
0,RJPB,Rajendranagar T,Rajendranagar T Bihar,East Central Railway,Bihar,"Rajendranagar Terminal, Rajendra Nagar, Khusrupur, Patna, Bihar 803202, India",85.1626146,25.6027429
0,FTD,Fatehabad Ch.jn,Fatehabad Ch.jn Madhya Pradesh,Western Railway,Madhya Pradesh,"Fatehabad Chandrawatiganj Junction, Fatehabad, Madhya Pradesh 453551, India",75.6736258,23.0108686
0,BSRL,Besroli,Besroli Rajasthan,North Western Railway,Rajasthan,"Besroli, Rajasthan, India",74.5586585,26.9982755
0,WRS,Waris Aleganj,Waris Aleganj Bihar,East Central Railway,Bihar,"Warisaliganj, Bihar 805130, India",85.6383484,25.0125217
0,SRPJ,Swarupganj,Swarupganj Rajasthan,North Western Railway,Rajasthan,"Swaroopganj, Rajasthan 307023, India",72.9259012,24.6552948
0,VINH,VINHERE,VINHERE Maharashtra,Null,Maharashtra,"Vinhere, Maharashtra, India",73.409181,17.9072092
0,BNDM,Bondamunda,Bondamunda Odisha,South Eastern Railway,Odisha,"Bondamunda, Rourkela, Odisha, India",84.9167048,22.2396629
0,LAD,Lohardaga,Lohardaga Jharkhand,South Eastern Railway,Jharkhand,"Lohardaga, Jharkhand 835302, India",84.6869722,23.4415776
0,DVL,CHHADA,CHHADA Maharashtra,Central Railway,Maharashtra,"Chada, Maharashtra 441210, India",79.3919569,20.9308458
0,BYNR,Mookambika Road,Mookambika Road Karnataka,Konkan Railway,Karnataka,"Mookambika Rd, Baindur, Karnataka 576214, India",74.6319995,13.8722011
0,NRSD,New Runnisaidpur Halt,New Runnisaidpur Halt Bihar,East Central Railway,Bihar,"New Runnisaidpur Halt, Runni Saidpur Dakshini, Bihar 843328, India",85.5164677,26.3867183
0,MTJ,Mathura Jn,Mathura Jn Uttar Pradesh,North Central Railway,Uttar Pradesh,"Mathura Jn, Mayur Vihar, Mathura, Uttar Pradesh 281001, India",77.6721033,27.4803806
0,BPH,Belpahar,Belpahar Odisha,South East Central Railway,Odisha,"Belpahar, Odisha, India",83.8533823,21.8217054
0,KIR,Katihar Jn,Katihar Jn Bihar,North Frontier Railway,Bihar,"Katihar Junction, Railway Colony, Katihar, Bihar 854105, India",87.5651973,25.5479749
0,AMH,Azamgarh,Azamgarh Uttar Pradesh,North Eastern Railway,Uttar Pradesh,"Azamgarh, Uttar Pradesh, India",83.1859495,26.0739138
0,PNSA,Punsia,Punsia Bihar,Eastern Railway,Bihar,"Punsia, Bihar 813109, India",86.9949372,24.9600723
0,JAT,Jammu Tawi,Jammu Tawi Jammu And Kashmir,Northern Railway,Jammu And Kashmir,"Jammu Tawi, Shakti Nagar, Trikuta Nagar, Katra, Jammu, 180012",74.8798454,32.7058783
0,HTE,Hatia,Hatia Jharkhand,South Eastern Railway,Jharkhand,"Hatia, Ranchi, Jharkhand, India",85.3058664,23.2855789
0,KBQ,KUMRABAD ROHINI,KUMRABAD ROHINI Jharkhand,Eastern Railway,Jharkhand,"Rohini, Jharkhand 814152, India",86.6472541,24.4768364
0,RLA,RAJULA JN,RAJULA JN Gujarat,Western Railway,Gujarat,"Rajula Junction, Vavera, Gujarat 365560, India",71.4791242,21.1039394
0,GRKA,GURHA KEMLA,GURHA KEMLA Haryana,North Western Railway,Haryana,"Gurha Kemla, Gudha, Haryana 123034, India",76.255553,28.313957
0,BARL,Baral,Baral Uttar Pradesh,Northern Railway,Uttar Pradesh,"Baral, Uttar Pradesh, India",77.7959825,28.4841398
0,KMM,KANNAMANGALAM,KANNAMANGALAM Tamil Nadu,Southern Railway,Tamil Nadu,"Kannamangalam, Tamil Nadu 632311, India",79.1477979,12.7522395
0,KM,ARJUNAHALLI,ARJUNAHALLI Goa,South Western Railway,Goa,"Goa, India",74.123996,15.2993265
0,MD,Shahabad Md.pur,Shahabad Md.pur Rajasthan,North Western Railway,Rajasthan,"Pur, Rajasthan, India",74.5448635,25.2978807
0,BOG,Bhairongarh,Bhairongarh Madhya Pradesh,Western Railway,Madhya Pradesh,"Bhairongarh, Madhya Pradesh 457772, India",74.7424852,23.1448664
0,KYG,KIDIYANAGA,KIDIYANAGA Gujarat,Western Railway,Gujarat,"Gujarat, India",71.5723953,22.6708317
0,MKO,Markona,Markona Odisha,South Eastern Railway,Odisha,"Markona, Odisha 756126, India",86.605668,21.1850024
0,THB,Thana Bihpur Jn,Thana Bihpur Jn Bihar,East Central Railway,Bihar,"Thana Bihpur, बिहपुर, M. D, FIROZALE, Bihpur, Bihar 853201, India",86.935528,25.3933828
0,SMP,Shambhupura,Shambhupura Rajasthan,Western Railway,Rajasthan,"Shambhupura, Rajasthan 312612, India",74.6385793,24.7673502
0,MMY,Marwar Mathanya,Marwar Mathanya Rajasthan,North Western Railway,Rajasthan,"Mathania, Rajasthan 342305, India",72.9785353,26.5307629
0,IB,IB,IB Odisha,South East Central Railway,Odisha,"Odisha, India",84.2700179,20.2375561
0,DHRR,Bamanwali,Bamanwali Rajasthan,North Western Railway,Rajasthan,"Bamanwali, Rajasthan 334601, India",73.5180716,28.3619473
0,JTO,Jutogh,Jutogh Himachal Pradesh,Northern Railway,Himachal Pradesh,"Jutogh, Himachal Pradesh 171008, India",77.1300734,31.1010208
0,JMT,Jamtara,Jamtara Jharkhand,Eastern Railway,Jharkhand,"Jamtara, Jharkhand, India",86.8048018,23.9612357
0,MKSR,Mokalsar,Mokalsar Rajasthan,North Western Railway,Rajasthan,"Mokalsar, Rajasthan, India",72.514567,25.6126552
0,TAPA,Tapa,Tapa Punjab,Northern Railway,Punjab,"Tapa, Punjab 148108, India",75.3703662,30.3017458
0,ISA,Isarda,Isarda Rajasthan,North Western Railway,Rajasthan,"Isarda, Rajasthan, India",76.7942403,26.093926
0,NAL,NAL HALT,NAL HALT Rajasthan,North Western Railway,Rajasthan,"Rajasthan, India",74.2179326,27.0238036
0,CTW,CHHINTANWALA,CHHINTANWALA Punjab,Northern Railway,Punjab,"Chhintanwala, Punjab 147201, India",76.0174308,30.3581473
0,GJH,Goldinganj,Goldinganj Bihar,East Central Railway,Bihar,"Goldinganj, Bihar 841211, India",84.8261617,25.7523876
0,SGW,SINGWAL,SINGWAL Rajasthan,North Western Railway,Rajasthan,"Rajasthan, India",74.2179326,27.0238036
0,KDJR,KENDUJHARGARH,KENDUJHARGARH Odisha,East Coast Railway,Odisha,"Keonjhar, Odisha, India",85.605525,21.6393113
0,FKB,Fakhrabad,Fakhrabad Telangana,South Central Railway,Telangana,"Telangana, India",79.0192997,18.1124372
0,RGM,RANGAPURAM,RANGAPURAM Andhra Pradesh,South Central Railway,Andhra Pradesh,"Rangapuram, Andhra Pradesh 534452, India",81.0678763,16.9473676
0,TLD,Tilda Neora,Tilda Neora Chhatisgarh,South East Central Railway,Chhatisgarh,"Tilda Newra, Chhattisgarh 493114, India",81.800389,21.5513879
0,KOO,Khusropur,Khusropur Bihar,East Central Railway,Bihar,"Khusrupur, Bihar 803202, India",85.3885333,25.4810818
0,BRKA,Barka Kana,Barka Kana Jharkhand,East Central Railway,Jharkhand,"Barkakana, Jharkhand, India",85.4607639,23.6227489
0,GVN,Godavari,Godavari Andhra Pradesh,South Central Railway,Andhra Pradesh,Godavari River,77.95043552,18.18125696
0,DUR,Desur,Desur Karnataka,South Western Railway,Karnataka,"Desur, Karnataka 590014, India",74.505312,15.7424553
0,LDM,Ledarmer,Ledarmer Rajasthan,North Western Railway,Rajasthan,"Ledarmer, Kotkasta - Ledarmer Rd, Rajasthan 343029, India",72.3472714,25.0556916
0,MDVK,MAHADEOKHEDI,MAHADEOKHEDI Madhya Pradesh,West Central Railway,Madhya Pradesh,"Mahadeokhedi Junction, Bina Mungawali Rd, Manau, Madhya Pradesh 470113, India",78.19484,24.23647
0,ATU,Attur,Attur Tamil Nadu,Southern Railway,Tamil Nadu,"Attur, Tamil Nadu 636102, India",78.5974352,11.5983184
0,RDHP,Radhanpur,Radhanpur Gujarat,Western Railway,Gujarat,"Radhanpur, Gujarat 385340, India",71.6139348,23.8286354
0,GTS,Ghatsila,Ghatsila Jharkhand,South Eastern Railway,Jharkhand,"Ghatshila, Jharkhand, India",86.4773174,22.5862036
0,BLTR,Belthara Road,Belthara Road Uttar Pradesh,North Eastern Railway,Uttar Pradesh,"Belthara Road, Uttar Pradesh 221715, India",83.8446502,26.1258356
0,CROA,Chautara,Chautara Assam,North Frontier Railway,Assam,"Chautara, Assam, India",90.0863581,26.1506882
0,FSR,FAQARSAR,FAQARSAR Punjab,Northern Railway,Punjab,"Fakarsar, Punjab, India",74.5750245,30.1981912
0,JNR,Janakpur Road,Janakpur Road Bihar,East Central Railway,Bihar,"Janakpur Road, Bihar, India",85.7012621,26.4567342
0,ROK,Rohtak Jn,Rohtak Jn Haryana,Northern Railway,Haryana,"Rohtak, Haryana, India",76.606611,28.8955152
0,NIR,Nainpur JN,Nainpur JN Madhya Pradesh,South East Central Railway,Madhya Pradesh,"Nainpur, Madhya Pradesh 481776, India",80.1095601,22.4266058
0,BSGN,Basugaon,Basugaon Assam,North Frontier Railway,Assam,"Basugaon, Assam 783372, India",90.4195876,26.4630343
0,SS,Shirsoli,Shirsoli Maharashtra,Central Railway,Maharashtra,"Shirsoli, Maharashtra 415716, India",73.3089678,17.8640329
0,CT,Chittapur,Chittapur Karnataka,South Central Railway,Karnataka,"Chittapur, Karnataka, India",77.0830256,17.1181765
0,APJ,AMARPUR JORASI,AMARPUR JORASI Haryana,North Western Railway,Haryana,"Amarpur Jorasi, Haryana 123001, India",76.0609476,28.0168619
0,NR,Niphad,Niphad Maharashtra,Central Railway,Maharashtra,"Niphad, Maharashtra 422303, India",74.1094408,20.0771445
0,GZO,Gazole,Gazole West Bengal,North Frontier Railway,West Bengal,"Gazole, West Bengal 732124, India",88.1923843,25.2108593
0,DUU,DUPADU,DUPADU Andhra Pradesh,South Central Railway,Andhra Pradesh,"Dupadu, Andhra Pradesh 523330, India",79.3676753,15.9165443
0,RUSD,RUNNI SAIDPUR,RUNNI SAIDPUR Bihar,East Central Railway,Bihar,"Runni Saidpur Madhya, Bihar, India",85.4927026,26.3726481
0,TME,Tuti Melur,Tuti Melur Tamil Nadu,Southern Railway,Tamil Nadu,"Melur, Tamil Nadu 625106, India",78.3382117,10.0312879
0,LTT,Lokmanyatilak T,Lokmanyatilak T Maharashtra,Central Railway,Maharashtra,"Lokmanya Tilak, Pipeline Rd, Tilak Nagar, Kurla, Mumbai, Maharashtra 400089, India",72.8919715,19.0696829
0,SLNA,Salauna,Salauna Bihar,East Central Railway,Bihar,"Salauna, Bihar 848201, India",86.2628383,25.6108181
0,UMB,Ambala Cant Jn,Ambala Cant Jn Haryana,Northern Railway,Haryana,"Ambala Cantt, Haryana, India",76.8485468,30.3610314
0,PVD,Peddavadlapudi,Peddavadlapudi Andhra Pradesh,South Central Railway,Andhra Pradesh,"Pedavadlapudi, Andhra Pradesh 522302, India",80.6109527,16.4115104
0,SMK,Samalkha,Samalkha Haryana,Northern Railway,Haryana,"Samalkha, Haryana 132101, India",77.0117647,29.2405272
0,DGJ,Dungar Jn,Dungar Jn Gujarat,Western Railway,Gujarat,"Dungar, Gujarat 365555, India",71.5667481,21.0682178
0,FTP,Fatehpur,Fatehpur Uttar Pradesh,North Central Railway,Uttar Pradesh,"Fatehpur, Uttar Pradesh, India",80.7996035,25.9209503
0,SVHE,Sisvinhalli,Sisvinhalli Karnataka,South Western Railway,Karnataka,"Sisvinhalli, Bennur, Karnataka 581209, India",75.31923,15.42996
0,ADT,Aduturai,Aduturai Tamil Nadu,Southern Railway,Tamil Nadu,"Aduthurai, Tamil Nadu 612101, India",79.475133,11.0139792
0,AMQ,AMMUGUDA,AMMUGUDA Telangana,South Central Railway,Telangana,"Ammuguda, Sainikpuri, Secunderabad, Telangana, India",78.5337857,17.4966724
0,IAA,Indara Jn,Indara Jn Uttar Pradesh,North Eastern Railway,Uttar Pradesh,"Indara, Uttar Pradesh 226203, India",80.9953952,27.0930832
0,HDL,Hodal,Hodal Haryana,North Eastern Railway,Haryana,"Hodal, Haryana 121106, India",77.3841197,27.8975511
0,RYP,Rayanapadu,Rayanapadu Andhra Pradesh,South Central Railway,Andhra Pradesh,"Rayanapadu, Andhra Pradesh, India",80.5688428,16.5710275
0,NRO,Nakodar Jn,Nakodar Jn Punjab,Northern Railway,Punjab,"Nakodar, Punjab, India",75.4817733,31.1270186
0,HDU,Hardua,Hardua Madhya Pradesh,West Central Railway,Madhya Pradesh,"Hardua, Madhya Pradesh 486445, India",81.1912849,24.7691949
0,MIK,MANIKUL,MANIKUL Jharkhand,South Eastern Railway,Jharkhand,"Jharkhand, India",85.2722472,23.6913486
0,VS,Vishvamitri,Vishvamitri Gujarat,Western Railway,Gujarat,"Vishwamitri, Vadodara, Gujarat, India",73.1747877,22.2879854
0,KLT,Kulitalai,Kulitalai Tamil Nadu,Southern Railway,Tamil Nadu,"Kulithalai, Tamil Nadu 639104, India",78.4171909,10.9425987
0,KSP,Kishanpur,Kishanpur Bihar,East Central Railway,Bihar,"Kishanpur West, Bihar 852138, India",86.6839823,26.2109636
0,TMX,Timmapur,Timmapur Telangana,South Central Railway,Telangana,"Thimmapur, Telangana 509325, India",78.2982782,17.1678509
0,SMNH,Somnath,Somnath Gujarat,Western Railway,Gujarat,"Prabhas Patan, Gujarat, India",70.4059983,20.8882111
0,MQL,MIRKHAL,MIRKHAL Maharashtra,South Central Railway,Maharashtra,"Maharashtra, India",75.7138884,19.7514798
0,DZB,Dahina Zainabad,Dahina Zainabad Haryana,North Western Railway,Haryana,"Dahina Kosli Rd, Haryana, India",76.408755,28.3176653
0,HNHL,HARNAHALLI,HARNAHALLI Karnataka,South Western Railway,Karnataka,"Haranhalli, Karnataka 573122, India",76.223288,13.2481506
0,KSD,Keshod,Keshod Gujarat,Western Railway,Gujarat,"Keshod, Gujarat 362220, India",70.2498866,21.3011821
0,RDM,Ramagundam,Ramagundam Telangana,South Central Railway,Telangana,"Ramagundam, Telangana, India",79.5133701,18.7518652
0,KRKP,KYARKOP,KYARKOP Karnataka,South Western Railway,Karnataka,"Kyarkop, Pedestrian Opas, Karnataka 580007, India",74.9560245,15.4552478
0,SFY,Shajapur,Shajapur Madhya Pradesh,West Central Railway,Madhya Pradesh,"Shajapur, Madhya Pradesh 465001, India",76.2871419,23.4225728
0,JGM,Jhargram,Jhargram West Bengal,South Eastern Railway,West Bengal,"Jhargram, West Bengal, India",86.9974385,22.4549909
0,MFP,Muzaffarpur Jn,Muzaffarpur Jn Bihar,East Central Railway,Bihar,"Muzaffarpur Jn., Railway Station, Station Rd, Sutapatti, Pokhraira, Muzaffarpur, Bihar 842001, India",85.3784348,26.1224065
0,BKG,Banka Ghat,Banka Ghat Bihar,East Central Railway,Bihar,"Banka Ghat, Jharkhand 814133, India",87.2991279,24.7820575
0,PYHT,Prayahat Halt,Prayahat Halt Jharkhand,Eastern Railway,Jharkhand,"Jharkhand, India",85.2722472,23.6913486
0,NAM,Namrup,Namrup Assam,North Frontier Railway,Assam,"Namrup, Assam 786623, India",95.3468563,27.1835838
0,BHX,BULLUANA,BULLUANA Punjab,Northern Railway,Punjab,"Balluana, Punjab 151001, India",74.7819819,30.2236213
0,PMK,Paramakkudi,Paramakkudi Tamil Nadu,Southern Railway,Tamil Nadu,"Paramakudi, Tamil Nadu, India",78.5841633,9.5503862
0,CTYL,Chityala,Chityala Telangana,South Central Railway,Telangana,"Chityala, Telangana 508114, India",79.1261474,17.232025
0,NI,Naydongri,Naydongri Maharashtra,Central Railway,Maharashtra,"Naydongri, Maharashtra 424109, India",74.8346296,20.3496226
0,PG,PERGAON,PERGAON Maharashtra,South Central Railway,Maharashtra,"Pergaon, Gavha, Maharashtra 431537, India",76.6647088,19.2991042
0,MJF,Malkajgiri,Malkajgiri Telangana,South Central Railway,Telangana,"Malkajgiri, Secunderabad, Telangana, India",78.5322481,17.4503375
0,SFW,Sarangpur,Sarangpur Madhya Pradesh,West Central Railway,Madhya Pradesh,"Sarangpur, Madhya Pradesh 465697, India",76.472256,23.5664503
0,PHQ,Pardhande,Pardhande Maharashtra,Central Railway,Maharashtra,"Maharashtra, India",75.7138884,19.7514798
0,SUA,Sardiha,Sardiha West Bengal,South Eastern Railway,West Bengal,"Sardiha, West Bengal, India",86.9098159,22.307464
0,SPV,SIVAPUR,SIVAPUR Karnataka,South Western Railway,Karnataka,"Shivapur, Karnataka, India",74.7073692,16.1827715
0,ORGA,ORGA,ORGA Jharkhand,South Eastern Railway,Jharkhand,"Orga, Jharkhand 835201, India",84.9160539,22.4499028
0,ABKP,Ambikapur,Ambikapur Chhatisgarh,South East Central Railway,Chhatisgarh,"Ambikapur, Chhattisgarh, India",83.1861138,23.1294374
0,PRF,Parsipur,Parsipur Uttar Pradesh,Northern Railway,Uttar Pradesh,"Parsipur, Uttar Pradesh 221402, India",82.6402414,25.3693265
0,GJN,Gajner,Gajner Rajasthan,North Western Railway,Rajasthan,"Gajner, Rajasthan 334302, India",73.0464309,27.9499008
0,ASN,Asansol Jn,Asansol Jn West Bengal,Eastern Railway,West Bengal,"Asansol, West Bengal, India",86.9660638,23.6888636
0,RRGA,Rangareddy Guda,Rangareddy Guda Telangana,South Central Railway,Telangana,"Rangareddy Guda, Telangana 509301, India",78.1788872,16.9016191
0,TGN,Talegaon,Talegaon Maharashtra,Central Railway,Maharashtra,"Talegaon Dabhade, Maharashtra, India",73.6746626,18.7375763
0,RFJ,Rafiganj,Rafiganj Bihar,East Central Railway,Bihar,"Rafiganj, Bihar 824125, India",84.6343104,24.8184507
0,CW,Chainwa,Chainwa Bihar,North Eastern Railway,Bihar,"Chainwa, Bihar 841204, India",84.4973098,26.0181766
0,BZLE,Bazarsau,Bazarsau West Bengal,Eastern Railway,West Bengal,"Bazarsau, West Bengal 742163, India",88.1840118,23.8731015
0,KTJ,KHALTIPUR,KHALTIPUR West Bengal,Eastern Railway,West Bengal,"Khaltipur, West Bengal 732201, India",88.0277487,24.8808756
0,KZY,KAYALPATTINAM,KAYALPATTINAM Tamil Nadu,Southern Railway,Tamil Nadu,"Kayalpattinam, Tamil Nadu, India",78.1238356,8.5683153
0,BGKT,Bhagat Ki Kothi,Bhagat Ki Kothi Rajasthan,North Western Railway,Rajasthan,"Bhagat Ki Kothi, Jodhpur, Rajasthan, India",73.0222378,26.2475439
0,ASL,Aslaoda,Aslaoda Madhya Pradesh,Western Railway,Madhya Pradesh,"Aslaoda, Madhya Pradesh 456337, India",75.6178991,23.2461595
0,SOL,Solan,Solan Himachal Pradesh,Northern Railway,Himachal Pradesh,"Solan, Himachal Pradesh, India",77.0999031,30.9084245
0,KDU,Kadambur,Kadambur Tamil Nadu,Southern Railway,Tamil Nadu,"Kadambur, Tamil Nadu 628714, India",77.8603108,8.9965989
0,MGRR,MAGARPUR,MAGARPUR Uttar Pradesh,North Central Railway,Uttar Pradesh,"Magarpur, India",78.8524199,25.2949084
0,JN,Ramkanali Jn,Ramkanali Jn Gujarat,Western Railway,Gujarat,"Gujarat, India",71.5723953,22.6708317
0,QLN,Kollam Jn,Kollam Jn Kerala,Southern Railway,Kerala,"Kollam, Kerala, India",76.6141396,8.8932118
0,GHLE,GADADHARPUR,GADADHARPUR West Bengal,Eastern Railway,West Bengal,"Gadadharpur, West Bengal 731234, India",87.6920097,24.0144143
0,PLJE,Phulwartanr,Phulwartanr Jharkhand,East Central Railway,Jharkhand,"Phulwartanr, Jharkhand, India",86.2298238,23.7724909
0,FGSB,Fatehgarh Sahib,Fatehgarh Sahib Punjab,Northern Railway,Punjab,"Fatehgarh Sahib, Punjab, India",76.39703,30.6435345
0,MPLI,MINNAMPALLI,MINNAMPALLI Tamil Nadu,Southern Railway,Tamil Nadu,"Minnampalli, Tamil Nadu 636106, India",78.2689714,11.67427
0,AJE,Anjar,Anjar Gujarat,Western Railway,Gujarat,"Anjar, Gujarat 370110, India",70.0281023,23.1166716
0,KXH,Kapurthala,Kapurthala Punjab,Northern Railway,Punjab,"Kapurthala, Punjab, India",75.4017654,31.3722571
0,DEG,Delang,Delang Odisha,East Coast Railway,Odisha,"Delang, Odisha, India",85.7615379,20.0360957
0,SADP,Saidapur,Saidapur Karnataka,South Central Railway,Karnataka,"Saidapur, Karnataka 585221, India",77.2515195,16.5722359
0,MJY,Maramjhiri,Maramjhiri Madhya Pradesh,Central Railway,Madhya Pradesh,"Maramjhiri, Madhya Pradesh 460001, India",77.88315,21.94446
0,TELO,Telo,Telo Jharkhand,East Central Railway,Jharkhand,"Telo, Jharkhand 828403, India",86.1255609,23.8174405
0,NDT,Nathdwara,Nathdwara Rajasthan,North Western Railway,Rajasthan,"Nathdwara, Rajasthan 313301, India",73.8193405,24.9311558
0,LBG,LIMBGAON,LIMBGAON Maharashtra,South Central Railway,Maharashtra,"Limbgaon, Maharashtra 431602, India",77.2024306,19.1788269
0,GLP,Gollaprolu,Gollaprolu Andhra Pradesh,South Central Railway,Andhra Pradesh,"Gollaprollu, Andhra Pradesh, India",82.2862828,17.1532881
0,FUT,Fatuha Jn,Fatuha Jn Bihar,East Central Railway,Bihar,"Fatwah, Bihar, India",85.3030615,25.508956
0,RURA,Rura,Rura Uttar Pradesh,North Central Railway,Uttar Pradesh,"Rura, Uttar Pradesh 209303, India",79.900592,26.4820748
0,SRU,Salempur Jn,Salempur Jn Uttar Pradesh,North Eastern Railway,Uttar Pradesh,"Salempur, Uttar Pradesh, India",83.9241376,26.293939
0,HDE,Hardas Bigha,Hardas Bigha Bihar,East Central Railway,Bihar,"Hardas Bigha, Bihar 803202, India",85.327837,25.4983716
0,GDP,GUDUPULLI,GUDUPULLI Andhra Pradesh,South Western Railway,Andhra Pradesh,"Gudupalli, Ontipalle, Andhra Pradesh 517426, India",78.2749132,12.8033012
0,KTYM,Kottayam,Kottayam Kerala,Southern Railway,Kerala,"Kottayam, Kerala, India",76.5221531,9.5915668
0,CTA,Chitradurg,Chitradurg Karnataka,South Western Railway,Karnataka,"Chitradurga, Karnataka, India",76.3980464,14.2250932
0,RNJ,Runija,Runija Madhya Pradesh,Western Railway,Madhya Pradesh,"Runija, Madhya Pradesh 456776, India",75.2683228,23.1609261
0,GVMR,Govindi Marwar,Govindi Marwar Rajasthan,North Western Railway,Rajasthan,"Govindi Marwar, Rajasthan 341509, India",75.093077,27.0314891
0,CNGR,Chengannur,Chengannur Kerala,Southern Railway,Kerala,"Chengannur, Kerala, India",76.6110845,9.3183275
0,RNH,Runkhera,Runkhera Madhya Pradesh,Western Railway,Madhya Pradesh,"Runkhera, Runkhera, Thadoda, Madhya Pradesh 456224, India",75.189269,23.4144054
0,SNF,Sanat Nagar,Sanat Nagar Telangana,South Central Railway,Telangana,"Sanath Nagar, Hyderabad, Telangana, India",78.4439295,17.4562544
0,NMG,NIMIAGHAT,NIMIAGHAT Jharkhand,East Central Railway,Jharkhand,"Nimiyaghat, Jharkhand 825167, India",86.077172,23.95281
0,STL,Simultala,Simultala Bihar,Eastern Railway,Bihar,"Simultala, Bihar 811316, India",86.5438544,24.711761
0,GMH,Gamharia,Gamharia Jharkhand,South Eastern Railway,Jharkhand,"Gamharia, Jamshedpur, Jharkhand, India",86.1028767,22.8150931
0,NLSF,NIYALISH PARA,NIYALISH PARA West Bengal,Eastern Railway,West Bengal,"Para, West Bengal 733143, India",88.0925186,25.4995104
0,NKP,Nirakarpur,Nirakarpur Odisha,East Coast Railway,Odisha,"Nirakarpur, Odisha 752019, India",85.532898,19.9918732
0,MBW,Malwara,Malwara Rajasthan,North Western Railway,Rajasthan,"Malwara, Rajasthan 343039, India",72.2881907,24.7782971
0,MWRN,MADWARANI,MADWARANI Chhatisgarh,South East Central Railway,Chhatisgarh,"Madwarani, Chhattisgarh 495674, India",82.7138066,22.1717046
0,FBG,FORBESGANJ,FORBESGANJ Bihar,North Frontier Railway,Bihar,"Pokhar Basti, Forbesganj, Bihar 854318, India",87.268613,26.2986049
0,KIZ,KANSUDHI,KANSUDHI Gujarat,Western Railway,Gujarat,"Kansudhi, Vavadi Bujarg Part, Gujarat 389120, India",73.6475419,22.7889751
0,BRGA,Bargarh Road,Bargarh Road Odisha,East Coast Railway,Odisha,"Bargarh Rd, Odisha, India",83.6258388,21.4009175
0,PRWD,PAREWADI,PAREWADI Maharashtra,Central Railway,Maharashtra,"Parewadi, Maharashtra, India",74.9639839,18.3029257
0,XBKJ,BIKRAMGANJ,BIKRAMGANJ Bihar,East Central Railway,Bihar,"Bikramganj, Bihar 802212, India",84.2639954,25.2214162
0,HYA,HADIAYA,HADIAYA Punjab,Northern Railway,Punjab,"Handiaya, Punjab 148107, India",75.5101999,30.3288515
0,PPTA,Patliputra,Patliputra Bihar,East Central Railway,Bihar,"Pataliputra, Bihar",84.981754,25.4352863
0,PRV,PUKKIRIVARI,PUKKIRIVARI Tamil Nadu,Southern Railway,Tamil Nadu,"Pukkiravari, Tamil Nadu 606204, India",78.9959177,11.6218403
0,KGQ,Kasaragod,Kasaragod Kerala,Southern Railway,Kerala,"Kasaragod, Kerala, India",74.9869276,12.4995966
0,DNRP,Dungarpur,Dungarpur Rajasthan,North Western Railway,Rajasthan,"Dungarpur, Rajasthan 314001, India",73.7204305,23.8518813
0,MABN,Maban,Maban Madhya Pradesh,West Central Railway,Madhya Pradesh,"Madhya Pradesh, India",78.6568942,22.9734229
0,WRA,WALAYAR,WALAYAR Tamil Nadu,Southern Railway,Tamil Nadu,"Walayar, Kerala, India",76.8388007,10.8428305
0,CDB,CHAUDHRIBANDH,CHAUDHRIBANDH Jharkhand,East Central Railway,Jharkhand,"Chaudhribandh, Jharkhand, India",85.9840865,24.0528217
0,JN,Bauria Jn,Bauria Jn Gujarat,Western Railway,Gujarat,"Gujarat, India",71.5723953,22.6708317
0,URK,URKURA,URKURA Chhatisgarh,South East Central Railway,Chhatisgarh,"Urkura, Chhattisgarh, India",81.6555607,21.3067992
0,BHLP,Bhulanpur,Bhulanpur Uttar Pradesh,North Eastern Railway,Uttar Pradesh,"Bhullanpur, Varanasi, Uttar Pradesh, India",82.9551311,25.2815185
0,MDF,MURADI,MURADI West Bengal,South Eastern Railway,West Bengal,"Muraddi, West Bengal, India",86.8245443,23.5851883
0,JN,Varanasi Jn,Varanasi Jn Gujarat,Western Railway,Gujarat,"Gujarat, India",71.5723953,22.6708317
0,SVNR,SAVANUR,SAVANUR Karnataka,South Western Railway,Karnataka,"Savanur, Karnataka 581118, India",75.3355694,14.9724912
0,CTO,Chittoor,Chittoor Andhra Pradesh,South Central Railway,Andhra Pradesh,"Chittoor, Andhra Pradesh, India",79.1003289,13.217176
0,TGL,TUGGALI,TUGGALI Andhra Pradesh,South Central Railway,Andhra Pradesh,"Tuggali, Andhra Pradesh 518390, India",77.5441265,15.3137881
0,SEE,Kheri Salwa,Kheri Salwa Bihar,East Central Railway,Bihar,"Kheri, Bihar, India",84.6753715,25.3639909
0,KMZ,Katni Murwara,Katni Murwara Madhya Pradesh,West Central Railway,Madhya Pradesh,"Katni, Madhya Pradesh, India",80.3893814,23.8343441
0,JDH,Jam Jodhpur JN,Jam Jodhpur JN Gujarat,Western Railway,Gujarat,"Jamjodhpur, Gujarat 360530, India",70.0354518,21.9022866
0,MNS,MANSHAHI,MANSHAHI Bihar,North Frontier Railway,Bihar,"Mansahi, Bihar 854103, India",87.5667751,25.4680927
0,KAP,Kalianpur,Kalianpur Uttar Pradesh,North Eastern Railway,Uttar Pradesh,"Kalyanpur, Kanpur, Uttar Pradesh, India",80.2468661,26.510822
0,NKH,NATHUKHERI,NATHUKHERI Madhya Pradesh,West Central Railway,Madhya Pradesh,"Nathu Kheri, Rajasthan, India",74.9048006,23.9052504
0,GDX,Ghoksadanga,Ghoksadanga West Bengal,North Frontier Railway,West Bengal,"Ghoksadanga, West Bengal 736171, India",89.2772621,26.4267922
0,TVC,TRIVANDRUMNORTH,TRIVANDRUMNORTH Kerala,Southern Railway,Kerala,"Thiruvananthapuram, Kerala, India",76.9366376,8.5241391
0,MDLE,Mandar Hill,Mandar Hill Bihar,Eastern Railway,Bihar,"Mandar Hill, Bihar 813103, India",87.0349421,24.8363795
0,KPLD,Kapali Road Ph,Kapali Road Ph Odisha,East Coast Railway,Odisha,"Kapali Rd, Odisha 756113, India",86.4368786,21.0562309
0,ROU,Rourkela,Rourkela Odisha,South Eastern Railway,Odisha,"Rourkela, Odisha, India",84.8535844,22.260423
0,SRT,Satur,Satur Tamil Nadu,Southern Railway,Tamil Nadu,"Sattur, Tamil Nadu 636309, India",78.073038,11.7913302
0,BENL,BENL,BENL Karnataka,South Western Railway,Karnataka,"BEML Layout, 5th Stage, Rajarajeshwari Nagar, Bengaluru, Karnataka 560098, India",77.5196625,12.9078051
0,MKDI,MAKUDI,MAKUDI Maharashtra,South Central Railway,Maharashtra,"Maharashtra, India",75.7138884,19.7514798
0,GLU,GULLIPADU,GULLIPADU Andhra Pradesh,South Central Railway,Andhra Pradesh,"Gullipadu, Andhra Pradesh 531126, India",82.634839,17.399806
0,KNSR,KANASAR,KANASAR Rajasthan,North Western Railway,Rajasthan,"Kanasar, Rajasthan 334001, India",73.317812,28.1316302
0,BTU,BARAUT,BARAUT Uttar Pradesh,Northern Railway,Uttar Pradesh,"Baraut, Uttar Pradesh 250611, India",77.261897,29.0996906
0,BONA,Bona Kalu,Bona Kalu Odisha,East Coast Railway,Odisha,"Banja, Odisha, India",85.9585544,20.858449
0,KARO,Khario P.h.,Khario P.h. Jharkhand,East Central Railway,Jharkhand,"Khario P.H., Khario, Jharkhand 828114, India",86.1927604,23.8360902
0,TLS,BETTAHALSOOR,BETTAHALSOOR Karnataka,South Western Railway,Karnataka,"Bettahalsoor, Karnataka 562157, India",77.609935,13.1623413
0,GIR,Gainsari Jn,Gainsari Jn Uttar Pradesh,North Eastern Railway,Uttar Pradesh,"Gainsari Junction, Gainsari, Uttar Pradesh 271210, India",82.5472034,27.5270631
0,TMKA,TOMKA,TOMKA Odisha,East Coast Railway,Odisha,"Odisha, India",84.2700179,20.2375561
0,RGI,RAMGIRI,RAMGIRI Karnataka,South Western Railway,Karnataka,"Ramagiri, Karnataka 577539, India",76.1230275,13.9549834
0,DUE,Dudahi,Dudahi Uttar Pradesh,North Eastern Railway,Uttar Pradesh,"Dudahi, Uttar Pradesh 274302, India",84.1461519,26.7967995
0,SRTN,SIBSAGAR TOWN,SIBSAGAR TOWN Assam,North Frontier Railway,Assam,"Sivasagar, Assam, India",94.639424,26.989087
0,ABR,Abu Road,Abu Road Rajasthan,North Western Railway,Rajasthan,"Abu Road, Rajasthan 307026, India",72.7717775,24.4640731
0,BRWD,Barwadih Jn,Barwadih Jn Jharkhand,East Central Railway,Jharkhand,"Barwadih, Jharkhand 822111, India",84.1171249,23.8475182
0,GTI,Ghutai,Ghutai Uttar Pradesh,North Central Railway,Uttar Pradesh,"Ghutai, Uttar Pradesh 210429, India",79.4134179,25.2801844
0,BWA,Bhinwaliya,Bhinwaliya Rajasthan,North Western Railway,Rajasthan,"Bhinwaliya, Indarwara, Rajasthan 306503, India",73.4926053,25.5598561
0,CRX,CARRON,CARRON West Bengal,North Frontier Railway,West Bengal,"Karoan, West Bengal 722157, India",87.3227328,23.2152794
0,KQN,Kodaikanal Road,Kodaikanal Road Tamil Nadu,Southern Railway,Tamil Nadu,"Kodai Road, Tamil Nadu, India",77.9096036,10.1758793
0,BYN,Banahi,Banahi Bihar,East Central Railway,Bihar,"Banahi, Bihar 802183, India",84.374576,25.5690347
0,RXR,RANGAPAHAR,RANGAPAHAR ,North Frontier Railway,,"Rangapahar, Nagaland 782480, India",93.710487,25.8579
0,MOTC,Motichur,Motichur Uttarakhand,Northern Railway,Uttarakhand,"Motichur, Haridwar, Uttarakhand 249411, India",78.1877922,29.9855856
0,KTCH,Kaithalkuchi,Kaithalkuchi Assam,North Frontier Railway,Assam,"Kaithalkuchi, Assam 781370, India",91.3421032,26.4544266
0,JRMG,Jairamnagar,Jairamnagar Chhatisgarh,South East Central Railway,Chhatisgarh,"Jairamnagar, Chhattisgarh, India",82.2949866,22.0317825
0,MNGD,Muniguda,Muniguda Odisha,East Coast Railway,Odisha,"Muniguda, Odisha 765020, India",83.4987493,19.6211504
0,HYL,HADYAL,HADYAL Rajasthan,North Western Railway,Rajasthan,"Hadiyal, Rajasthan, India",75.2004963,28.4906127
0,GBP,Gulabpura,Gulabpura Rajasthan,North Western Railway,Rajasthan,"Gulabpura, Rajasthan 311021, India",74.6605365,25.9031773
0,BXL,BHEDUASOL,BHEDUASOL West Bengal,South Eastern Railway,West Bengal,"Bheduasole, West Bengal 722121, India",86.9066836,23.1147214
0,BSX,Basar,Basar Telangana,South Central Railway,Telangana,"Basar, Telangana, India",77.9528861,18.8818895
0,HCP,Harchandpur,Harchandpur Uttar Pradesh,Northern Railway,Uttar Pradesh,"Harchandpur, Uttar Pradesh 229303, India",81.166481,26.3441528
0,RRME,Ranchi Road,Ranchi Road Jharkhand,East Central Railway,Jharkhand,"Ranchi Rd, Jharkhand, India",85.2555183,23.3999888
0,CRU,CHUDAWA,CHUDAWA Maharashtra,South Central Railway,Maharashtra,"Chudawa, Maharashtra 431511, India",77.1326969,19.1702521
0,PPO,Panposh,Panposh Odisha,South Eastern Railway,Odisha,"Panposh, Odisha, India",84.8984775,22.2064016
0,NOK,GARNOKHA,GARNOKHA Rajasthan,North Western Railway,Rajasthan,"Rajasthan, India",74.2179326,27.0238036
0,PDPL,Peddapalli Jn,Peddapalli Jn Telangana,South Central Railway,Telangana,"Peddapalli Junction, Peddapalli, Telangana 505172, India",79.3921732,18.6134935
0,UBL,Sss Hubballi Jn,Sss Hubballi Jn Karnataka,South Western Railway,Karnataka,"69/71, Arun Colony, Venkteshwar Nagar, Hubballi, Karnataka 580030, India",75.1008266,15.3431126
0,JRKN,JORKIAN,JORKIAN Rajasthan,North Western Railway,Rajasthan,"Jodkiyan, Rajasthan 335512, India",74.2810193,29.6561386
0,KLYT,Kolayat,Kolayat Rajasthan,North Western Railway,Rajasthan,"Kolayat, Rajasthan 334302, India",72.9555333,27.8372349
0,NGT,Nagappattinam,Nagappattinam Tamil Nadu,Southern Railway,Tamil Nadu,"Nagapattinam, Tamil Nadu, India",79.8448512,10.7672313
0,KIW,KANWALPURA,KANWALPURA Rajasthan,West Central Railway,Rajasthan,"Kanwalpura, NH 12, Amjhar, Kamalpura, Rajasthan 326517, India",75.982977,24.780187
0,RAL,Repalle,Repalle Andhra Pradesh,South Central Railway,Andhra Pradesh,"Repalle, Andhra Pradesh 522265, India",80.8304222,16.0179233
0,NLD,Nalanda,Nalanda Bihar,East Central Railway,Bihar,"Nalanda, Bihar, India",85.4788065,25.2621826
0,DLPT,Dulakhapatna Ph,Dulakhapatna Ph Odisha,East Coast Railway,Odisha,"Dulakhapatana PH, Bandalo, Odisha 755025, India",86.2818811,21.0069791
0,NLKR,Nilokheri,Nilokheri Haryana,Northern Railway,Haryana,"Nilokheri, Haryana 132117, India",76.9317422,29.8398938
0,DMN,Dhamangaon,Dhamangaon Maharashtra,Central Railway,Maharashtra,"Dhamangaon, Maharashtra 444709, India",78.1407651,20.7860882
0,BABR,Balanagar,Balanagar Telangana,South Central Railway,Telangana,"Balanagar, Hyderabad, Telangana, India",78.4489935,17.4813993
0,BDCR,Bhadrachalam Rd,Bhadrachalam Rd Telangana,South Central Railway,Telangana,"Bhadrachalam Rd, Telangana, India",80.9806871,17.7309774
0,TLY,Thalassery,Thalassery Kerala,Southern Railway,Kerala,"Thalassery, Kerala, India",75.4890346,11.7491424
0,MB,Moradabad,Moradabad Uttar Pradesh,Northern Railway,Uttar Pradesh,"Moradabad, Uttar Pradesh, India",78.7733286,28.8386481
0,BMI,Bamnia,Bamnia Madhya Pradesh,Western Railway,Madhya Pradesh,"Bamnia, Madhya Pradesh, India",74.7615033,23.0959442
0,ANND,Anand Jn,Anand Jn Gujarat,Western Railway,Gujarat,"Anand, Gujarat, India",72.928871,22.5645175
0,PKQ,PATTIKKAD,PATTIKKAD Kerala,Southern Railway,Kerala,"Pattikkad, Kerala 680652, India",76.3351648,10.5496261
0,DMH,Dauram Madhpura,Dauram Madhpura Bihar,East Central Railway,Bihar,"Dauram Madhepura, Maheshkhunt - Madhepura - Purnia Rd, Madhepura, Bihar 852113, India",86.7828921,25.908635
0,VV,Valivade,Valivade Maharashtra,Central Railway,Maharashtra,"Valivade, Maharashtra 416119, India",74.3132878,16.7185172
0,KUA,Kulharia,Kulharia Bihar,East Central Railway,Bihar,"Kulhariya, Bihar, India",84.7707223,25.5726222
0,TNM,Tiruvannamalai,Tiruvannamalai Tamil Nadu,Southern Railway,Tamil Nadu,"Tiruvannamalai, Tamil Nadu, India",79.0746957,12.2252841
0,MBA,Mahoba Jn,Mahoba Jn Uttar Pradesh,North Central Railway,Uttar Pradesh,"Mahoba, Uttar Pradesh 210427, India",79.8858951,25.2945119
0,SLB,Salboni,Salboni West Bengal,South Eastern Railway,West Bengal,"Salboni, West Bengal, India",87.3190065,22.642257
0,CGI,CHANDRAGIRI,CHANDRAGIRI Andhra Pradesh,South Central Railway,Andhra Pradesh,"Chandragiri, Andhra Pradesh 517101, India",79.3159343,13.5880077
0,DGD,DANGIDHAR,DANGIDHAR Madhya Pradesh,West Central Railway,Madhya Pradesh,"Dangidhar, Chouka Damoh, Madhya Pradesh 470232, India",79.0182422,23.8690148
0,NNHT,Nonihat,Nonihat Jharkhand,Eastern Railway,Jharkhand,"Nonihat, Jharkhand, India",87.134808,24.4823725
0,SRNR,Sriramnagar,Sriramnagar Telangana,South Central Railway,Telangana,"Sriramnagar, Telangana 501504, India",78.2568697,17.2668739
0,BJM,BHAGAVATHIPURAM,BHAGAVATHIPURAM Tamil Nadu,Southern Railway,Tamil Nadu,"Bhagavathipuram, Tamil Nadu 627813, India",77.196836,9.01705
0,BRHI,Barhi,Barhi Jharkhand,East Central Railway,Jharkhand,"Barhi, Jharkhand 825405, India",85.414341,24.303789
0,KRBA,Korba,Korba Chhatisgarh,South East Central Railway,Chhatisgarh,"Korba, Chhattisgarh, India",82.7500595,22.3594501
0,GHAT,KRISHNARAJASGRA,KRISHNARAJASGRA Madhya Pradesh,West Central Railway,Madhya Pradesh,"Madhya Pradesh, India",78.6568942,22.9734229
0,MMDA,MUTHALAMADA,MUTHALAMADA Kerala,Southern Railway,Kerala,"Muthalamada, Kerala 678507, India",76.7987386,10.6357932
0,NNO,Nangloi,Nangloi Delhi,Northern Railway,Delhi,"Nangloi, Delhi, India",77.0675607,28.6820444
0,THN,TOLAHUNSE,TOLAHUNSE Karnataka,South Western Railway,Karnataka,"Tholahunase, Karnataka 577514, India",75.9622899,14.3967155
0,MAHE,Mahe,Mahe Puduchery,Southern Railway,Puduchery,"Mahé, Puducherry, India",75.5343014,11.7001957
0,GSA,GUAGACHHA,GUAGACHHA Assam,North Frontier Railway,Assam,"Guagacha, Assam, India",91.0274993,26.4953688
0,SXB,Sambre,Sambre Karnataka,South Western Railway,Karnataka,"Sambar, Karnataka 585315, India",77.349497,16.6128768
0,PTHD,PATOHAN,PATOHAN Madhya Pradesh,West Central Railway,Madhya Pradesh,"Patohan, Kachhar Kheda, Madhya Pradesh 483990, India",80.1995528,23.9140131
0,NBH,Nimbahera,Nimbahera Rajasthan,Western Railway,Rajasthan,"Nimbahera, Rajasthan 312601, India",74.6892525,24.6239992
0,CRG,Perambur Crg Wk,Perambur Crg Wk Uttar Pradesh,West Central Railway,Uttar Pradesh,"Beerampur, Uttar Pradesh 206245, India",78.9415524,26.8573897
0,DLB,Daulatabad,Daulatabad Maharashtra,South Central Railway,Maharashtra,"Daulatabad, Maharashtra, India",75.221652,19.946133
0,SBH,SULEBHAVI,SULEBHAVI Karnataka,South Western Railway,Karnataka,"Sulebhavi, Karnataka 591103, India",74.6561453,15.8946321
0,AMG,Alamnagar,Alamnagar Uttar Pradesh,Northern Railway,Uttar Pradesh,"Alamnagar, Uttar Pradesh 245208, India",78.1493171,28.6731001
0,BQY,BELERHAT,BELERHAT West Bengal,Eastern Railway,West Bengal,"Belerhat, West Bengal, India",88.2290783,23.5122405
0,FTS,Fatehpur Sikri,Fatehpur Sikri Uttar Pradesh,North Eastern Railway,Uttar Pradesh,"Fatehpur Sikri, Uttar Pradesh 283110, India",77.6679292,27.0945291
0,PRI,Pathri,Pathri Uttarakhand,Northern Railway,Uttarakhand,"Pathri, Uttarakhand 263135, India",79.5814145,29.5076366
0,UGNA,Ugna Halt,Ugna Halt Bihar,East Central Railway,Bihar,"Ugna Halt, Madhubani - Pandaul - Sakri Rd, Bhawanipur, Bihar 847239, India",86.0951768,26.2384129
0,MAS,Chennai Central Suburban,Chennai Central Suburban Tamil Nadu,Southern Railway,Tamil Nadu,"Chennai Central Suburban, Periamet, Kannappar Thidal, Poongavanapuram, Chennai, Tamil Nadu 600003, India",80.274239,13.083602
0,JMS,Jamsar,Jamsar Rajasthan,North Western Railway,Rajasthan,"Jamsar, Rajasthan, India",73.398867,28.2567266
0,AMPR,Amarpura,Amarpura Rajasthan,North Western Railway,Rajasthan,"Amarpura, Rajasthan 331023, India",75.2238018,28.5637642
0,MANE,MANESWAR,MANESWAR Odisha,East Coast Railway,Odisha,"Maneswar, Odisha 768005, India",84.0312817,21.4213491
0,HJI,Hojai,Hojai Assam,North Frontier Railway,Assam,"Hojai, Assam 782435, India",92.847737,26.0016601
0,DAM,Dam Dim,Dam Dim Uttar Pradesh,Northern Railway,Uttar Pradesh,"Uttar Pradesh, India",80.0981869,27.5705886
0,PDV,pandaravadai,pandaravadai Tamil Nadu,Southern Railway,Tamil Nadu,"Pandaravadai, Tamil Nadu, India",79.2408858,10.9160265
0,MCA,Mecheda,Mecheda West Bengal,South Eastern Railway,West Bengal,"Mecheda, West Bengal 721134, India",87.8631425,22.410162
0,SC,Secunderabad Jn,Secunderabad Jn Telangana,South Central Railway,Telangana,"GGQF+6QM, Unnamed Road, Silver House Golf Course, Kowkoor, Secunderabad, Telangana 500014, India",78.5244078,17.5380804
0,BMF,Basmat,Basmat Maharashtra,South Central Railway,Maharashtra,"Basmat, Maharashtra 431512, India",77.1589479,19.3301963
0,MBNL,Marwar Bhinmal,Marwar Bhinmal Rajasthan,North Western Railway,Rajasthan,"Marwar Bhinmal, Kaleti, Bhinmal, Rajasthan 343029, India",72.2763028,25.0010634
0,KZA,Khada,Khada Uttar Pradesh,North Eastern Railway,Uttar Pradesh,"Khadda, Uttar Pradesh, India",83.8751325,27.1796643
0,SMO,Semapur,Semapur Bihar,East Central Railway,Bihar,"Semapur, Bihar 854106, India",87.4690648,25.5241538
0,GLY,Gollapally,Gollapally Telangana,South Central Railway,Telangana,"Gollapalli, Telangana 505532, India",79.057857,18.7904839
0,MUE,Mudkhed,Mudkhed Maharashtra,South Central Railway,Maharashtra,"Mudkhed, Maharashtra 431806, India",77.4988753,19.144722
0,DKC,DEVARKADRE,DEVARKADRE Telangana,South Central Railway,Telangana,"Devarkadra, Telangana 509204, India",77.8409912,16.6229565
0,VDM,VADAMADURA,VADAMADURA Tamil Nadu,Southern Railway,Tamil Nadu,"Vadamadurai, Tamil Nadu 601102, India",80.0430137,13.2864308
0,KXJ,Karimganj Jn,Karimganj Jn Assam,North Frontier Railway,Assam,"Karimganj, Assam 788710, India",92.3591531,24.8649128
0,BORA,BAGHDOGRA,BAGHDOGRA West Bengal,North Frontier Railway,West Bengal,"Bagdogra, West Bengal, India",88.3116995,26.6986114
0,KVZ,Kavali,Kavali Andhra Pradesh,South Central Railway,Andhra Pradesh,"Kavali, Andhra Pradesh, India",79.9929798,14.9131806
0,BERO,BERO,BERO West Bengal,South Eastern Railway,West Bengal,"West Bengal, India",87.8549755,22.9867569
0,SDRA,Sudhrana,Sudhrana Haryana,North Western Railway,Haryana,"Sudhrana, Haryana, India",76.4284692,28.4537886
0,MW,Mairwa,Mairwa Bihar,North Eastern Railway,Bihar,"Mairwa, Bihar 841239, India",84.1461519,26.238432
0,BZY,Basai,Basai Madhya Pradesh,North Central Railway,Madhya Pradesh,"Basai, Madhya Pradesh 473995, India",78.4055514,25.147738
0,BRBS,BIRBANS,BIRBANS Jharkhand,South Eastern Railway,Jharkhand,"Birbans, Jharkhand, India",86.0402129,22.8003177
0,PALM,Palaiyam,Palaiyam Tamil Nadu,Southern Railway,Tamil Nadu,"Palaiyam, Tamil Nadu 606903, India",79.2366566,12.6695054
0,KRCD,KHARWA,KHARWA Rajasthan,North Western Railway,Rajasthan,"Kharwa, Rajasthan 305202, India",74.4379073,26.1957033
0,PDKT,PUDUKKOTTAI,PUDUKKOTTAI Tamil Nadu,Southern Railway,Tamil Nadu,"Pudukkottai, Tamil Nadu 622003, India",78.800129,10.3832867
0,JN,Sabarmati JN,Sabarmati JN Gujarat,Western Railway,Gujarat,"Sabarmati Jn Railway Station, Ram Nagar, Sabarmati, Ranip, Ahmedabad, Gujarat 380005, India",72.5871134,23.0712078
0,BAL,Budalur,Budalur Tamil Nadu,Southern Railway,Tamil Nadu,"Budalur, Tamil Nadu 613602, India",78.9768999,10.79679
0,JCU,JAICHOLI,JAICHOLI Rajasthan,West Central Railway,Rajasthan,"Jaicholi, Rajasthan 321303, India",77.4085149,27.1305826
0,HMBD,Humnabad,Humnabad Karnataka,South Central Railway,Karnataka,"Humnabad, Karnataka, India",77.1312586,17.7682755
0,BCH,Berchha,Berchha Madhya Pradesh,Western Railway,Madhya Pradesh,"Berchha, Madhya Pradesh 452020, India",76.0217831,22.5573256
0,GKD,Gadhakda,Gadhakda Gujarat,Western Railway,Gujarat,"Gadhakada, Gujarat 364522, India",71.4017346,21.258429
0,KALS,Kalasa H,Kalasa H Karnataka,South Western Railway,Karnataka,"Kalasa, Karnataka 577124, India",75.3557927,13.2343586
0,PH,TIKIRAPAL HALT,TIKIRAPAL HALT Himachal Pradesh,Northern Railway,Himachal Pradesh,"Himachal Pradesh, India",77.5619419,32.1024076
0,KDQ,Kadipur,Kadipur Uttar Pradesh,North Eastern Railway,Uttar Pradesh,"Kadipur, Uttar Pradesh 228145, India",82.3695988,26.1669759
0,PWR,Bhilai Pwr Hs,Bhilai Pwr Hs Gujarat,Western Railway,Gujarat,"Gujarat, India",71.5723953,22.6708317
0,SRPN,SRIPANI,SRIPANI Assam,North Frontier Railway,Assam,"Siripani Ahom Gaon, Assam 787110, India",94.6359953,27.5649208
0,KXL,Kamarbandha Ali,Kamarbandha Ali Assam,North Frontier Railway,Assam,"Assam, India",92.9375739,26.2006043
0,JOR,Jalor,Jalor Rajasthan,North Western Railway,Rajasthan,"Jalore, Rajasthan, India",72.6226296,25.3474783
0,HYT,Haiaghat,Haiaghat Bihar,East Central Railway,Bihar,"Haiaghat, Bihar 846002, India",85.8973367,26.0777516
0,LKW,LAKHEWALI,LAKHEWALI Punjab,Northern Railway,Punjab,"Lakhewali, Punjab 152026, India",74.3484833,30.4441945
0,RHE,Rakha Mines,Rakha Mines Jharkhand,South Eastern Railway,Jharkhand,"Jharkhand, India",85.2722472,23.6913486
0,NIRA,Nira,Nira Maharashtra,Central Railway,Maharashtra,"Nira, Maharashtra 412102, India",74.2119388,18.1021612
0,MDW,Marwar Chapri,Marwar Chapri Rajasthan,North Western Railway,Rajasthan,"Marwar, Pali, Rajasthan 306401, India",73.3310429,25.806656
0,RJP,Razampeta,Razampeta Andhra Pradesh,South Central Railway,Andhra Pradesh,"Rajampet, Andhra Pradesh, India",79.1554591,14.1969204
0,CPT,Channapatna,Channapatna Karnataka,South Western Railway,Karnataka,"Channapatna, Karnataka 562160, India",77.2085794,12.6518078
0,TPTN,Tiruchrpali Twn,Tiruchrpali Twn Tamil Nadu,Southern Railway,Tamil Nadu,"Tiruchirappalli, Tamil Nadu, India",78.7046725,10.7904833
0,NDPU,NUDURUPADU,NUDURUPADU Andhra Pradesh,South Central Railway,Andhra Pradesh,"Nudurupadu, Andhra Pradesh, India",80.208888,16.2798113
0,RRP,Rairangpur,Rairangpur Odisha,South Eastern Railway,Odisha,"Rairangpur, Odisha, India",86.1700894,22.2709322
0,MDR,Madhira,Madhira Telangana,South Central Railway,Telangana,"Madhira, Telangana 507203, India",80.3633292,16.9181985
0,SPX,Sapatgram,Sapatgram Assam,North Frontier Railway,Assam,"Sapatgram, Assam, India",90.1202541,26.3263697
0,MLP,MALLAPUR,MALLAPUR Karnataka,South Western Railway,Karnataka,"Mallapur, Karnataka 581400, India",74.3028716,14.8935615
0,PLG,Palghar,Palghar Maharashtra,Western Railway,Maharashtra,"Palghar, Maharashtra 401404, India",72.769885,19.6967136
0,BWL,Bawal,Bawal Haryana,North Western Railway,Haryana,"Bawal, Haryana 123501, India",76.6025423,28.1094308
0,AKE,Akanapet,Akanapet Telangana,South Central Railway,Telangana,"Akkannapet, Telangana 502115, India",78.3991533,18.1130973
0,NRG,Nergundi,Nergundi Odisha,East Coast Railway,Odisha,"Nirgundi, Odisha 754025, India",85.9649386,20.5507389
0,NPT,NARASINGAMPET,NARASINGAMPET Tamil Nadu,Southern Railway,Tamil Nadu,"Mudali Theru, Narasingampettai, Tamil Nadu 609802, India",79.5060717,11.0307867
0,SGDP,Sagadapata,Sagadapata Odisha,East Coast Railway,Odisha,"Sagadapata, Odisha, India",85.9253439,21.2652542
0,TN,Parvatipuram Tn,Parvatipuram Tn Tamil Nadu,Southern Railway,Tamil Nadu,"Parvathipuram, Nagercoil, Alur, Tamil Nadu 629003, India",77.399154,8.1917601
0,UNL,Unhel,Unhel Madhya Pradesh,Western Railway,Madhya Pradesh,"Unhel, Madhya Pradesh, India",75.5582376,23.3380745
0,MALB,Maliya Miyana,Maliya Miyana Gujarat,Western Railway,Gujarat,"Malia, Gujarat 363670, India",70.7593481,23.0923852
0,DQN,Dhanera,Dhanera Gujarat,North Western Railway,Gujarat,"Dhanera, Gujarat 385310, India",72.0258406,24.5063838
0,MKB,Mankatha,Mankatha Bihar,East Central Railway,Bihar,"Mankatha, Bihar, India",86.056784,25.206203
0,KSTA,Kastha,Kastha Bihar,East Central Railway,Bihar,"Kastha, Bihar, India",84.9271177,24.8095647
0,SUU,Sulur Road,Sulur Road Tamil Nadu,Southern Railway,Tamil Nadu,"Sulur Road, MuthugoundanPudur, Tamil Nadu 641062, India",77.1172,11.0495
0,PPNS,PAPPINISSERI,PAPPINISSERI Kerala,Southern Railway,Kerala,"Pappinisseri, Kerala, India",75.3499629,11.9428357
0,DLO,Dalgaon,Dalgaon West Bengal,North Frontier Railway,West Bengal,"Dalgaon, West Bengal 734319, India",88.8581009,27.0358151
0,SHG,Shahganj Jn,Shahganj Jn Uttar Pradesh,Northern Railway,Uttar Pradesh,"Shahganj Junction, Harlalka Rd, Shahganj, Suirish, Uttar Pradesh 223101, India",82.6799077,26.0611528
0,KNGR,KASHINAGAR,KASHINAGAR Odisha,East Coast Railway,Odisha,"Kashinagar, Odisha 761206, India",83.8807729,18.8577644
0,DNRA,Dhandhera,Dhandhera Uttarakhand,Northern Railway,Uttarakhand,"Dhandera, Roorkee, Uttarakhand 247667, India",77.8981754,29.8351413
0,MRHA,Telia Halt,Telia Halt Bihar,Eastern Railway,Bihar,"Teliya, Bihar, India",86.9749222,24.8944674
0,MKC,Parhana Mau,Parhana Mau Madhya Pradesh,Western Railway,Madhya Pradesh,"Mau, Madhya Pradesh 477222, India",78.6710756,26.2613205
0,MQX,Meralgram,Meralgram Jharkhand,East Central Railway,Jharkhand,"Meralgram, Meral, Jharkhand 822133, India",83.7099,24.19734
0,DUJ,Dubrajpur,Dubrajpur West Bengal,Eastern Railway,West Bengal,"Dubrajpur, West Bengal 731123, India",87.3746285,23.7940598
0,RRW,RORANWALA,RORANWALA Punjab,Northern Railway,Punjab,"Roranwala, Punjab, India",74.2565627,30.4452915
0,KHI,KURHANI,KURHANI Bihar,East Central Railway,Bihar,"Kurhani, Bihar 844120, India",85.3345108,25.983239
0,VJR,Vijayanagar,Vijayanagar Maharashtra,South Western Railway,Maharashtra,"Vijaynagar, Maharashtra 423102, India",74.2017906,20.4633986
0,JRU,Chikjajur Jn,Chikjajur Jn Karnataka,South Western Railway,Karnataka,"Chikkajajur, Karnataka 577523, India",76.1377935,14.1302173
0,DHN,Dhanbad Jn,Dhanbad Jn Jharkhand,East Central Railway,Jharkhand,"Dhanbad, Jharkhand, India",86.4303859,23.7956531
0,PPN,Punpun,Punpun Bihar,East Central Railway,Bihar,"Punpun, Patna, Bihar 804453, India",85.118167,25.5504086
0,LMA,Lambiya,Lambiya Rajasthan,North Western Railway,Rajasthan,"Lambiya, Rajasthan 306301, India",74.0626582,26.3955276
0,KRSL,KRISHNASHILLA,KRISHNASHILLA Uttar Pradesh,East Central Railway,Uttar Pradesh,"Krishnashilla, Basi, Uttar Pradesh 231224, India",82.76681,24.15875
0,JEN,JENAPUR ROAD,JENAPUR ROAD Odisha,East Coast Railway,Odisha,"Jenapur Rd, Odisha 752030, India",85.3698268,19.6395084
0,BUA,Baradwar,Baradwar Chhatisgarh,South East Central Railway,Chhatisgarh,"Baradwar, Chhattisgarh 495687, India",82.8123072,22.0052302
0,GWH,GHOSHAWAR,GHOSHAWAR Bihar,East Central Railway,Bihar,"Bihar, India",85.2722472,25.9644427
0,MLK,MALKAPURAM,MALKAPURAM Andhra Pradesh,South Central Railway,Andhra Pradesh,"Malkapuram, Visakhapatnam, Andhra Pradesh 530011, India",83.2432403,17.6854667
0,BGTA,Bagra Tawa,Bagra Tawa Madhya Pradesh,West Central Railway,Madhya Pradesh,"Tawa River, Madhya Pradesh",78.13300999,22.45574926
0,SHF,Shirud,Shirud Maharashtra,Central Railway,Maharashtra,"Shirud, Maharashtra 424308, India",74.8916458,20.7335742
0,VRE,Varediya,Varediya Gujarat,Western Railway,Gujarat,"Varedia, Gujarat, India",73.0561225,21.8670308
0,RPO,Rawatpur,Rawatpur Uttar Pradesh,North Eastern Railway,Uttar Pradesh,"Rawat Pur, Kanpur, Uttar Pradesh, India",80.3004177,26.4852106
0,SKN,Srikrishn Nagar,Srikrishn Nagar Uttar Pradesh,Northern Railway,Uttar Pradesh,"Uttar Pradesh, India",80.0981869,27.5705886
0,CAO,CHAURADANO,CHAURADANO Bihar,East Central Railway,Bihar,"Chauradano, Bihar 845302, India",85.0103518,26.8474463
0,BG,BHIMASAR BG,BHIMASAR BG Telangana,South Central Railway,Telangana,"Telangana, India",79.0192997,18.1124372
0,CHAR,CHARMAL,CHARMAL Odisha,East Coast Railway,Odisha,"Charmal, Odisha, India",84.201528,21.1080683
0,MVJ,Mavli Jn,Mavli Jn Rajasthan,North Western Railway,Rajasthan,"Mavli Junction, Mavli, Rajasthan 313203, India",73.9732598,24.7944268
0,SMT,Salamatpur,Salamatpur Madhya Pradesh,West Central Railway,Madhya Pradesh,"Salamatpur, Madhya Pradesh 464651, India",77.6736554,23.4588013
0,PAB,Pattabiram,Pattabiram Tamil Nadu,Southern Railway,Tamil Nadu,"Pattabiram, Tamil Nadu, India",80.0593473,13.123097
0,BIPR,Bheempura,Bheempura Rajasthan,North Western Railway,Rajasthan,"Bheempura, Rajasthan 326520, India",75.8679195,24.6714187
0,RIG,Raigarh,Raigarh Chhatisgarh,South East Central Railway,Chhatisgarh,"Raigarh, Chhattisgarh 496001, India",83.3949632,21.8974003
0,DPJ,Dharmapuri,Dharmapuri Tamil Nadu,South Western Railway,Tamil Nadu,"Dharmapuri, Tamil Nadu, India",78.1582143,12.1210997
0,SA,Salem Jn,Salem Jn Tamil Nadu,Southern Railway,Tamil Nadu,"Salem, Tamil Nadu, India",78.1460142,11.664325
0,KLL,Kalol,Kalol Gujarat,Western Railway,Gujarat,"Kalol, Gujarat, India",72.4929716,23.2418194
0,KPE,KAUWAPUR,KAUWAPUR Uttar Pradesh,North Eastern Railway,Uttar Pradesh,"Kauwapur, Uttar Pradesh 221104, India",83.0938438,25.4546657
0,RD,Baikunthpur Rd,Baikunthpur Rd Bihar,East Central Railway,Bihar,"Baikunthpur Rd, Bihar, India",86.7504877,25.2170602
0,NMH,Nadauj,Nadauj Madhya Pradesh,Western Railway,Madhya Pradesh,"Madhya Pradesh, India",78.6568942,22.9734229
0,RD,Chandrakona Rd,Chandrakona Rd Bihar,East Central Railway,Bihar,"Bihar, India",85.2722472,25.9644427
0,MHPR,MAHIYARPUR,MAHIYARPUR Bihar,North Frontier Railway,Bihar,"Mahiarpur, Bihar 824209, India",84.8496256,24.8638839
0,CPR,Chhapra,Chhapra Bihar,North Eastern Railway,Bihar,"Chapra, Bihar, India",84.7543413,25.7811397
0,CTL,Chital,Chital Gujarat,Western Railway,Gujarat,"Chital, Gujarat, India",71.2072321,21.7418343
0,PTB,Pattambi,Pattambi Kerala,Southern Railway,Kerala,"Pattambi, Kerala 679303, India",76.1956647,10.8057301
0,BLSD,Balsamand,Balsamand Haryana,North Western Railway,Haryana,"Balsamand, Haryana 125001, India",75.4898156,29.0715883
0,CAN,Cannanore South,Cannanore South Kerala,Southern Railway,Kerala,"Kannur, Kerala, India",75.3703662,11.8744775
0,RD,Lakshannath Rd,Lakshannath Rd Bihar,East Central Railway,Bihar,"Bihar, India",85.2722472,25.9644427
0,SMDT,SEMMANDAPPATTI,SEMMANDAPPATTI Tamil Nadu,South Western Railway,Tamil Nadu,"Q2QG+WF6, Semmandapatti, Tamil Nadu 636309, India",78.0261373,11.7897801
0,NIV,Nivasar,Nivasar Maharashtra,Konkan Railway,Maharashtra,"Nivasar, Maharashtra 415803, India",73.4681081,16.9556017
0,KHRJ,Kumbhraj,Kumbhraj Madhya Pradesh,West Central Railway,Madhya Pradesh,"Kumbhraj, Madhya Pradesh 473222, India",77.0550072,24.3732693
0,MEH,MELALATHUR,MELALATHUR Tamil Nadu,Southern Railway,Tamil Nadu,"Melalathur, Tamil Nadu 635806, India",78.8776618,12.9123672
0,KHED,Khed,Khed Maharashtra,Konkan Railway,Maharashtra,"Khed, Maharashtra, India",73.3987688,17.7197035
0,JUJA,Jujumura,Jujumura Odisha,East Coast Railway,Odisha,"Jujumura, Odisha 768105, India",84.0854432,21.3059751
0,WLGN,Walgaon,Walgaon Maharashtra,Central Railway,Maharashtra,"Walgaon, Maharashtra, India",77.7065754,21.0072793
0,BTC,Balaghat Jn,Balaghat Jn Madhya Pradesh,South East Central Railway,Madhya Pradesh,"Balaghat, Madhya Pradesh, India",80.1838293,21.812876
0,NGR,Annigeri,Annigeri Karnataka,South Western Railway,Karnataka,"Annigeri, Karnataka 582201, India",75.4315594,15.4272524
0,SER,SAMAYANALLUR,SAMAYANALLUR Tamil Nadu,Southern Railway,Tamil Nadu,"Samayanallur, Tamil Nadu 625402, India",78.033936,9.9791438
0,KDPR,Kumedpur,Kumedpur West Bengal,North Frontier Railway,West Bengal,"Kumedpur, West Bengal 733128, India",88.1181559,25.4657966
0,GMR,Gahmar,Gahmar Uttar Pradesh,East Central Railway,Uttar Pradesh,"Gahmar, Uttar Pradesh 232327, India",83.8101286,25.4983696
0,WKR,Wankaner Jn,Wankaner Jn Gujarat,Western Railway,Gujarat,"Wankaner Junction, Dhamalpar, Wankaner, Gujarat 363621, India",70.9629829,22.6224864
0,GGR,Gangrar,Gangrar Rajasthan,North Western Railway,Rajasthan,"Gangarar, Rajasthan 312901, India",74.6239764,25.0610679
0,SMD,CHARANMAHADEVI,CHARANMAHADEVI Tamil Nadu,Southern Railway,Tamil Nadu,"Cheranmahadevi, Tamil Nadu, India",77.5658381,8.6747285
0,MFA,MUKURIA,MUKURIA Bihar,North Frontier Railway,Bihar,"Mukuria, Bihar 855113, India",87.8868846,25.6269101
0,UM,UMARDASHI,UMARDASHI Gujarat,Western Railway,Gujarat,"Umardashi, Sedrasana, Gujarat 385001, India",72.4204294,24.0999388
0,SRVN,SRAVANUR,SRAVANUR Karnataka,South Western Railway,Karnataka,"Sravanur, Karnataka 573211, India",76.3283807,12.74144
0,LDK,LADHUKA,LADHUKA Punjab,Northern Railway,Punjab,"Ladhuka, Punjab 152123, India",74.103441,30.5023197
0,KTA,KUSHTALA,KUSHTALA Rajasthan,West Central Railway,Rajasthan,"Kushtala, Rajasthan 322001, India",76.2928028,25.9698055
0,PKW,Pilkhua,Pilkhua Uttar Pradesh,Northern Railway,Uttar Pradesh,"Pilkhuwa, Uttar Pradesh 245304, India",77.656542,28.7082793
0,SFC,Saintala,Saintala Odisha,East Coast Railway,Odisha,"Saintala, Odisha 767032, India",83.344206,20.4391269
0,PERN,Pernem,Pernem Goa,Konkan Railway,Goa,"Pernem, Goa, India",73.7974178,15.7176232
0,KKTI,KUTTAKUDI,KUTTAKUDI Tamil Nadu,Southern Railway,Tamil Nadu,"Kuttakudi, Koothakudi, Tamil Nadu 606305, India",79.1543206,11.5918397
0,VVN,VIKRAVANDI,VIKRAVANDI Tamil Nadu,Southern Railway,Tamil Nadu,"Vikravandi, Tamil Nadu 605652, India",79.5461681,12.0375484
0,VMP,VALLAMPADUGAI,VALLAMPADUGAI Tamil Nadu,Southern Railway,Tamil Nadu,"Vallampadugai, Tamil Nadu 608401, India",79.7091368,11.3470567
0,RMNP,Ramannapeta,Ramannapeta Telangana,South Central Railway,Telangana,"Ramannapeta, Telangana 508113, India",79.0939227,17.2858508
0,LAR,Lalitpur Jn,Lalitpur Jn Uttar Pradesh,North Central Railway,Uttar Pradesh,"Lalitpur, Uttar Pradesh 284403, India",78.4138183,24.6911707
0,BIM,Bilimora Jn,Bilimora Jn Gujarat,Western Railway,Gujarat,"Bilimora, Gujarat, India",72.9823779,20.7702311
0,JN,Baraigram Jn,Baraigram Jn Gujarat,Western Railway,Gujarat,"Gujarat, India",71.5723953,22.6708317
0,NMT,Namtiali,Namtiali Assam,North Frontier Railway,Assam,"Assam, India",92.9375739,26.2006043
0,PGT,Palakkad Jn,Palakkad Jn Kerala,Southern Railway,Kerala,"Palakkad, Kerala, India",76.6547932,10.7867303
0,NGN,Nandgaon,Nandgaon Maharashtra,Central Railway,Maharashtra,"Nandgaon, Maharashtra 423106, India",74.65459,20.3068589
0,MKS,Muktsar,Muktsar Punjab,Northern Railway,Punjab,"Sri Muktsar Sahib, Punjab 152026, India",74.5121599,30.4761773
0,NZM,H Nizamuddin,H Nizamuddin Delhi,Northern Railway,Delhi,"Hazrat Nizamuddin Delhi, Nizamuddin, Nizamuddin East, New Delhi, Delhi 110013, India",77.2534096,28.5888951
0,CNI,Chandil Jn,Chandil Jn Jharkhand,South Eastern Railway,Jharkhand,"Chandil, Jharkhand 832401, India",86.0551295,22.9558743
0,BDM,Badami,Badami Karnataka,South Western Railway,Karnataka,"Badami, Karnataka 587201, India",75.676082,15.918622
0,KLHD,KOLHADI,KOLHADI Maharashtra,Central Railway,Maharashtra,"Kolhadi, Maharashtra 425310, India",76.0551461,20.9079457
0,PFL,Piprala,Piprala Gujarat,Western Railway,Gujarat,"Piparala, Gujarat, India",71.0854325,23.6541043
0,KKZ,KOTTARAKARA,KOTTARAKARA Kerala,Southern Railway,Kerala,"Kottarakkara, Kerala, India",76.7831498,9.0055565
0,OTD,Ootwad,Ootwad Rajasthan,North Central Railway,Rajasthan,"Rajasthan, India",74.2179326,27.0238036
0,BKN,Bikaner Jn,Bikaner Jn Rajasthan,North Western Railway,Rajasthan,"Bikaner, Rajasthan, India",73.3119159,28.0229348
0,ANVT,Anand Vihar Trm,Anand Vihar Trm Delhi,Northern Railway,Delhi,"Anand Vihar Terminal, Footover Bridge, Plot Alpha, Isbt Anand Vihar, Anand Vihar, Delhi, 110092, India",77.3153465,28.6488339
0,GUNA,Guna,Guna Madhya Pradesh,West Central Railway,Madhya Pradesh,"Guna, Madhya Pradesh, India",77.3001762,24.6323648
0,VDA,Vasad Jn,Vasad Jn Gujarat,Western Railway,Gujarat,"Vasad Junction, behind Railway Station Vasad, Gujarat 388306, Vaherakhadi, Vasad, Gujarat 388306, India",73.060532,22.45275
0,BVO,BOGOLU,BOGOLU Andhra Pradesh,South Central Railway,Andhra Pradesh,"Lingapuram, Andhra Pradesh 523336, India",79.0313096,15.580705
0,NRI,Naraina,Naraina Rajasthan,North Western Railway,Rajasthan,"Naraina, Rajasthan 303348, India",75.2041353,26.7881935
0,BJR,Barrajpur,Barrajpur Uttar Pradesh,North Eastern Railway,Uttar Pradesh,"Barrajpur, Uttar Pradesh 209205, India",80.15,26.683333
0,MALB,Miyana,Miyana Gujarat,Western Railway,Gujarat,"Gujarat, India",71.5723953,22.6708317
0,VTJ,Vartej,Vartej Gujarat,Western Railway,Gujarat,"Vartej, Gujarat, India",72.0631118,21.7405737
0,DLDE,DALDALI,DALDALI Assam,North Frontier Railway,Assam,"Daldali, Assam 783334, India",89.9042943,26.2688177
0,GADH,GOALDIH,GOALDIH Odisha,East Coast Railway,Odisha,"Goaldih, Nuagaon, Odisha 758013, India",85.5468233,21.7266181
0,SQQ,SALAGAON,SALAGAON Odisha,East Coast Railway,Odisha,"Salagaon, Odisha 754022, India",85.957916,20.5736252
0,RJY,Rajahmundry,Rajahmundry Andhra Pradesh,South Central Railway,Andhra Pradesh,"Rajamahendravaram, Andhra Pradesh, India",81.8040345,17.0005383
0,YLM,Ellamanchili,Ellamanchili Andhra Pradesh,South Central Railway,Andhra Pradesh,"Elamanchili, Andhra Pradesh 531055, India",82.857308,17.5472347
0,KZQ,KHIMEL,KHIMEL Rajasthan,North Western Railway,Rajasthan,"Khimel, Rajasthan, India",73.2750618,25.3119032
0,KRMG,KUMARAMANGALAM,KUMARAMANGALAM Tamil Nadu,Southern Railway,Tamil Nadu,"Kumaramangalam, Tamil Nadu 637205, India",77.9309594,11.3671516
0,SDV,SOMIDEVIPALLE,SOMIDEVIPALLE Andhra Pradesh,South Central Railway,Andhra Pradesh,"Somidevipalle, Andhra Pradesh 523368, India",79.0380203,15.4571697
0,SINA,Srinagar,Srinagar ,Northern Railway,,Srinagar,74.7972825,34.0836708
0,KRAR,Khariar Road,Khariar Road Odisha,East Coast Railway,Odisha,"Khariar Road, Odisha 766104, India",82.5104655,20.8968392
0,AUB,Aluabari Road,Aluabari Road West Bengal,North Frontier Railway,West Bengal,"Aluabari Road Junction, Alinagar, Islampur, West Bengal 733202, India",88.1851989,26.2692858
0,CGS,Changsari,Changsari Assam,North Frontier Railway,Assam,"Changsari, Assam, India",91.6922121,26.253654
0,KOV,Kirloskarvadi,Kirloskarvadi Maharashtra,Central Railway,Maharashtra,"Kirloskarvadi, Maharashtra, India",74.421785,17.0854162
0,CNPA,Channarayapatna,Channarayapatna Karnataka,South Western Railway,Karnataka,"Channarayapatna, Karnataka, India",76.3897978,12.9035322
0,IHP,Inchhapuri,Inchhapuri Haryana,Northern Railway,Haryana,"Inchhapuri, Haryana, India",76.721687,28.3116436
0,NPV,NARPATGANJ,NARPATGANJ Bihar,East Central Railway,Bihar,"Narpatganj, Bihar, India",87.1048702,26.3342129
0,KP,Kamptee,Kamptee Maharashtra,South East Central Railway,Maharashtra,"Kamptee, Maharashtra, India",79.1893608,21.2242712
0,KFD,KARANJADI,KARANJADI Maharashtra,Konkan Railway,Maharashtra,"Karanjadi, Maharashtra 402301, India",73.409181,17.9990416
0,ADI,Ahmedabad Jn,Ahmedabad Jn Gujarat,Western Railway,Gujarat,"Ahmedabad, Gujarat, India",72.5713621,23.022505
0,GALE,GANKAR,GANKAR West Bengal,Eastern Railway,West Bengal,"Gankar, West Bengal 742227, India",88.0858016,24.4119778
0,ADF,Adina,Adina West Bengal,North Frontier Railway,West Bengal,"Adina, West Bengal 732128, India",88.1523157,25.1374349
0,MTHP,Mithapur,Mithapur Gujarat,Western Railway,Gujarat,"Mithapur, Gujarat, India",69.0312124,22.4058584
0,USLP,Usilampatti,Usilampatti Tamil Nadu,Southern Railway,Tamil Nadu,"Usilampatti, Tamil Nadu 625532, India",77.788508,9.9649231
0,NRL,Neral,Neral Maharashtra,Central Railway,Maharashtra,"Neral, Maharashtra 410101, India",73.3175272,19.0229668
0,GAGA,GALGALIA,GALGALIA Bihar,North Frontier Railway,Bihar,"Galgalia, Bihar 855106, India",88.1157149,26.5264815
0,MRG,Margherita,Margherita Assam,North Frontier Railway,Assam,"Margherita, Assam, India",95.6701594,27.2863984
0,OGL,Ongole,Ongole Andhra Pradesh,South Central Railway,Andhra Pradesh,"Ongole, Andhra Pradesh, India",80.049922,15.5057232
0,NR,Lucknow Nr,Lucknow Nr Maharashtra,Central Railway,Maharashtra,"Lucknow, Uttar Pradesh, India",80.946166,26.8466937
0,SSB,Shakurbasti,Shakurbasti Delhi,Northern Railway,Delhi,"Shakur Basti, Delhi, India",77.1280485,28.6816245
0,BGU,Bairagnia,Bairagnia Bihar,East Central Railway,Bihar,"Bairgania, Bihar, India",85.2774207,26.7360933
0,PND,Pendra Road,Pendra Road Chhatisgarh,South East Central Railway,Chhatisgarh,"Gaurella, Chhattisgarh, India",81.8879884,22.8656616
0,BNVD,Bhanvad,Bhanvad Gujarat,Western Railway,Gujarat,"Bhanvad, Gujarat 360510, India",69.7837951,21.9290403
0,NDD,Nidadavolu Jn,Nidadavolu Jn Andhra Pradesh,South Central Railway,Andhra Pradesh,"Nidadavole, Andhra Pradesh 534301, India",81.6634478,16.8970864
0,IDT,Sidlagatta,Sidlagatta Karnataka,South Western Railway,Karnataka,"Sidlaghatta, Karnataka 562105, India",77.8653126,13.3936652
0,RGP,Raghunathpalli,Raghunathpalli Telangana,South Central Railway,Telangana,"Raghunathpalli, Telangana, India",79.2576927,17.762439
0,BUB,Bissau,Bissau Rajasthan,North Western Railway,Rajasthan,"Bissau, Rajasthan 331027, India",75.0755284,28.2467886
0,TAN,Tarana Road,Tarana Road Madhya Pradesh,Western Railway,Madhya Pradesh,"Tarana Rd, Madhya Pradesh 456665, India",76.0567064,23.2847814
0,KLP,Kotalpukur,Kotalpukur Jharkhand,Eastern Railway,Jharkhand,"Kotalpukur, Jharkhand, India",87.8267292,24.7386905
0,MHQ,Jamuniatanr Halt,Jamuniatanr Halt Jharkhand,South Eastern Railway,Jharkhand,"Jharkhand, India",85.2722472,23.6913486
0,BDH,Chhit Makhanpur,Chhit Makhanpur West Bengal,Eastern Railway,West Bengal,"West Bengal, India",87.8549755,22.9867569
0,VSG,Vasco Da Gama,Vasco Da Gama Goa,South Western Railway,Goa,"Vasco Da Gama, Goa, India",73.8165873,15.3889103
0,LBN,Laban,Laban Rajasthan,West Central Railway,Rajasthan,"Laban, Rajasthan 323603, India",76.2261852,25.5489065
0,YG,Yadgir,Yadgir Karnataka,South Central Railway,Karnataka,"Yadgir, Karnataka, India",77.130872,16.748739
0,CLE,CHINTALPALLI,CHINTALPALLI Telangana,South Central Railway,Telangana,"Chintapalli, Telangana 509349, India",78.5966005,16.5265567
0,JKPR,JAKHAPURA,JAKHAPURA Odisha,East Coast Railway,Odisha,"Jakhapura, Odisha 755020, India",86.0644304,20.9308225
0,IBL,INDRABIL,INDRABIL West Bengal,South Eastern Railway,West Bengal,"Indrabil, West Bengal 723121, India",86.7831085,23.4431245
0,CHRA,CHHARRA,CHHARRA West Bengal,South Eastern Railway,West Bengal,"Chharrah, West Bengal, India",86.4130066,23.382469
0,KCA,Kuchman,Kuchman Uttar Pradesh,East Central Railway,Uttar Pradesh,"Kuchman, Uttar Pradesh 232120, India",83.2124511,25.3209157
0,LNK,Lohian Khas Jn,Lohian Khas Jn Punjab,Northern Railway,Punjab,"Lohian Khas Junction, Malsian Lohian Rd, Lohian Khas, Punjab 144629, India",75.1965971,31.1653149
0,UMN,Ambliyasan,Ambliyasan Gujarat,Western Railway,Gujarat,"Ambliyasan, Gujarat 384275, India",72.2023262,23.8236375
0,SJQ,Surajpur Road,Surajpur Road Chhatisgarh,South East Central Railway,Chhatisgarh,"Surajpur Rd, Chhattisgarh 497229, India",82.8762599,23.2970228
0,KALI,Kali Sindh,Kali Sindh Uttar Pradesh,Northern Railway,Uttar Pradesh,"Kali, Ahmedabad, Gujarat, India",72.5707614,23.0998604
0,MLI,Mangaliyawas,Mangaliyawas Rajasthan,North Western Railway,Rajasthan,"Mangliyawas, Rajasthan 305203, India",74.5046809,26.2745676
0,TN,Vriddhachalm Tn,Vriddhachalm Tn Tamil Nadu,Southern Railway,Tamil Nadu,"Virudhachalam, Tamil Nadu 606001, India",79.3266195,11.5160935
0,CNB,Kanpur Central,Kanpur Central Uttar Pradesh,North Central Railway,Uttar Pradesh,"Kanpur Central, Central Station,, Jaipuria Road, Rail Bazar, Harris Ganj, Mirpur, Kanpur, Uttar Pradesh 208004, India",80.3512524,26.4537015
0,BN,Bibinagar,Bibinagar Telangana,South Central Railway,Telangana,"Bibinagar, Telangana 508126, India",78.797425,17.4723432
0,SNRR,Sansarpur,Sansarpur Madhya Pradesh,West Central Railway,Madhya Pradesh,"Sansarpur, Madhya Pradesh, India",80.3380213,23.6455016
0,IMR,IBRAHIMPUR,IBRAHIMPUR Karnataka,South Western Railway,Karnataka,"Ibrahimpur, Karnataka 586120, India",76.1493891,16.7989969
0,MDNR,Modinagar,Modinagar Uttar Pradesh,Northern Railway,Uttar Pradesh,"Modinagar, Uttar Pradesh, India",77.5698527,28.8344396
0,MZL,Mirzapalli,Mirzapalli Telangana,South Central Railway,Telangana,"Mirzapally, Telangana 502248, India",78.4147925,18.0177352
0,JER,Jaleswar,Jaleswar Odisha,South Eastern Railway,Odisha,"Jaleswar, Odisha, India",87.2269973,21.8038883
0,GNS,Ghansore,Ghansore Madhya Pradesh,South East Central Railway,Madhya Pradesh,"Ghansor, Madhya Pradesh 480997, India",79.9444526,22.6573723
0,BMCK,Bissamcuttack,Bissamcuttack Odisha,East Coast Railway,Odisha,"Bissamcuttack, Odisha 765019, India",83.5016887,19.5057452
0,SGRA,Sangaria,Sangaria Rajasthan,North Western Railway,Rajasthan,"Sangaria, Rajasthan, India",74.4637613,29.7958219
0,DTC,Ditokcherra,Ditokcherra Assam,North Frontier Railway,Assam,"Ditokcherra, Ditokcherra, Assam 788818, India",92.8046171,25.0927532
0,NCR,Sonipat,Sonipat Tamil Nadu,Southern Railway,Tamil Nadu,"Tamil Nadu, India",78.6568942,11.1271225
0,SRGH,Surajgarh,Surajgarh Rajasthan,North Western Railway,Rajasthan,"Surajgarh, Rajasthan 333029, India",75.7313342,28.3074747
0,RDD,Rikhabdev Road,Rikhabdev Road Rajasthan,North Western Railway,Rajasthan,"Rikhabdev Road, Bhagor, Rajasthan 313903, India",73.74814,23.99661
0,GGJ,Goshainganj,Goshainganj Uttar Pradesh,Northern Railway,Uttar Pradesh,"Goshainganj, Uttar Pradesh 224141, India",82.3820274,26.56989
0,RORA,Rora,Rora Uttar Pradesh,North Central Railway,Uttar Pradesh,"Rora, Uttar Pradesh 284204, India",79.2380664,25.2871783
0,PLW,Pingleshwar,Pingleshwar Madhya Pradesh,Western Railway,Madhya Pradesh,"Pingleshwar, Madhya Pradesh, India",75.8737288,23.2173077
0,EGT,EGATTUR HALT,EGATTUR HALT Tamil Nadu,Southern Railway,Tamil Nadu,"Egattur Halt, Egattur, Tamil Nadu 631203, India",79.884222,13.1070111
0,AJTM,AJITGILL MATTA,AJITGILL MATTA Punjab,Northern Railway,Punjab,"Ajit Gill Rd, Punjab, India",74.8547237,30.4704881
0,BRQ,BAGRAKOT,BAGRAKOT West Bengal,North Frontier Railway,West Bengal,"Bagrakote, West Bengal, India",88.5855173,26.8957671
0,AADR,Amb  Andaura,Amb  Andaura Himachal Pradesh,Northern Railway,Himachal Pradesh,"Amb Andaura, Amb, Amb Andaura Railway Station Rd, Himachal Pradesh 177203, India",76.1102063,31.6703143
0,MQS,Malsian Shahkht,Malsian Shahkht Punjab,Northern Railway,Punjab,"Malsian, Punjab 144701, India",75.3492342,31.1291515
0,MSDN,Masudan,Masudan Bihar,Eastern Railway,Bihar,"Masudan, Bihar, India",86.3604859,25.2539139
0,KTW,Kotdwara,Kotdwara Uttarakhand,Northern Railway,Uttarakhand,"Kotdwar, Uttarakhand 246149, India",78.5198094,29.7453031
0,LMY,Laimekuri,Laimekuri Assam,North Frontier Railway,Assam,"Laimekuri, Assam 787061, India",95.0819935,27.7512311
0,VLY,Valliyur,Valliyur Tamil Nadu,Southern Railway,Tamil Nadu,"Valliyur, Tamil Nadu 627117, India",77.6174483,8.401361
0,TDL,Tundla Jn,Tundla Jn Uttar Pradesh,North Central Railway,Uttar Pradesh,"Tundla Junction, Tundla, Uttar Pradesh 64165, India",78.2339,27.207872
0,MDKD,Madhukunda,Madhukunda West Bengal,South Eastern Railway,West Bengal,"Madhukunda, Jagannathdi, West Bengal 723161, India",86.8702971,23.6279328
0,DD,Daund Jn,Daund Jn Maharashtra,Central Railway,Maharashtra,"Daund, Maharashtra, India",74.5840492,18.4631179
0,KLAR,Kulpahar,Kulpahar Uttar Pradesh,North Central Railway,Uttar Pradesh,"Kulpahar, Uttar Pradesh 210426, India",79.6389821,25.3087385
0,JWL,Jajiwal,Jajiwal Rajasthan,North Western Railway,Rajasthan,"Jajiwal, Jajiwal Kalan, Jajiwal Khichiya, Rajasthan 342027, India",73.22239,26.36757
0,PAJ,PARAJ,PARAJ West Bengal,Eastern Railway,West Bengal,"Paraj, West Bengal, India",87.6099982,23.3775847
0,JDA,JASODA,JASODA Uttar Pradesh,North Eastern Railway,Uttar Pradesh,"Uttar Pradesh, India",80.0981869,27.5705886
0,ABP,Akbarpur,Akbarpur Uttar Pradesh,Northern Railway,Uttar Pradesh,"Akbarpur, Uttar Pradesh 224122, India",82.5331119,26.4269869
0,MCSC,Mcs Chhatarpur,Mcs Chhatarpur Madhya Pradesh,North Central Railway,Madhya Pradesh,"Chhatarpur, Madhya Pradesh 471001, India",79.5910058,24.9167821
0,GLKN,GUGALWA KIRTAN,GUGALWA KIRTAN Rajasthan,North Western Railway,Rajasthan,"Gugalwa Kirtan, Rajasthan 331301, India",75.6077147,28.5471666
0,RGDA,Rayagada,Rayagada Odisha,East Coast Railway,Odisha,"Rayagada, Odisha, India",83.4116756,19.1714939
0,MAU,Mau Aimma,Mau Aimma Uttar Pradesh,North Eastern Railway,Uttar Pradesh,"Mau Aima, Uttar Pradesh 212507, India",81.9202463,25.6979423
0,MNDR,Mandi Dhanaura,Mandi Dhanaura Uttar Pradesh,Northern Railway,Uttar Pradesh,"Mandi Dhanaura, Station Road, Dhanaura, Uttar Pradesh 244231, India",78.2613594,28.9527131
0,MDS,Mandasor,Mandasor Madhya Pradesh,Western Railway,Madhya Pradesh,"Mandsaur, Madhya Pradesh, India",75.0679018,24.0734356
0,DHR,Dharnaoda,Dharnaoda Madhya Pradesh,West Central Railway,Madhya Pradesh,"Dharnaoda, SH 51, Godalpur, Madhya Pradesh 473110, India",77.093441,24.5980852
0,BMQ,Bhimarlai,Bhimarlai Rajasthan,North Western Railway,Rajasthan,"Bheemarlai, Rajasthan, India",71.9668082,25.8271312
0,PBA,PIARDOBA,PIARDOBA West Bengal,South Eastern Railway,West Bengal,"Peardoba, Mandi, West Bengal, India",87.323526,22.9544472
0,KNRT,KUNERU,KUNERU Andhra Pradesh,East Coast Railway,Andhra Pradesh,"Kuneru, Andhra Pradesh, India",83.4350062,18.9677927
0,NZD,Nuzvid,Nuzvid Andhra Pradesh,South Central Railway,Andhra Pradesh,"Nuzividu, Andhra Pradesh, India",80.8490357,16.7875689
0,LHN,Lachyan,Lachyan Karnataka,South Western Railway,Karnataka,"Lachyan, Karnataka 586211, India",75.9739003,17.2760388
0,RKO,Rmkrshnaprm Gte,Rmkrshnaprm Gte Telangana,South Central Railway,Telangana,"Telangana, India",79.0192997,18.1124372
0,BDWL,Biradhwal,Biradhwal Rajasthan,North Western Railway,Rajasthan,"Birdhol, Rajasthan 335804, India",73.920047,29.1155601
0,KUR,Khurda Road JN,Khurda Road JN Odisha,East Coast Railway,Odisha,"Jatni, Odisha, India",85.7011384,20.1623534
0,SAWN,SOHANSRA,SOHANSRA Haryana,North Western Railway,Haryana,"Sohansara, Haryana 127201, India",75.8664672,28.4089999
0,WDR,Wadiaram,Wadiaram Telangana,South Central Railway,Telangana,"Wadiaram, Telangana 502255, India",78.4652483,17.9587611
0,BLNR,Birlanagar,Birlanagar Madhya Pradesh,North Central Railway,Madhya Pradesh,"Birla Nagar, Railway Colony, Gwalior, Madhya Pradesh 474002, India",78.1827808,26.2185063
0,EE,Eluru,Eluru Andhra Pradesh,South Central Railway,Andhra Pradesh,"Eluru, Andhra Pradesh, India",81.0952431,16.7106604
0,SEJ,SARKHEJ,SARKHEJ Gujarat,Western Railway,Gujarat,"Sarkhej, Ahmedabad, Gujarat, India",72.4979419,22.9778146
0,KEH,Kapseti,Kapseti Uttar Pradesh,Northern Railway,Uttar Pradesh,"Kapseti, Uttar Pradesh 221403, India",82.7171792,25.3569522
0,CRLM,Carmelaram,Carmelaram Karnataka,South Western Railway,Karnataka,"Carmelaram, Bengaluru, Karnataka, India",77.7065754,12.9061527
0,JN,BHOWRA JN,BHOWRA JN Gujarat,Western Railway,Gujarat,"Gujarat, India",71.5723953,22.6708317
0,BBM,Barabhum,Barabhum West Bengal,South Eastern Railway,West Bengal,"Barabhum, West Bengal 723127, India",86.3642866,23.0266303
0,SVRP,Shivanarayanpur,Shivanarayanpur Bihar,Eastern Railway,Bihar,"Shivanarayanpur, Station Rd, Mathura Pur, Bihar 813231, India",87.3338139,25.2938401
0,ADB,Adilabad,Adilabad Telangana,South Central Railway,Telangana,"Adilabad, Telangana 504001, India",78.5320841,19.6765668
0,BNQ,Banarhat,Banarhat West Bengal,North Frontier Railway,West Bengal,"Banarhat Tea Garden, West Bengal 735202, India",89.0418249,26.7994521
0,GUNA,Hinotiapplkheda,Hinotiapplkheda Madhya Pradesh,West Central Railway,Madhya Pradesh,"Madhya Pradesh, India",78.6568942,22.9734229
0,TOM,TONDAMANPATTI,TONDAMANPATTI Tamil Nadu,Southern Railway,Tamil Nadu,"Tondaimanpatti, Tamil Nadu, India",78.8198591,10.78418
0,KDQ,KADIPUR,KADIPUR Uttar Pradesh,North Eastern Railway,Uttar Pradesh,"Kadipur, Uttar Pradesh 228145, India",82.3695988,26.1669759
0,GPB,Ghatprabha,Ghatprabha Karnataka,South Western Railway,Karnataka,"Ghatprabha, Karnataka 591306, India",74.7585775,16.2394587
0,SGNR,Shri Ganganagar,Shri Ganganagar Rajasthan,North Western Railway,Rajasthan,"Sri Ganganagar, Rajasthan 335001, India",73.8799805,29.9093759
0,PLY,Plassey,Plassey West Bengal,Eastern Railway,West Bengal,"Palasi, West Bengal, India",88.2607188,23.7832868
0,ROZA,Roza Jn,Roza Jn Uttar Pradesh,Northern Railway,Uttar Pradesh,"Roza Junction, Railway Hospital Colony, Rly. Settlement Roza, Shahjahanpur, Uttar Pradesh 242306, India",79.9555875,27.8528443
0,NGTN,NAGOTHANE,NAGOTHANE Maharashtra,Central Railway,Maharashtra,"Nagothane, Maharashtra 402106, India",73.1364357,18.5446161
0,KSC,Kashi Chak,Kashi Chak Bihar,East Central Railway,Bihar,"Kashi Chak, Bihar 805124, India",85.7166582,25.0695452
0,DEOS,Deoria Sadar,Deoria Sadar Uttar Pradesh,North Eastern Railway,Uttar Pradesh,"Deoria Sadar, Deoria, Uttar Pradesh, India",83.7849277,26.5106395
0,NH,Naihati Jn,Naihati Jn West Bengal,Eastern Railway,West Bengal,"Naihati, Kolkata, West Bengal, India",88.4219729,22.8895189
0,NTWL,Netawal,Netawal Rajasthan,North Western Railway,Rajasthan,"Netawal Maharaj, Rajasthan, India",74.4792484,24.8686934
0,SJS,Shamlaji Road,Shamlaji Road Gujarat,North Western Railway,Gujarat,"Shamlaji Rd, Modasa, Gujarat 383315, India",73.2963288,23.4638675
0,JMI,JAMGURI,JAMGURI Assam,North Frontier Railway,Assam,"Jamuguri, Assam 782142, India",92.6139655,26.307143
0,DINR,Divine Nagar,Divine Nagar Kerala,Southern Railway,Kerala,"Divine Nagar, Changanassery, Kerala 686104, India",76.557168,9.4627234
0,CASA,Chhansara,Chhansara Gujarat,Western Railway,Gujarat,"Chhansara, Gujarat, India",71.2755422,23.7695138
0,NTR,NITTUR,NITTUR Karnataka,South Western Railway,Karnataka,"Nittur, Karnataka 572126, India",77.0904105,12.9530365
0,MXH,Makhu,Makhu Punjab,Northern Railway,Punjab,"Makhu, Punjab 142044, India",74.9764024,31.1071528
0,JN,Ningala JN,Ningala JN Gujarat,Western Railway,Gujarat,"Ningala, Gujarat 364760, India",71.7036723,22.0209924
0,TLS,Bettahalsoor,Bettahalsoor Karnataka,South Western Railway,Karnataka,"Bettahalsoor, Karnataka 562157, India",77.609935,13.1623413
0,KASU,KASU,KASU Maharashtra,Central Railway,Maharashtra,"Kasu, Maharashtra 402107, India",73.0774202,18.6426125
0,DRTP,Dasharathpur,Dasharathpur Bihar,Eastern Railway,Bihar,"Dashrathpur, Bihar 803115, India",85.5476993,25.0875246
0,SSM,Sasaram,Sasaram Bihar,East Central Railway,Bihar,"Sasaram, Bihar 821115, India",84.0142866,24.9538803
0,CSN,Chalisgaon Jn,Chalisgaon Jn Maharashtra,Central Railway,Maharashtra,"Chalisgaon, Maharashtra 424101, India",75.0063288,20.4619475
0,MWRN,Madwarani,Madwarani Chhatisgarh,South East Central Railway,Chhatisgarh,"Madwarani, Chhattisgarh 495674, India",82.7138066,22.1717046
0,VZM,Vizianagram Jn,Vizianagram Jn Andhra Pradesh,East Coast Railway,Andhra Pradesh,"Vizianagaram, Andhra Pradesh, India",83.3955506,18.1066576
0,JRC,Jalandhar Cant,Jalandhar Cant Punjab,Northern Railway,Punjab,"Jalandhar Cantt, Jalandhar, Punjab, India",75.649027,31.2834909
0,GRA,Gharaunda,Gharaunda Haryana,Northern Railway,Haryana,"Gharaunda, Haryana 132114, India",76.9731017,29.5397333
0,DGDG,DURGADA GATE,DURGADA GATE Andhra Pradesh,South Central Railway,Andhra Pradesh,"Durgada Gate, Durgada, Andhra Pradesh 533449, India",82.3490055,17.2123867
0,DNKL,Dhenkanal,Dhenkanal Odisha,East Coast Railway,Odisha,"Dhenkanal, Odisha, India",85.5981223,20.6504753
0,GMN,Goregaon Road,Goregaon Road Maharashtra,Western Railway,Maharashtra,"Goregaon Rd, Maharashtra, India",80.1948369,21.3987571
0,PAA,Patas,Patas Maharashtra,Central Railway,Maharashtra,"Patas, Maharashtra 412219, India",74.4613553,18.4343863
0,TDN,Tiruparankndrm,Tiruparankndrm Tamil Nadu,Southern Railway,Tamil Nadu,"Thiruparankundram, Tamil Nadu, India",78.0719718,9.8822567
0,SHC,Saharsa Jn,Saharsa Jn Bihar,East Central Railway,Bihar,"Saharsa Junction, Railways Station near chandni chowk, sabji market, road, Krishna Nagar, Saharsa, Bihar 852201, India",86.5944645,25.8738834
0,BVC,Bhavnagar Trmus,Bhavnagar Trmus Gujarat,Western Railway,Gujarat,"Bhavnagar, Gujarat, India",72.1519304,21.7644725
0,MHQ,Mahuda,Mahuda Jharkhand,South Eastern Railway,Jharkhand,"Mahuda, Jharkhand 828305, India",86.2241076,23.7775499
0,MFB,Mustafabad,Mustafabad Haryana,Northern Railway,Haryana,"Saraswati Nagar, Mustafabad, Haryana 133103, India",77.1407696,30.1980576
0,KIK,KARAIKAL,KARAIKAL Puduchery,Southern Railway,Puduchery,"Karaikal, Puducherry, India",79.8380056,10.9254398
0,ANNR,Annanur,Annanur Tamil Nadu,Southern Railway,Tamil Nadu,"Annanur, Ambattur, Chennai, Tamil Nadu, India",80.1246249,13.1184498
0,DWDI,Dighwa Dubauli,Dighwa Dubauli Bihar,North Eastern Railway,Bihar,"Dighwa Dubaulli North, Bihar 841413, India",84.7446146,26.2615193
0,BSLE,BATASPUR,BATASPUR West Bengal,Eastern Railway,West Bengal,"Bataspur, West Bengal 731201, India",87.6913936,23.8843729
0,MMS,Mandasa Road,Mandasa Road Andhra Pradesh,East Coast Railway,Andhra Pradesh,"Mandasa, Andhra Pradesh, India",84.4669405,18.8682224
0,HA,Mukundawadi Ha,Mukundawadi Ha Uttar Pradesh,North Eastern Railway,Uttar Pradesh,"Uttar Pradesh, India",80.0981869,27.5705886
0,JMDG,Jammalamadugu,Jammalamadugu Andhra Pradesh,South Central Railway,Andhra Pradesh,"Jammalamadugu, Andhra Pradesh 516434, India",78.3824215,14.8448555
0,BNF,BANDHUA,BANDHUA Bihar,East Central Railway,Bihar,"Bandhua, Bihar 824111, India",84.2529028,24.5589546
0,DRHI,DAGARHKERI,DAGARHKERI Madhya Pradesh,West Central Railway,Madhya Pradesh,"Dagarhkeri, Dagad Khedi Mal, Madhya Pradesh 450116, India",76.8269528,22.0815837
0,BLM,Balamu Jn,Balamu Jn Uttar Pradesh,Northern Railway,Uttar Pradesh,"Balamau, Uttar Pradesh 241305, India",80.2878694,27.1385986
0,PAE,Palana,Palana Rajasthan,North Western Railway,Rajasthan,"Palana, Rajasthan, India",73.2634474,27.8461183
0,KSX,Kotshila,Kotshila West Bengal,South Eastern Railway,West Bengal,"Kotshila, West Bengal, India",86.0695274,23.403088
0,PLSN,Palsana,Palsana Rajasthan,North Western Railway,Rajasthan,"Palsana, Rajasthan 332402, India",75.3849382,27.4826454
0,MLMR,Melmaruvattur,Melmaruvattur Tamil Nadu,Southern Railway,Tamil Nadu,"Melmaruvathur, Tamil Nadu 603319, India",79.8299592,12.4268234
0,MCS,Mancheswar,Mancheswar Odisha,East Coast Railway,Odisha,"Mancheswar, Bhubaneswar, Odisha, India",85.8431424,20.3250826
0,PIT,Palitana,Palitana Gujarat,Western Railway,Gujarat,"Palitana, Gujarat 364270, India",71.8274846,21.5346305
0,CWN,CHARAWAN,CHARAWAN Punjab,Northern Railway,Punjab,"Charawan, Uttar Pradesh 224203, India",82.2080653,26.5468787
0,NSI,NIKURSINI,NIKURSINI West Bengal,South Eastern Railway,West Bengal,"Nikursini, West Bengal 721451, India",87.2792409,22.0162266
0,TGRL,Tangiriapal,Tangiriapal Odisha,East Coast Railway,Odisha,"Tangiriapal, Odisha, India",85.9330098,21.1851038
0,BFR,Bekal Fort,Bekal Fort Kerala,Null,Kerala,"Kasaragod Road, PO Bekal Fort, Beside Bekal Fort Railway Station Dist, Bekal Fort Rd, Bekal, Kerala 671316, India",75.033553,12.3929083
0,YGM,Yadugram Block Hut,Yadugram Block Hut Bihar,East Central Railway,Bihar,"Yadugram Block Hut, Alakdiha, Bihar 824233, India",85.3247721,24.5426921
0,PAZ,Payangadi,Payangadi Kerala,Southern Railway,Kerala,"Pazhayangadi, Kerala, India",75.2588184,12.0189004
0,BSTP,Basantapur,Basantapur Odisha,East Coast Railway,Odisha,"Basantapur, Odisha, India",85.4117608,21.7874383
0,KOL,KOLAD,KOLAD Maharashtra,Konkan Railway,Maharashtra,"Kolad, Maharashtra 402304, India",73.2101837,18.4077066
0,TLV,Talvadya,Talvadya Madhya Pradesh,West Central Railway,Madhya Pradesh,"Talvadiya Junction, Mundi, Jawar, Madhya Pradesh 450991, India",76.4447597,21.9277817
0,SNSR,Sanosra,Sanosra Gujarat,Western Railway,Gujarat,"Sanosra, Gujarat 361160, India",70.4376123,22.1870831
0,SRE,Saharanpur,Saharanpur Uttar Pradesh,Northern Railway,Uttar Pradesh,"Saharanpur, Uttar Pradesh, India",77.5552066,29.9680035
0,PTK,Pathankot,Pathankot Punjab,Northern Railway,Punjab,"Pathankot, Punjab 145001, India",75.6522066,32.2733352
0,HRPG,Harpalganj,Harpalganj Uttar Pradesh,Northern Railway,Uttar Pradesh,"HarpalGanj, Rajinipur, Uttar Pradesh 222175, India",82.4049792,25.9472305
0,BDU,Badnapur,Badnapur Maharashtra,South Central Railway,Maharashtra,"Badnapur, Maharashtra 431202, India",75.7256331,19.8682398
0,PTWA,PATWARA,PATWARA Madhya Pradesh,West Central Railway,Madhya Pradesh,"Patwara, Madhya Pradesh 483501, India",80.4243066,23.9188865
0,KIN,Kapasan,Kapasan Rajasthan,North Western Railway,Rajasthan,"Kapasan, Rajasthan 312202, India",74.3123094,24.8851271
0,ABU,Ambattur,Ambattur Tamil Nadu,Southern Railway,Tamil Nadu,"Ambattur, Chennai, Tamil Nadu, India",80.1574261,13.1185879
0,UMRA,Umra,Umra Rajasthan,North Western Railway,Rajasthan,"Umra, Rajasthan, India",73.3856056,24.1021144
0,JKHI,JAKHODLKHERA,JAKHODLKHERA Haryana,North Western Railway,Haryana,"Jakhod Khera, Haryana 125001, India",75.5676977,29.2130945
0,PCR,PANCHRA,PANCHRA West Bengal,Eastern Railway,West Bengal,"Panchra, West Bengal 731133, India",87.3152799,23.756436
0,TA,Tanur,Tanur Kerala,Southern Railway,Kerala,"Tanur, Kerala 676302, India",75.875396,10.9820313
0,DTO,Daltonganj,Daltonganj Jharkhand,East Central Railway,Jharkhand,"Medininagar, Jharkhand 822101, India",84.0768462,24.0465121
0,NBUE,NIBKARORI,NIBKARORI Uttar Pradesh,North Central Railway,Uttar Pradesh,"Nibkarori, Uttar Pradesh 209652, India",79.3718986,27.3164198
0,LUSA,Lusa,Lusa Uttar Pradesh,North Central Railway,Uttar Pradesh,"Loosa, Uttar Pradesh, India",82.8290551,24.8892218
0,INK,Intekanne,Intekanne Telangana,South Central Railway,Telangana,"Madhavaram, Telangana 508213, India",79.7750322,17.0944155
0,BTY,Bethuadahari,Bethuadahari West Bengal,Eastern Railway,West Bengal,"Bethuadahari, West Bengal, India",88.3973179,23.5989344
0,HLDR,Haldaur,Haldaur Uttar Pradesh,Northern Railway,Uttar Pradesh,"Haldaur Rural, Uttar Pradesh 246726, India",78.2846303,29.2802534
0,AEL,Ateli,Ateli Haryana,North Western Railway,Haryana,"Ateli, Haryana 123021, India",76.2800859,28.1056349
0,BKNG,Bhakti Nagar,Bhakti Nagar Gujarat,Western Railway,Gujarat,"Bhakti Nagar, Rajkot, Gujarat, India",70.8056038,22.2698014
0,URN,Utran,Utran Gujarat,Western Railway,Gujarat,"Uttran, Surat, Gujarat, India",72.8662668,21.2315453
0,PNF,Pangaon,Pangaon Maharashtra,South Central Railway,Maharashtra,"Pangaon, Maharashtra 431522, India",76.6282747,18.6302675
0,GBD,Gauribidanur,Gauribidanur Karnataka,South Western Railway,Karnataka,"Gauribidanur, Karnataka 561208, India",77.5145854,13.6183294
0,NTSK,Tinsukia Jn,Tinsukia Jn Assam,North Frontier Railway,Assam,"Tinsukia, Assam, India",95.355758,27.4885539
0,JHD,Jehanabad,Jehanabad Bihar,East Central Railway,Bihar,"Jehanabad, Bihar, India",84.9853322,25.2132649
0,KOF,Marwar Kori,Marwar Kori Rajasthan,North Western Railway,Rajasthan,"Marwar, Pali, Rajasthan 306401, India",73.3310429,25.806656
0,MVE,Mundhewadi,Mundhewadi Maharashtra,Central Railway,Maharashtra,"Mundhewadi, Maharashtra 413304, India",75.3936808,17.679841
0,MIAN,MIANGRAM,MIANGRAM West Bengal,Eastern Railway,West Bengal,"Miangram, Mian, West Bengal 742163, India",88.1699,23.8504
0,SMRR,Sumreri,Sumreri Madhya Pradesh,West Central Railway,Madhya Pradesh,"Sumreri, Madhya Pradesh 470117, India",78.4041297,24.0137149
0,LKU,Lal Kuan,Lal Kuan Uttarakhand,North Eastern Railway,Uttarakhand,"Lalkuan, Uttarakhand 262402, India",79.5181884,29.0676175
0,PPU,Piparpur,Piparpur Uttar Pradesh,Northern Railway,Uttar Pradesh,"Piper Pur, Uttar Pradesh, India",82.013465,26.1329808
0,MABD,Mahbubabad,Mahbubabad Telangana,South Central Railway,Telangana,"Mahabubabad, Telangana 506101, India",79.9916831,17.5980196
0,KMS,Karamnasa,Karamnasa Bihar,East Central Railway,Bihar,Karamnasa River,83.54873512,25.08056514
0,SIL,Sakhi Gopal,Sakhi Gopal Odisha,East Coast Railway,Odisha,"Sakhigopal, Odisha 752014, India",85.8138024,19.9463746
0,APK,Aruppukkottai,Aruppukkottai Tamil Nadu,Southern Railway,Tamil Nadu,"Aruppukkottai, Tamil Nadu, India",78.100168,9.5139114
0,MXT,Malakpet,Malakpet Telangana,South Central Railway,Telangana,"Malakpet, Hyderabad, Telangana 500024, India",78.4909767,17.3716458
0,NCBD,N Changrabandha,N Changrabandha West Bengal,North Frontier Railway,West Bengal,"Nagar Changrabandha, West Bengal 735301, India",88.9150408,26.4241471
0,DOS,Dehri On Sone,Dehri On Sone Bihar,East Central Railway,Bihar,"Dehri, Bihar, India",84.191193,24.9061239
0,BQA,Bankura,Bankura West Bengal,South Eastern Railway,West Bengal,"Bankura, West Bengal, India",87.0783875,23.2312686
0,PMO,Pandoli,Pandoli Rajasthan,North Western Railway,Rajasthan,"Pandoli, Rajasthan, India",74.5748874,24.9218753
0,NTSK,New Tinsukia Jn,New Tinsukia Jn Assam,North Frontier Railway,Assam,"New Tinsukia Junction, Assam Trunk Rd, Tinsukia, Dhekiajuri Gaon, Assam 786125, India",95.3340323,27.4798045
0,DBG,SHAHEED S N SINGH HALT,SHAHEED S N SINGH HALT Bihar,East Central Railway,Bihar,"Subhash Nagar, Purnia, Bihar 854301, India",87.470922,25.7615432
0,JRS,JORAVASAN,JORAVASAN Gujarat,Western Railway,Gujarat,"Jora Vasan, Gujarat, India",72.9711542,20.7312853
0,PRDP,Paradip,Paradip Odisha,East Coast Railway,Odisha,"Paradeep, Odisha, India",86.6113628,20.3165523
0,PWL,Palwal,Palwal Haryana,Northern Railway,Haryana,"Palwal, Haryana 121102, India",77.3259878,28.1472852
0,KKP,Kot Kapura,Kot Kapura Punjab,Northern Railway,Punjab,"Kot Kapura, Punjab, India",74.8150431,30.582825
0,NDLS,New Delhi,New Delhi Delhi,Northern Railway,Delhi,"New Delhi, Delhi, India",77.2088282,28.6139298
0,TUVR,Turavur,Turavur Kerala,Southern Railway,Kerala,"Thuravoor, Thuravoor Thekku, Kerala, India",76.3203091,9.7704378
0,ANV,Annavaram,Annavaram Andhra Pradesh,South Central Railway,Andhra Pradesh,"Annavaram, Andhra Pradesh, India",82.4012873,17.2788719
0,PDO,Poodoor,Poodoor Telangana,South Central Railway,Telangana,"Pudur, Telangana 501401, India",78.5256204,17.6204048
0,RDL,Rudauli,Rudauli Uttar Pradesh,Northern Railway,Uttar Pradesh,"Rudauli, Uttar Pradesh 224120, India",81.7513551,26.7509049
0,ARE,Arnetha,Arnetha Rajasthan,West Central Railway,Rajasthan,"Arnetha, Rajasthan, India",75.9985693,25.3834921
0,JMU,Jamui,Jamui Bihar,East Central Railway,Bihar,"Jamui, Bihar, India",86.2258592,24.9255887
0,NZT,NAZARETH,NAZARETH Tamil Nadu,Southern Railway,Tamil Nadu,"Nazareth, Tamil Nadu, India",77.9710098,8.5562084
0,SGM,Sgm Jagarlamudi,Sgm Jagarlamudi Tamil Nadu,Southern Railway,Tamil Nadu,"Tamil Nadu, India",78.6568942,11.1271225
0,GHAT,RUSERA GHAT,RUSERA GHAT Madhya Pradesh,West Central Railway,Madhya Pradesh,"Madhya Pradesh, India",78.6568942,22.9734229
0,SYJ,Saidraja,Saidraja Uttar Pradesh,East Central Railway,Uttar Pradesh,"Saiyadraja, Uttar Pradesh 232110, India",83.3508868,25.2542276
0,HJP,Hajipur Jn,Hajipur Jn Bihar,East Central Railway,Bihar,"Hajipur Junction, Railway Station, Bagmusa, Hajipur, Bihar 844101, India",85.2152903,25.7023231
0,GOP,Kanalas Jn,Kanalas Jn Gujarat,Western Railway,Gujarat,"Kanala, Gujarat 394365, India",73.4798916,21.1014597
0,PUT,Puttur,Puttur Andhra Pradesh,Southern Railway,Andhra Pradesh,"Puttur, Andhra Pradesh 517583, India",79.5521971,13.4381376
0,SCPR,SHYAMA CHARANPUR HALT,SHYAMA CHARANPUR HALT Odisha,East Coast Railway,Odisha,"Odisha, India",84.2700179,20.2375561
0,PDKN,Pedakakani Halt,Pedakakani Halt Andhra Pradesh,South Central Railway,Andhra Pradesh,"Pedakakani Halt, Yuvajananagar, Pedakakani, Andhra Pradesh 522509, India",80.4864755,16.3437524
0,KYQ,Kamakhya,Kamakhya Assam,North Frontier Railway,Assam,"Kamakhya, Guwahati, Assam 781010, India",91.7073716,26.1658668
0,NDB,Nandurbar,Nandurbar Maharashtra,Western Railway,Maharashtra,"Nandurbar, Maharashtra 425412, India",74.240336,21.3700906
0,BPRA,BARIPURA,BARIPURA Uttar Pradesh,North Central Railway,Uttar Pradesh,"Baripura, Uttar Pradesh 243725, India",79.0616808,28.3168129
0,BGVN,Bhigwan,Bhigwan Maharashtra,Central Railway,Maharashtra,"Bhigwan, Maharashtra, India",74.7542571,18.2989478
0,PEM,Peralam Jn,Peralam Jn Tamil Nadu,Southern Railway,Tamil Nadu,"Peralam, Railway Feeder Road, Peralam, Tamil Nadu 609405, India",79.6565726,10.9584986
0,KKD,Kalkund,Kalkund Madhya Pradesh,Western Railway,Madhya Pradesh,"Kalkund, Madhya Pradesh 461331, India",77.024781,22.2009212
0,WR,Ukai Songadh,Ukai Songadh Maharashtra,Central Railway,Maharashtra,"Songadh, Gujarat, India",73.5645054,21.166359
0,PTKP,Potkapalli,Potkapalli Telangana,South Central Railway,Telangana,"Potkapalli, Telangana 505152, India",79.4665736,18.4216775
0,MLB,Modnimb,Modnimb Maharashtra,Central Railway,Maharashtra,"Modanimb, Maharashtra 413301, India",75.4024228,17.9145128
0,GVD,Gholvad,Gholvad Maharashtra,Western Railway,Maharashtra,"Gholvad, Maharashtra, India",72.730405,20.0803294
0,UKE,Uttarkathani,Uttarkathani Assam,North Frontier Railway,Assam,"Uttarkathani, No.2 Uttar Kathani, Assam 784165, India",93.7918631,26.9370917
0,TKQ,Trikarpur,Trikarpur Kerala,Southern Railway,Kerala,"Thrikaripur, Kerala, India",75.1720488,12.1417813
0,KDP,Kondapuram,Kondapuram Andhra Pradesh,South Central Railway,Andhra Pradesh,"Kondapuram, Andhra Pradesh 516444, India",78.1935866,14.7749009
0,REG,REGUPALEM,REGUPALEM Andhra Pradesh,South Central Railway,Andhra Pradesh,"Regupalem, Andhra Pradesh, India",82.8048087,17.5089017
0,KNHP,KANHAIPUR,KANHAIPUR Bihar,East Central Railway,Bihar,"Kanhai Pur, Bihar 803221, India",85.8403054,25.4538955
0,JYM,Jai Samand Road,Jai Samand Road Rajasthan,North Western Railway,Rajasthan,"Jaisamand Rd, Rajasthan, India",73.7905626,24.3730256
0,BMJ,BRIDGMANGANJ,BRIDGMANGANJ Uttar Pradesh,North Eastern Railway,Uttar Pradesh,"Brijmanganj, Uttar Pradesh, India",83.1967152,27.1989786
0,RSG,RAMSAGAR,RAMSAGAR West Bengal,South Eastern Railway,West Bengal,"Ramsagar, West Bengal 722147, India",87.2742678,23.0998938
0,NFK,New Farakka Jn,New Farakka Jn West Bengal,Eastern Railway,West Bengal,"New Farakka Junction, New Farakka Station Rd, Farakka, Farakka Barrage Twp, West Bengal 742212, India",87.9156276,24.794723
0,SONA,Sona Arjunpur,Sona Arjunpur West Bengal,South Eastern Railway,West Bengal,"Sona Arjunpur, Uttar Pradesh 247451, India",77.4558554,29.7521682
0,SBW,SBEWBABUDIH,SBEWBABUDIH Jharkhand,South Eastern Railway,Jharkhand,"Sbewbabudih, Mahal, Jharkhand 828303, India",86.390195,23.6599806
0,SKZR,Sirpur Kagazngr,Sirpur Kagazngr Telangana,South Central Railway,Telangana,"9F5J+7V9, Kagaznagar, Telangana 504296, India",79.4822386,19.3581693
0,SCO,Satuna,Satuna Maharashtra,South Central Railway,Maharashtra,"Satona, Partur, Maharashtra 431501, India",76.2102021,19.5941168
0,AMPA,Ambalappuzha,Ambalappuzha Kerala,Southern Railway,Kerala,"Ambalapuzha, Kerala 688561, India",76.362836,9.3786514
0,CTPE,Chandanattop,Chandanattop Kerala,Southern Railway,Kerala,"Chandanattop Halt, NH 744, Chandanathope, Kottamkara, Kerala 691014, India",76.6415368,8.9300343
0,NRGO,Narganjo,Narganjo Bihar,Eastern Railway,Bihar,"Narganjo, Tola Narganjo, Bihar 811308, India",86.466667,24.7333329
0,TIBI,Tibi,Tibi Rajasthan,North Western Railway,Rajasthan,"Tibbi, Rajasthan 335526, India",74.5023819,29.5541652
0,DOZ,Daurai,Daurai Rajasthan,North Western Railway,Rajasthan,"Daurai Rural, Rajasthan, India",74.6224755,26.3857426
0,GSL,GODAPIASAL,GODAPIASAL West Bengal,South Eastern Railway,West Bengal,"Godapiasal, West Bengal 721129, India",87.3289427,22.5292775
0,PNGR,PINGORA,PINGORA Rajasthan,West Central Railway,Rajasthan,"Pingora, Rajasthan, India",77.3295708,27.0814743
0,MG,Mailani,Mailani Punjab,Northern Railway,Punjab,"Mailani, Uttar Pradesh 262803, India",80.3463754,28.2870712
0,KATB,KHATKURA,KHATKURA West Bengal,Null,West Bengal,"Khatkura, Khatkhura, West Bengal 721505, India",86.9327,22.4767
0,PTRE,Patara,Patara Uttar Pradesh,North Central Railway,Uttar Pradesh,"Patara, Uttar Pradesh 209308, India",80.1951781,26.2333279
0,TRSR,Tarsai,Tarsai Gujarat,Western Railway,Gujarat,"Tarsai, Gujarat 360531, India",69.83666,21.7727424
0,SRGM,Srirangam,Srirangam Tamil Nadu,Southern Railway,Tamil Nadu,"Srirangam, Tamil Nadu, India",78.6997699,10.8502661
0,NAD,Nagda Jn,Nagda Jn Madhya Pradesh,Western Railway,Madhya Pradesh,"Nagda Junction, 157,mg road, jn, Kilkipura Juna, Nagda, Madhya Pradesh 456335, India",75.4124471,23.4560874
0,MTNL,Muttarasanallur,Muttarasanallur Tamil Nadu,Southern Railway,Tamil Nadu,"Cauvery Nagar, Mutharasanallur, Tamil Nadu 620101, India",78.6492329,10.8652321
0,SONI,Soni,Soni Madhya Pradesh,North Central Railway,Madhya Pradesh,"Soni, Madhya Pradesh 474006, India",78.3216329,26.2069189
0,KHGP,Khargapur,Khargapur Madhya Pradesh,North Central Railway,Madhya Pradesh,"Khargapur, Madhya Pradesh 472115, India",79.1379196,24.8215826
0,DWX,Dewas,Dewas Madhya Pradesh,Western Railway,Madhya Pradesh,"Dewas, Madhya Pradesh, India",76.0534454,22.9675929
0,PNQ,Punkunnam,Punkunnam Kerala,Southern Railway,Kerala,"Punkunnam, Thrissur, Kerala, India",76.2014914,10.5351966
0,VNUP,Vishnupuram,Vishnupuram Telangana,South Central Railway,Telangana,"Vishnupuram, Wadapally, Telangana 508355, India",79.6376,16.70986
0,MXM,MINATCHIPURAM,MINATCHIPURAM Tamil Nadu,Southern Railway,Tamil Nadu,"Minatchipuram, Marchinaickenpalayam, Tamil Nadu 642103, India",76.8681676,10.6315523
0,LKX,Laxmipur Road,Laxmipur Road West Bengal,Eastern Railway,West Bengal,"Lakshmipur Rd, West Bengal 732210, India",87.9766642,24.8040133
0,DME,Damnagar,Damnagar Gujarat,Western Railway,Gujarat,"Damnagar, Gujarat 365220, India",71.5165093,21.6944957
0,BQP,Bighapur,Bighapur Uttar Pradesh,Northern Railway,Uttar Pradesh,"Bighapur, Uttar Pradesh 209865, India",80.6562753,26.3482648
0,BDNK,BODINAYAKKANUR,BODINAYAKKANUR Tamil Nadu,Southern Railway,Tamil Nadu,"Bodinayakanur, Tamil Nadu, India",77.3497332,10.0087857
0,BNBR,BAHANAGA BAZAR,BAHANAGA BAZAR Odisha,South Eastern Railway,Odisha,"8QQ7+3F9, Narkatiaganj, Krushnapur, Odisha 756042, India",86.7637324,21.3376695
0,PUL,Rampura Phul,Rampura Phul Punjab,Northern Railway,Punjab,"Rampura Phul, Punjab, India",75.2398001,30.2701304
0,BWM,Bhawani Mandi,Bhawani Mandi Rajasthan,West Central Railway,Rajasthan,"Bhawani Mandi, Rajasthan, India",75.8214371,24.4054876
0,KEF,Krishnammakona,Krishnammakona Andhra Pradesh,South Central Railway,Andhra Pradesh,"Krishnamma kona, Kandikaya palle, Andhra Pradesh 518112, India",78.250816,15.503284
0,TGA,Teghra,Teghra Bihar,East Central Railway,Bihar,"Teghra, Bihar, India",85.9398007,25.4904886
0,PNP,Panipat Jn,Panipat Jn Haryana,Northern Railway,Haryana,"Panipat, Haryana, India",76.9635023,29.3909464
0,VMA,Vikramgarh Alot,Vikramgarh Alot Madhya Pradesh,West Central Railway,Madhya Pradesh,"Vikramgarh Alote, Madhya Pradesh 457114, India",75.5436824,23.7700686
0,LTHR,Latehar,Latehar Jharkhand,East Central Railway,Jharkhand,"Latehar, Jharkhand, India",84.5091102,23.7463215
0,PP,Puranpur,Puranpur Uttar Pradesh,North Eastern Railway,Uttar Pradesh,"Puranpur, Uttar Pradesh 262122, India",80.1477341,28.5129459
0,KKGT,Kalkalighat,Kalkalighat Assam,North Frontier Railway,Assam,"Kalkalighat Rd, Assam 788725, India",92.2932082,24.572714
0,IGR,INGUR,INGUR Tamil Nadu,Southern Railway,Tamil Nadu,"Ingur, Tamil Nadu, India",77.5820012,11.2260141
0,JN,BAR LANGFER S,BAR LANGFER S Gujarat,Western Railway,Gujarat,"Gujarat, India",71.5723953,22.6708317
0,LOT,LOHRA,LOHRA Uttar Pradesh,Northern Railway,Uttar Pradesh,"Lohra, Uttar Pradesh, India",82.9017419,26.3674695
0,KIGL,Kunigal,Kunigal Karnataka,South Western Railway,Karnataka,"Kunigal, Karnataka 572130, India",77.0255386,13.0255301
0,LHB,LAHABON,LAHABON Bihar,Eastern Railway,Bihar,"Lahabon, Lahabon, Tola Bishunpur, Bihar 811316, India",86.6004155,24.6406567
0,BRG,Bargarh,Bargarh Uttar Pradesh,North Central Railway,Uttar Pradesh,"Bargarh, Uttar Pradesh, India",81.455364,25.137687
0,SSIA,Suisa,Suisa West Bengal,South Eastern Railway,West Bengal,"Suisa, West Bengal, India",85.8946693,23.1920672
0,STD,SATROD,SATROD Haryana,North Western Railway,Haryana,"Satrod, Satrod Khurd, Hisar, Haryana 125006, India",75.7880184,29.131068
0,KMD,Kodumudi,Kodumudi Tamil Nadu,Southern Railway,Tamil Nadu,"Kodumudi, Tamil Nadu 638151, India",77.886746,11.0788297
0,JHN,Jakhim,Jakhim Bihar,East Central Railway,Bihar,"Jakhim, Bihar 824122, India",84.5300827,24.8370272
0,CUPJ,Cuddalore Port,Cuddalore Port Tamil Nadu,Southern Railway,Tamil Nadu,"Cuddalore Port, Tamil Nadu 607003, India",79.7427916,11.7072556
0,HRR,Harihar,Harihar Karnataka,South Western Railway,Karnataka,"Harihar, Karnataka, India",75.8071609,14.5152216
0,KKM,Kamalapuram,Kamalapuram Andhra Pradesh,South Central Railway,Andhra Pradesh,"Kamalapuram, Andhra Pradesh 516289, India",78.6697553,14.5993596
0,NHLN,Naharlagun,Naharlagun Arunachal Pradesh,North Frontier Railway,Arunachal Pradesh,Naharlagun 791110,93.6983979,27.1086309
0,CPQ,Chaprakata,Chaprakata Assam,North Frontier Railway,Assam,"Chaprakata, Assam, India",90.6133111,26.4859378
0,OPL,Uppal,Uppal Telangana,South Central Railway,Telangana,"Uppal, Hyderabad, Telangana, India",78.5582652,17.3983774
0,DPH,DADHAPARA,DADHAPARA Chhatisgarh,South East Central Railway,Chhatisgarh,"Dadhapara, Bodri, Chhattisgarh 495223, India",82.1237192,22.0296691
0,HRW,Harrawala,Harrawala Uttarakhand,Northern Railway,Uttarakhand,"Harrawala, Uttarakhand, India",78.0971772,30.2552505
0,WANI,Wani,Wani Maharashtra,Central Railway,Maharashtra,"Wani, Maharashtra 445304, India",78.9525208,20.0560751
0,KJV,Khijadiya Jn,Khijadiya Jn Gujarat,Western Railway,Gujarat,"Khijadiya Junction, Khijadiya Radadiya, Gujarat 365435, India",71.2762072,21.7409446
0,AUWA,Nathwana,Nathwana Rajasthan,North Western Railway,Rajasthan,"Nathwana, Rajasthan 335063, India",74.4071271,29.7898891
0,SNI,Sindi,Sindi Maharashtra,Central Railway,Maharashtra,"Sindi, Maharashtra 442105, India",78.8877997,20.8071089
0,MWJ,MARWASGRAM,MARWASGRAM Madhya Pradesh,West Central Railway,Madhya Pradesh,"Marwasgram, Katarwar, Amahiya, Madhya Pradesh 486669, India",81.7754379,24.0970055
0,DTT,Dodaanatta,Dodaanatta Karnataka,South Western Railway,Karnataka,"Dodaanatta Halt, Doddanatha, Karnataka 563125, India",78.136,13.3744
0,TEK,TEKKALI,TEKKALI Andhra Pradesh,East Coast Railway,Andhra Pradesh,"Tekkali, Andhra Pradesh 532201, India",84.2299771,18.6051444
0,KVJ,KESHAVGANJ,KESHAVGANJ Rajasthan,North Western Railway,Rajasthan,"Keshavganj, Rajasthan, India",73.0752454,24.857929
0,BWC,Banwali,Banwali Rajasthan,North Western Railway,Rajasthan,"Banwali, Rajasthan, India",74.8799518,26.9888278
0,BARS,Jhareda,Jhareda Rajasthan,North Central Railway,Rajasthan,"Jhareda, Rajasthan 301030, India",76.6961305,27.5011018
0,KWR,Koelwar,Koelwar Bihar,East Central Railway,Bihar,"Koilwar, Bihar 802160, India",84.7915999,25.5792683
0,RJLK,RAJALUKAH,RAJALUKAH Odisha,South Eastern Railway,Odisha,"Rajalukah, Mohanala, Odisha 757086, India",86.61734,22.15302
0,RG,Rajghat Narora,Rajghat Narora Uttar Pradesh,Northern Railway,Uttar Pradesh,"Narora, Uttar Pradesh 203389, India",78.3813785,28.196777
0,ORC,ORCHHA,ORCHHA Madhya Pradesh,North Central Railway,Madhya Pradesh,"Orchha, Madhya Pradesh 472246, India",78.6389169,25.3511006
0,TMA,TAMURIA,TAMURIA Bihar,East Central Railway,Bihar,"Tamuria, Bihar 847410, India",86.355418,26.2464336
0,NDW,Nadwan,Nadwan Bihar,East Central Railway,Bihar,"Nadwan, Bihar 804452, India",85.0681528,25.3990589
0,ANM,Anaimalai Road,Anaimalai Road Tamil Nadu,Southern Railway,Tamil Nadu,"Anaimalai - Poolankinar Rd, Tamil Nadu, India",77.0659298,10.5489713
0,KBT,Kadambattur,Kadambattur Tamil Nadu,Southern Railway,Tamil Nadu,"Kadambathur, Tamil Nadu 631203, India",79.8634388,13.0972156
0,HFZ,HAFIZPETA,HAFIZPETA Telangana,South Central Railway,Telangana,"Hafeezpet, Hyderabad, Telangana, India",78.3602942,17.4841683
0,RAM,RAMAPURAM,RAMAPURAM Andhra Pradesh,South Central Railway,Andhra Pradesh,"Ramapuram, Andhra Pradesh 601201, India",80.085331,13.5141305
0,SIVN,SIVNAR HALT,SIVNAR HALT Bihar,East Central Railway,Bihar,"Sivnar Halt, Sheonar, Bihar 803302, India",85.893359,25.399274
0,KQX,KACHUJOR,KACHUJOR West Bengal,Eastern Railway,West Bengal,"Kachujor, West Bengal 731104, India",87.4727791,23.8408287
0,BGM,BELAGAVI,BELAGAVI Karnataka,South Western Railway,Karnataka,"Belagavi, Karnataka, India",74.4976741,15.8496953
0,DGS,DAGORI,DAGORI Chhatisgarh,South East Central Railway,Chhatisgarh,"Dagori, Chhattisgarh 495224, India",82.0665903,21.8935906
0,TKE,Tarikere Jn,Tarikere Jn Karnataka,South Western Railway,Karnataka,"Tarikere, Karnataka 577228, India",75.8106064,13.7116894
0,PCZ,Pocharam,Pocharam Telangana,South Central Railway,Telangana,"Pocharam, Telangana, India",78.6058242,17.1728855
0,BAY,Ballari Jn,Ballari Jn Karnataka,South Western Railway,Karnataka,"Ballari, Karnataka, India",76.9214428,15.1393932
0,CNPR,Chainpur,Chainpur Jharkhand,East Central Railway,Jharkhand,"Chainpur, Jharkhand, India",84.2427784,23.1347798
0,DRU,Kadur,Kadur Karnataka,South Western Railway,Karnataka,"Kadur, Karnataka 577548, India",76.0084259,13.5485598
0,PAK,Pakala Jn,Pakala Jn Andhra Pradesh,South Central Railway,Andhra Pradesh,"Pakala, Andhra Pradesh 517112, India",79.1148336,13.4505508
0,CTY,Krishngr Cty Jn,Krishngr Cty Jn Andhra Pradesh,South Central Railway,Andhra Pradesh,"Andhra Pradesh, India",79.7399875,15.9128998
0,SLN,Sultanpur,Sultanpur Uttar Pradesh,Northern Railway,Uttar Pradesh,"Sultanpur, Uttar Pradesh, India",82.0659858,26.2585371
0,KPK,KALIPAHARI,KALIPAHARI West Bengal,Eastern Railway,West Bengal,"Kalipahari, West Bengal 722137, India",86.8747223,23.4315964
0,MRK,Markapur Road,Markapur Road Andhra Pradesh,South Central Railway,Andhra Pradesh,"Markapur Rd, Andhra Pradesh 523316, India",79.2802577,15.7349539
0,BMB,Bamra,Bamra Odisha,South Eastern Railway,Odisha,"Bamra, Odisha 768221, India",84.288444,22.0525565
0,NDAE,Nabadwip Dham,Nabadwip Dham West Bengal,Eastern Railway,West Bengal,"Nabadwip, West Bengal, India",88.3658569,23.4036694
0,SZE,SONARDIH,SONARDIH Jharkhand,East Central Railway,Jharkhand,"Sonardih, Jharkhand 828125, India",86.2628383,23.7970527
0,CM,Campierganj,Campierganj Uttar Pradesh,North Eastern Railway,Uttar Pradesh,"Campirganj, Uttar Pradesh 273158, India",83.2741986,27.0294908
0,SNKR,SANKA,SANKA West Bengal,South Eastern Railway,West Bengal,"Sanka, West Bengal 712306, India",88.2406419,22.7554794
0,SWNI,Siwani,Siwani Haryana,North Western Railway,Haryana,"Siwani, Haryana 127046, India",75.6120795,28.9084317
0,HSDA,Hansdiha,Hansdiha Jharkhand,Eastern Railway,Jharkhand,"Hansdiha, Jharkhand 814145, India",87.0799077,24.6000086
0,SKND,SUKINDA ROAD,SUKINDA ROAD Odisha,East Coast Railway,Odisha,"Sukinda Rd, Sukinda, Odisha 755018, India",85.9139753,20.9689498
0,APL,Appikatla,Appikatla Andhra Pradesh,South Central Railway,Andhra Pradesh,"Appikatla, Andhra Pradesh 522310, India",80.5091133,15.9729456
0,CLKA,Chilka,Chilka Odisha,East Coast Railway,Odisha,"Chilika Lake, Odisha",85.4788065,19.8449627
0,KZE,Kanhangad,Kanhangad Kerala,Southern Railway,Kerala,"Kanhangad, Kerala, India",75.091508,12.3310887
0,NDY,Nandi Halt,Nandi Halt Karnataka,South Western Railway,Karnataka,"Karnataka, India",75.7138884,15.3172775
0,TLT,TILATI,TILATI Maharashtra,Central Railway,Maharashtra,"Tilati, Alegaon, Maharashtra 413228, India",76.035934,17.528984
0,KCR,KHONKER,KHONKER Madhya Pradesh,West Central Railway,Madhya Pradesh,"Khonkar, Madhya Pradesh 473113, India",77.4988753,24.809427
0,MOHR,MOHANA,MOHANA Haryana,Northern Railway,Haryana,"Mohana, Haryana 131001, India",76.8620064,29.0338926
0,NS,Narasapur,Narasapur Andhra Pradesh,South Central Railway,Andhra Pradesh,"Narsapur, Andhra Pradesh, India",81.7014331,16.4393431
0,NRD,Naroda,Naroda Gujarat,Western Railway,Gujarat,"Naroda, Ahmedabad, Gujarat, India",72.6535961,23.0685865
0,KZT,Kulitthurai,Kulitthurai Tamil Nadu,Southern Railway,Tamil Nadu,"Kulitturai, Railway Station Rd, Marthandam, Tamil Nadu 629165, India",77.2186943,8.3013149
0,BLMR,Bhalukmara,Bhalukmara Assam,North Frontier Railway,Assam,"No.1 Bhalukmara, Assam, India",94.1027738,26.6700041
0,SYWN,Saiyid Sarawan,Saiyid Sarawan Uttar Pradesh,North Central Railway,Uttar Pradesh,"Saiyid Sarawan, Saiyed Sarawan, Uttar Pradesh 212203, India",81.6231511,25.4902808
0,MSDH,MASNADIH,MASNADIH Bihar,East Central Railway,Bihar,"Masnadih, Unchi Dih, Bihar 845305, India",84.817165,26.9203595
0,MLGH,Mandalgarh,Mandalgarh Rajasthan,West Central Railway,Rajasthan,"Mandalgarh, Rajasthan 311604, India",75.0923065,25.2037567
0,DOE,Deori,Deori Madhya Pradesh,West Central Railway,Madhya Pradesh,"Deori, Madhya Pradesh 470226, India",79.0164736,23.3897561
0,BHI,Baheri,Baheri Uttar Pradesh,North Eastern Railway,Uttar Pradesh,"Baheri, Uttar Pradesh 243201, India",79.4956974,28.7780401
0,MSS,MASARAHALLI,MASARAHALLI Karnataka,South Western Railway,Karnataka,"Mosarahalli, Karnataka 577245, India",75.7371285,13.8141548
0,KTE,Katni,Katni Madhya Pradesh,West Central Railway,Madhya Pradesh,"Katni, Madhya Pradesh, India",80.3893814,23.8343441
0,PKT,PATTUKOTTAI,PATTUKOTTAI Tamil Nadu,Southern Railway,Tamil Nadu,"Pattukkottai, Tamil Nadu 614601, India",79.3199985,10.4232271
0,SDDN,Siddharth Nagar,Siddharth Nagar Uttar Pradesh,North Eastern Railway,Uttar Pradesh,"Siddharthnagar, Uttar Pradesh, India",82.820974,27.2715633
0,SKND,Sukinda Road,Sukinda Road Odisha,East Coast Railway,Odisha,"Sukinda Rd, Sukinda, Odisha 755018, India",85.9139753,20.9689498
0,CBT,Charbatia,Charbatia Odisha,East Coast Railway,Odisha,"Charibatia, Odisha, India",85.929177,20.5588281
0,LMK,Limkheda,Limkheda Gujarat,Western Railway,Gujarat,"Limkheda, Gujarat, India",73.9903489,22.8358179
0,GAA,Galan,Galan Maharashtra,Central Railway,Maharashtra,"Galan BK, Maharashtra 424201, India",75.2697811,20.5997543
0,AYV,Aryankavu,Aryankavu Kerala,Southern Railway,Kerala,"Aryankavu, Kerala 691309, India",77.1494408,8.9750633
0,MAJN,Mangaluru Jn,Mangaluru Jn Karnataka,Central Railway,Karnataka,"VVH3+P7X, Tejaswini Hospital Rd, Mallikatte, Kadri, Mangaluru, Karnataka 575002, India",74.8532499,12.879351
0,VAK,Varkalasivagiri,Varkalasivagiri Kerala,Southern Railway,Kerala,"Varkala Sivagiri, Railway Foot Overbridge, Varkala, Kerala 695141, India",76.7235034,8.7401948
0,RANI,Rani,Rani Rajasthan,North Western Railway,Rajasthan,"Rani Gaon, Rajasthan 306115, India",73.2912784,25.3583365
0,CH,Chandausi Jn,Chandausi Jn Uttar Pradesh,Northern Railway,Uttar Pradesh,"Chandausi Junction, Station Road, Shakti Nagar, Chandausi, Uttar Pradesh 202412, India",78.7792551,28.4592292
0,JRL,JHARILI,JHARILI Haryana,North Western Railway,Haryana,"Jharli, Haryana, India",76.3825391,28.4995978
0,JN,Mainpuri Jn,Mainpuri Jn Gujarat,Western Railway,Gujarat,"Gujarat, India",71.5723953,22.6708317
0,HAD,Harippad,Harippad Kerala,Southern Railway,Kerala,"Haripad, Kerala 690514, India",76.4592235,9.2798559
0,JJG,Jiaganj,Jiaganj West Bengal,Eastern Railway,West Bengal,"Jiaganj Azimganj, West Bengal, India",88.2607188,24.2351094
0,PRNR,PORJANPUR,PORJANPUR Odisha,East Coast Railway,Odisha,"Porjanpur, Parjanpur, Odisha 758013, India",85.5219,21.7896
0,SRSL,SIRSALA,SIRSALA Rajasthan,North Western Railway,Rajasthan,"Sirsala, Rajasthan 331029, India",75.1342414,28.4328751
0,WRS,Wrs Colony P H,Wrs Colony P H Bihar,East Central Railway,Bihar,"Bihar, India",85.2722472,25.9644427
0,ANC,ANNECHAKANAHALI,ANNECHAKANAHALI Karnataka,South Western Railway,Karnataka,"Annechakanahali, SH 57, Peddanahalli, Karnataka 573211, India",76.2779913,12.740776
0,NKI,Naikheri,Naikheri Madhya Pradesh,Western Railway,Madhya Pradesh,"Naikheri, Railway Station Rd, Naikhedi, Madhya Pradesh 456006, India",75.6828383,23.2006806
0,JSM,Jaisalmer,Jaisalmer Rajasthan,North Western Railway,Rajasthan,"Jaisalmer, Rajasthan 345001, India",70.9083443,26.9157487
0,GAJ,Ganeshganj,Ganeshganj Madhya Pradesh,West Central Railway,Madhya Pradesh,"Ganeshganj, Madhya Pradesh 480886, India",79.5814145,22.4765507
0,BTO,Bhitaura,Bhitaura Uttar Pradesh,Northern Railway,Uttar Pradesh,"Bhitaura, Uttar Pradesh 212601, India",80.7616247,25.9511778
0,VRI,Vridhachalam Jn,Vridhachalam Jn Tamil Nadu,Southern Railway,Tamil Nadu,"Virudhachalam, Tamil Nadu 606001, India",79.3266195,11.5160935
0,VKZ,V N Rajuvaripta,V N Rajuvaripta Andhra Pradesh,Southern Railway,Andhra Pradesh,"Andhra Pradesh, India",79.7399875,15.9128998
0,SNK,SONSHELU,SONSHELU Maharashtra,Western Railway,Maharashtra,"Sonshelu, Maharashtra 425408, India",74.6546816,21.2666081
0,ANSB,Anandpur Sahib,Anandpur Sahib Punjab,Northern Railway,Punjab,"Anandpur Sahib, Punjab, India",76.5012734,31.2355318
0,NXN,NUAGAON ROAD,NUAGAON ROAD Odisha,South Eastern Railway,Odisha,"Nuagaon Rd, Odisha 757049, India",86.6236645,21.9505749
0,INP,Indapur,Indapur Maharashtra,Konkan Railway,Maharashtra,"Indapur, Maharashtra 413106, India",75.0234074,18.1186943
0,MJN,Makum Jn,Makum Jn Assam,North Frontier Railway,Assam,"Makum, Assam, India",95.4358027,27.4864788
0,SNGN,Sanganer,Sanganer Rajasthan,North Western Railway,Rajasthan,"Sanganer, Jaipur, Rajasthan, India",75.7659513,26.8191641
0,SMPA,Shyampura,Shyampura Rajasthan,West Central Railway,Rajasthan,"Shyampura, Rajasthan 311604, India",75.2734127,25.2602853
0,BLME,Bholidih,Bholidih Jharkhand,East Central Railway,Jharkhand,"Bolidih, Jharkhand, India",86.1102851,23.8942659
0,PDG,Paradgaon,Paradgaon Maharashtra,South Central Railway,Maharashtra,"Paradgaon, Maharashtra, India",76.1435915,19.611053
0,SLW,Sohwal,Sohwal Uttar Pradesh,Northern Railway,Uttar Pradesh,"Sohawal, Uttar Pradesh 224188, India",81.9853628,26.7525211
0,KWV,Sisibargaon,Sisibargaon Maharashtra,Central Railway,Maharashtra,"Maharashtra, India",75.7138884,19.7514798
0,SVJR,Shivajinagar,Shivajinagar Maharashtra,Central Railway,Maharashtra,"Shivajinagar, Maharashtra 401603, India",73.2558952,19.8726509
0,DG,Dindigul Jn,Dindigul Jn Tamil Nadu,Southern Railway,Tamil Nadu,"Dindigul, Tamil Nadu 624001, India",77.9694579,10.3623794
0,JBN,JOGBANI,JOGBANI Bihar,North Frontier Railway,Bihar,"Jogbani, Bihar, India",87.2568579,26.3991195
0,JNA,Julana,Julana Haryana,Northern Railway,Haryana,"Julana, Haryana 126101, India",76.4013471,29.1229795
0,MIO,MOLISAR,MOLISAR Rajasthan,North Western Railway,Rajasthan,"Molisar Chhota, Rajasthan 331031, India",74.8360918,28.1380558
0,RGPM,Raghavapuram,Raghavapuram Telangana,South Central Railway,Telangana,"Raghavapuram, Telangana 508213, India",79.774391,17.1410374
0,ASK,Arsikere Jn,Arsikere Jn Karnataka,South Western Railway,Karnataka,"Arsikere, Karnataka 573103, India",76.2565857,13.3133834
0,DNHK,Dhindhora HKMKD,Dhindhora HKMKD Rajasthan,West Central Railway,Rajasthan,"Rajasthan, India",74.2179326,27.0238036
0,OBVP,Obulavaripalli,Obulavaripalli Andhra Pradesh,South Central Railway,Andhra Pradesh,"Obulavaripalli, Andhra Pradesh 516108, India",79.2648481,14.0374777
0,HRN,Harauni,Harauni Uttar Pradesh,Northern Railway,Uttar Pradesh,"Haroni, Uttar Pradesh 226401, India",80.7463852,26.7033756
0,BME,Barmer,Barmer Rajasthan,North Western Railway,Rajasthan,"Barmer, Rajasthan 344001, India",71.3966865,25.7521467
0,BRNR,BARUANAGAR,BARUANAGAR Assam,North Frontier Railway,Assam,"Mridong Para and Barua Nagar, Assam, India",95.1979641,27.1393173
0,KBJ,Kantabanji,Kantabanji Odisha,East Coast Railway,Odisha,"Kantabanji, Odisha 767039, India",82.9208964,20.4677216
0,NBX,Nizbarganj,Nizbarganj Assam,North Frontier Railway,Assam,"Assam, India",92.9375739,26.2006043
0,SKLR,Sakleshpur,Sakleshpur Karnataka,South Western Railway,Karnataka,"Sakleshpura, Karnataka, India",75.7865653,12.9441511
0,KJPD,KURINIJIPADI,KURINIJIPADI Tamil Nadu,Southern Railway,Tamil Nadu,"Kurinjipadi, Tamil Nadu 607302, India",79.5973299,11.5621527
0,BUDI,Bundi,Bundi Rajasthan,West Central Railway,Rajasthan,"Bundi, Rajasthan 323001, India",75.6482726,25.4325869
0,KCG,Kacheguda,Kacheguda Telangana,South Central Railway,Telangana,"Kachiguda, Hyderabad, Telangana, India",78.4933352,17.3900857
0,VN,Vaniyambadi,Vaniyambadi Tamil Nadu,Southern Railway,Tamil Nadu,"Vaniyambadi, Tamil Nadu, India",78.6167374,12.6824796
0,BEH,Bagdihi,Bagdihi Odisha,South Eastern Railway,Odisha,"Bagdehi, Jharmunda, Odisha 768220, India",84.18641,21.95125
0,GTU,Ghat Nandur,Ghat Nandur Maharashtra,South Central Railway,Maharashtra,"Ghatnandur, Maharashtra, India",75.626628,18.5656547
0,BET,Bareth,Bareth Madhya Pradesh,West Central Railway,Madhya Pradesh,"Bareth, Madhya Pradesh 464221, India",77.9981316,23.9163378
0,DLCR,Dullabcherra,Dullabcherra Assam,North Frontier Railway,Assam,"Dullabcherra, Assam 788736, India",92.4341515,24.4858154
0,BSM,BISANATTAM,BISANATTAM Karnataka,South Western Railway,Karnataka,"Bisanattam, Bodenahalli, Andhra Pradesh 563129, India",78.249978,12.842433
0,PRCA,PERECHERLA,PERECHERLA Andhra Pradesh,South Central Railway,Andhra Pradesh,"Perecherla, Andhra Pradesh 522005, India",80.3514098,16.3316016
0,RPAN,Rangapara North,Rangapara North Assam,North Frontier Railway,Assam,"Rangapara, Assam, India",92.6934166,26.8125202
0,CAM,CHHOTA AMBANA,CHHOTA AMBANA Jharkhand,Eastern Railway,Jharkhand,"Chhota Ambana, Barambana, Jharkhand 828109, India",86.5723621,23.7621783
0,MURD,Mandawar M Rd,Mandawar M Rd Rajasthan,North Central Railway,Rajasthan,"Mandawar Mahwa Road, Post office Rd, Rajgarh, Mandawar, Rajasthan 301408, India",76.8505687,27.155818
0,KRZ,KHARAWAR,KHARAWAR Haryana,Northern Railway,Haryana,"Kharawar, Haryana, India",76.6845832,28.8318787
0,VTE,Venkatagiri Kote Halt,Venkatagiri Kote Halt Karnataka,South Western Railway,Karnataka,"Venkatagiri Kote, Karnataka 562110, India",77.7334051,13.3273361
0,CDM,CHIDAMBARAM,CHIDAMBARAM Tamil Nadu,Southern Railway,Tamil Nadu,"Chidambaram, Tamil Nadu, India",79.6912455,11.4070449
0,DAM,Mirzapur Bchaud,Mirzapur Bchaud Uttar Pradesh,Northern Railway,Uttar Pradesh,"Mirzapur, Uttar Pradesh, India",82.5644344,25.1336987
0,URMA,URMA,URMA West Bengal,South Eastern Railway,West Bengal,"Urma, West Bengal 723143, India",86.2679155,23.1641578
0,CLJ,Colonelganj,Colonelganj Uttar Pradesh,North Eastern Railway,Uttar Pradesh,"Colonelganj, Uttar Pradesh 271502, India",81.6995822,27.1301495
0,HVR,Mmailara Haveri,Mmailara Haveri Karnataka,South Western Railway,Karnataka,"Haveri, Karnataka 581110, India",75.3990674,14.7950698
0,GKP,Gorakhpur Jn,Gorakhpur Jn Uttar Pradesh,North Eastern Railway,Uttar Pradesh,"Gorakhpur, Uttar Pradesh, India",83.3731675,26.7605545
0,CJN,Chhatna,Chhatna West Bengal,South Eastern Railway,West Bengal,"Chhatna, West Bengal, India",86.9649116,23.3084589
0,MAKM,Mararikulam,Mararikulam Kerala,Southern Railway,Kerala,"Mararikulam, Kerala, India",76.3116235,9.598736
0,BEHR,Beohari,Beohari Madhya Pradesh,West Central Railway,Madhya Pradesh,"Beohari, Madhya Pradesh 484774, India",81.3784155,24.0236967
0,KONY,KISONI,KISONI Madhya Pradesh,Western Railway,Madhya Pradesh,"Kisoni, Madhya Pradesh, India",76.39122,23.2913427
0,BPZ,Bazpur,Bazpur Uttarakhand,North Eastern Railway,Uttarakhand,"Bazpur, Uttarakhand 263401, India",79.1463868,29.1585345
0,SEE,Sonepur,Sonepur Bihar,East Central Railway,Bihar,"Sonepur, Bihar 841101, India",85.1783764,25.6942865
0,RJU,Bhemswadi,Bhemswadi Gujarat,Western Railway,Gujarat,"Bhemswadi, Bhenswadi, Gujarat 365535, India",71.359226,21.491465
0,MKA,Mokameh Jn,Mokameh Jn Bihar,East Central Railway,Bihar,"Mokameh Junction, Station Rd, Railway Colony, Mokama, Mokameh Khas, Bihar 803302, India",85.9141063,25.3920274
0,UDPU,Udaipura,Udaipura Tripura,North Frontier Railway,Tripura,"Udaipur, Tripura, India",91.4676394,23.5243038
0,LKKD,LAKKADKOT,LAKKADKOT Maharashtra,Western Railway,Maharashtra,"Lakkadkot, Maharashtra, India",79.340923,19.590852
0,SGZ,Shamgarh,Shamgarh Madhya Pradesh,West Central Railway,Madhya Pradesh,"Shamgarh, Madhya Pradesh 458883, India",75.6352989,24.1883179
0,SRTN,Sibsagar Town,Sibsagar Town Assam,North Frontier Railway,Assam,"Sivasagar, Assam, India",94.639424,26.989087
0,MRPR,Mau Ranipur,Mau Ranipur Uttar Pradesh,North Central Railway,Uttar Pradesh,"Mauranipur, Uttar Pradesh 284204, India",79.1365959,25.2462197
0,BOY,Bhadohi,Bhadohi Uttar Pradesh,Northern Railway,Uttar Pradesh,"Bhadohi Nagar Palika, Uttar Pradesh, India",82.5676981,25.3804531
0,SRGT,Surendranagar G,Surendranagar G Gujarat,Western Railway,Gujarat,"Surendranagar, Gujarat, India",71.6369542,22.7251204
0,VDH,Vedchha,Vedchha Gujarat,Western Railway,Gujarat,"Vedchha, Gujarat, India",72.9490094,20.8689039
0,HD,Harda,Harda Madhya Pradesh,West Central Railway,Madhya Pradesh,"Harda, Madhya Pradesh 461331, India",77.0889583,22.3466702
0,DURE,Dumraon,Dumraon Bihar,East Central Railway,Bihar,"Dumraon, Bihar, India",84.1500155,25.5501128
0,SBO,Sabaur,Sabaur Bihar,Eastern Railway,Bihar,"Sabour, Bihar 813210, India",87.0451567,25.2442186
0,JA,JALIYA,JALIYA Gujarat,Western Railway,Gujarat,"Jaliya, Gujarat 365440, India",71.0601767,21.5513272
0,GTST,GAUTAMSTHAN,GAUTAMSTHAN Bihar,North Eastern Railway,Bihar,"Revelganj, Bihar, India",84.6740642,25.7609295
0,JMK,Jamunamukh,Jamunamukh Assam,North Frontier Railway,Assam,"Jamunamukh, Assam 782428, India",92.7456298,26.1069743
0,JN,Batala Jn,Batala Jn Gujarat,Western Railway,Gujarat,"Gujarat, India",71.5723953,22.6708317
0,NWR,Niwar,Niwar Madhya Pradesh,West Central Railway,Madhya Pradesh,"Madhya Pradesh, India",78.6568942,22.9734229
0,JOK,JODHKA,JODHKA Haryana,Null,Haryana,"Jodhka, Haryana 125055, India",75.221785,29.4965074
0,OLR,OLLUR,OLLUR Kerala,Southern Railway,Kerala,"Ollur, Thrissur, Kerala, India",76.2386765,10.4824761
0,HW,Haridwar Jn,Haridwar Jn Uttarakhand,Northern Railway,Uttarakhand,"Haridwar, Uttarakhand, India",78.1642478,29.9456906
0,KIT,Khallikot,Khallikot Odisha,East Coast Railway,Odisha,"Khallikot, Odisha, India",85.0765906,19.6072997
0,SVX,Savarda,Savarda Maharashtra,Konkan Railway,Maharashtra,"Sawarde, Maharashtra 415606, India",73.541744,17.4053426
0,PBE,Pilibhit Jn,Pilibhit Jn Uttar Pradesh,North Eastern Railway,Uttar Pradesh,"Pilibhit, Uttar Pradesh 262001, India",79.8075272,28.62494
0,NAZJ,Nazirganj,Nazirganj Bihar,East Central Railway,Bihar,"Nazirganj, Bihar, India",84.1639569,25.4649225
0,NJN,Naojan,Naojan Assam,North Frontier Railway,Assam,"Naojan, Assam 785603, India",94.0261248,26.3836427
0,BLT,Balotra Jn,Balotra Jn Rajasthan,North Western Railway,Rajasthan,"Balotra, Rajasthan, India",72.2455699,25.8302463
0,GNU,Ganaur,Ganaur Haryana,Northern Railway,Haryana,"Ganaur, Haryana 131101, India",77.020608,29.1354856
0,JJ,JAJAU,JAJAU Uttar Pradesh,North Central Railway,Uttar Pradesh,"Jajau, Uttar Pradesh 283124, India",77.9410251,26.9431796
0,IZN,Izzatnagar,Izzatnagar Uttar Pradesh,North Eastern Railway,Uttar Pradesh,"Izatnagar, Bareilly, Uttar Pradesh, India",79.4245216,28.4025574
0,GAL,GHATLA,GHATLA Rajasthan,North Western Railway,Rajasthan,"Ghatla, Rajasthan, India",76.6239423,27.733024
0,RD,Manthralayam Rd,Manthralayam Rd Bihar,East Central Railway,Bihar,"Bihar, India",85.2722472,25.9644427
0,SFZ,Sndrya Kachari,Sndrya Kachari Madhya Pradesh,West Central Railway,Madhya Pradesh,"Madhya Pradesh, India",78.6568942,22.9734229
0,KUC,KARUKKUTTY,KARUKKUTTY Kerala,Southern Railway,Kerala,"Karukutty, Kerala, India",76.3748733,10.2269766
0,SRGP,Saragipali,Saragipali Odisha,East Coast Railway,Odisha,"Saragipali, Odisha 768112, India",84.2673851,21.4162105
0,KQQ,KAUKUNTLA,KAUKUNTLA Telangana,South Central Railway,Telangana,"Kaukuntla, Telangana 509219, India",77.8598923,16.5234445
0,TPY,Tadakalpudi,Tadakalpudi Telangana,South Central Railway,Telangana,"Tadakalpudi, Relakayalapally, Telangana 507122, India",80.4646877,17.5162786
0,BDW,Bandanwara,Bandanwara Rajasthan,North Western Railway,Rajasthan,"Bandanwara, Rajasthan 305621, India",74.7044425,26.1298069
0,KUGT,Kumarghat,Kumarghat Tripura,North Frontier Railway,Tripura,"Kumarghat, Tripura, India",92.0378331,24.1626766
0,KTES,Katni South,Katni South Madhya Pradesh,West Central Railway,Madhya Pradesh,"Katni South, Mangal Nagar, Katni, Madhya Pradesh 483504, India",80.4008897,23.8167057
0,BAB,Babina,Babina Uttar Pradesh,North Central Railway,Uttar Pradesh,"Babina, Uttar Pradesh 284401, India",78.4623211,25.249456
0,HMK,Hindumalkote,Hindumalkote Rajasthan,Northern Railway,Rajasthan,"Hindu Malkot, Rajasthan 335901, India",73.9256948,30.1475156
0,BKTL,BAKTAL,BAKTAL Madhya Pradesh,Western Railway,Madhya Pradesh,"Baktal, Madhya Pradesh 466001, India",77.0125445,23.2504723
0,KYM,Kadiyam,Kadiyam Andhra Pradesh,South Central Railway,Andhra Pradesh,"Kadiam, Andhra Pradesh, India",81.8182663,16.9135908
0,ODG,Obaidulla Ganj,Obaidulla Ganj Madhya Pradesh,West Central Railway,Madhya Pradesh,"Obaidullaganj, Madhya Pradesh 464993, India",77.5889251,22.9959075
0,ULL,Ullal,Ullal Karnataka,Southern Railway,Karnataka,"Ullal, Karnataka, India",74.8585442,12.8146637
0,TRWT,TARAVATA,TARAVATA Madhya Pradesh,West Central Railway,Madhya Pradesh,"Tarawata, Madhya Pradesh, India",77.3835623,24.7405284
0,GRX,Gaura,Gaura Uttar Pradesh,Northern Railway,Uttar Pradesh,"Gaura, Uttar Pradesh, India",83.5629746,26.7950043
0,MZY,MACHAPUR,MACHAPUR Odisha,East Coast Railway,Odisha,"Madhapur, Odisha 758030, India",85.8563007,21.6354927
0,NUD,Navagadh,Navagadh Gujarat,Western Railway,Gujarat,"Navagadh, Jetpur, Gujarat 360370, India",70.6172179,21.7674083
0,DNV,Donkinavalasa,Donkinavalasa Andhra Pradesh,East Coast Railway,Andhra Pradesh,"Donkinivalasa, Andhra Pradesh 535578, India",83.3544106,18.483657
0,ANG,Ahmadnagar,Ahmadnagar Maharashtra,Central Railway,Maharashtra,"Ahilya Nagar, Maharashtra, India",74.7479789,19.0948287
0,HMG,Hamirgarh,Hamirgarh Rajasthan,North Western Railway,Rajasthan,"Hamirgarh, Rajasthan, India",74.6268676,25.1881851
0,NPNR,Nepanagar,Nepanagar Madhya Pradesh,Central Railway,Madhya Pradesh,"Nepanagar, Madhya Pradesh 450221, India",76.4215988,21.4532252
0,NKRA,NOKHRA,NOKHRA Rajasthan,North Western Railway,Rajasthan,"Nokhra, Rajasthan, India",72.6478161,27.6358866
0,CNB,Kampur,Kampur Uttar Pradesh,North Central Railway,Uttar Pradesh,"Kanpur Nagar, Uttar Pradesh, India",80.2321313,26.4148245
0,BKO,Bindki Road,Bindki Road Uttar Pradesh,North Central Railway,Uttar Pradesh,"Bindki Rd, Uttar Pradesh, India",80.5741043,26.079986
0,KNVH,Kanivehalli,Kanivehalli Karnataka,South Western Railway,Karnataka,"Kanivehalli, Karnataka, India",76.0769003,13.8856783
0,SUJR,SUJRA,SUJRA Uttar Pradesh,Northern Railway,Uttar Pradesh,"Sujra, Uttar Pradesh 250601, India",77.2706868,29.0165326
0,YLK,YELLAKARU,YELLAKARU Andhra Pradesh,South Central Railway,Andhra Pradesh,"Yellakaru, Kalavalapudi, Andhra Pradesh 517536, India",79.649629,13.8466122
0,PWXP,PAWANI KUMARPUR HALT,PAWANI KUMARPUR HALT Bihar,East Central Railway,Bihar,"Pawani Kamarpur Halt, Katgharawa, Bihar 802114, India",83.9125,25.5104
0,RD,GULEDAGUDDA RD,GULEDAGUDDA RD Bihar,East Central Railway,Bihar,"Bihar, India",85.2722472,25.9644427
0,RAH,Rmgrh Shekhwati,Rmgrh Shekhwati Rajasthan,North Central Railway,Rajasthan,"Danta Ramgarh, Rajasthan, India",75.1846126,27.2566206
0,KCT,Kirakat,Kirakat Uttar Pradesh,North Eastern Railway,Uttar Pradesh,"Kerakat, Uttar Pradesh 222142, India",82.9160622,25.6384359
0,TJP,Tajpur,Tajpur Madhya Pradesh,Western Railway,Madhya Pradesh,"Tajpur, Madhya Pradesh, India",75.9034974,23.2251171
0,SNDI,SENDURAI,SENDURAI Tamil Nadu,Southern Railway,Tamil Nadu,"Sendurai, Tamil Nadu 621714, India",79.1728708,11.2534261
0,PRLI,Parli Vaijnath,Parli Vaijnath Maharashtra,South Central Railway,Maharashtra,"Parli Vaijnath, Maharashtra, India",76.5198462,18.8453169
0,SQW,SIDHWALIA,SIDHWALIA Bihar,North Eastern Railway,Bihar,"Sidhwalia, Bihar, India",84.6662199,26.3351642
0,MCJ,MANJATTIDAL,MANJATTIDAL Tamil Nadu,Southern Railway,Tamil Nadu,"Manjattidal, Southern Railway Colony, Tiruchirappalli, Tamil Nadu 620004, India",78.7318468,10.7925331
0,TLE,TALGARIA,TALGARIA Jharkhand,South Eastern Railway,Jharkhand,"Talgaria, Jharkhand 828129, India",86.3503495,23.6936762
0,PPT,Pirpainti,Pirpainti Bihar,Eastern Railway,Bihar,"Pirpainti, Bihar 813209, India",87.4283465,25.3242419
0,CPJ,Kaptanganj Jn,Kaptanganj Jn Uttar Pradesh,North Eastern Railway,Uttar Pradesh,"Kaptanganj, Uttar Pradesh 274301, India",83.7137223,26.9270041
0,UPL,UPPALUR,UPPALUR Andhra Pradesh,South Central Railway,Andhra Pradesh,"Uppalur, Andhra Pradesh, India",78.3982776,14.5968514
0,SJP,Shujalpur,Shujalpur Madhya Pradesh,Western Railway,Madhya Pradesh,"Shujalpur, Madhya Pradesh, India",76.7163359,23.3882023
0,KAL,Kallal,Kallal Tamil Nadu,Southern Railway,Tamil Nadu,"Kallal, Tamil Nadu 630305, India",78.6652242,9.986305
0,KBY,Khoirabari,Khoirabari Assam,North Frontier Railway,Assam,"Khoirabari, Assam 784522, India",91.8172069,26.6025201
0,KL,Kherli,Kherli Rajasthan,North Central Railway,Rajasthan,"Kherli, Rajasthan, India",77.0337548,27.2065212
0,PM,Digaru,Digaru Delhi,Northern Railway,Delhi,"Digaru, Assam 782401, India",91.9404655,26.2336698
0,ATRU,Atru,Atru Rajasthan,West Central Railway,Rajasthan,"Atru, Rajasthan 325218, India",76.6681412,24.8811263
0,SAW,Suriawan,Suriawan Uttar Pradesh,Northern Railway,Uttar Pradesh,"Suriyawan, Uttar Pradesh 221404, India",82.414701,25.4568281
0,KGL,Kupgal,Kupgal Andhra Pradesh,South Central Railway,Andhra Pradesh,"Kupgal, Andhra Pradesh 518344, India",77.219678,15.7254217
0,CBM,Cumbum,Cumbum Andhra Pradesh,South Central Railway,Andhra Pradesh,"Cumbum, Andhra Pradesh 523333, India",79.1098015,15.5795226
0,GNB,JNANA BHARTI HALT,JNANA BHARTI HALT Karnataka,South Western Railway,Karnataka,"Jnana Bharati Halt, ಮೈಸೂರು ರಸ್ತೆ, Kenchenhalli, ಜ್ಞಾನ ಭಾರತಿ, Kenchenhalli, Rajarajeshwari Nagar, Bengaluru, Karnataka 560056, India",77.5110282,12.9351483
0,BOW,Borawar,Borawar Rajasthan,North Western Railway,Rajasthan,"Borawar, Makrana, Rajasthan, India",74.6836958,27.0266498
0,SY,Sirkazhi,Sirkazhi Tamil Nadu,Southern Railway,Tamil Nadu,"Sirkali, Tamil Nadu, India",79.7372255,11.2407109
0,UREN,Uren,Uren Bihar,Eastern Railway,Bihar,"Uren, Bihar 847223, India",85.8614181,26.4216869
0,GHD,Garwa Road,Garwa Road Jharkhand,East Central Railway,Jharkhand,"Garhwa Bypass Rd, Jharkhand, India",83.8485475,24.1497055
0,GDV,Gudivada Jn,Gudivada Jn Andhra Pradesh,South Central Railway,Andhra Pradesh,"Gudivada, Andhra Pradesh, India",80.9931388,16.4344461
0,OMLF,Old Malda,Old Malda West Bengal,North Frontier Railway,West Bengal,"Old Malda, West Bengal, India",88.1364591,25.0557268
0,SEU,Sendra,Sendra Rajasthan,North Western Railway,Rajasthan,"Sendra, Rajasthan 306102, India",74.2175657,26.0853056
0,NOQ,New Alipurduar,New Alipurduar West Bengal,North Frontier Railway,West Bengal,"New Alipurduar, Alipurduar, Sobhaganj, West Bengal 736121, India",89.5411883,26.4863798
0,BHTR,Bhatpar Rani,Bhatpar Rani Uttar Pradesh,North Eastern Railway,Uttar Pradesh,"Bhatpar Rani, Uttar Pradesh, India",84.0312817,26.3087219
0,PTLR,Putlur Halt,Putlur Halt Tamil Nadu,Southern Railway,Tamil Nadu,"Putlur Halt, Putlur, Tamil Nadu 602003, India",79.9375816,13.1233067
0,MAS,Mgr Chennai Ctl,Mgr Chennai Ctl Tamil Nadu,Southern Railway,Tamil Nadu,"Chennai, Tamil Nadu, India",80.2704622,13.0843007
0,JSG,Jharsuguda Jn,Jharsuguda Jn Odisha,East Coast Railway,Odisha,"Jharsuguda JN, shortcut from bus stand to railway station,jharsuguda, Purani Basti, Jharsuguda, Odisha 768201, India",84.0188769,21.8631944
0,NYGT,Nayagarh Town,Nayagarh Town Odisha,East Coast Railway,Odisha,"Nayagarh, Odisha, India",85.1038426,20.1231332
0,AMM,ATIRAMPATTINAM,ATIRAMPATTINAM Tamil Nadu,Southern Railway,Tamil Nadu,"Adirampattinam, Tamil Nadu, India",79.3796453,10.3413175
0,NNO,BUGLANWALI,BUGLANWALI Delhi,Northern Railway,Delhi,"Buglanwali, Rajasthan 335064, India",74.228204,29.7879752
0,RD,Pariawan K.k.rd,Pariawan K.k.rd Bihar,East Central Railway,Bihar,"Pariawan, Bihar, India",85.1608985,25.2137063
0,SAP,Sattenapalle,Sattenapalle Andhra Pradesh,South Central Railway,Andhra Pradesh,"Sattenapalle, Andhra Pradesh 522403, India",80.1492601,16.3960329
0,JJP,Jhanjharpur,Jhanjharpur Bihar,East Central Railway,Bihar,"Jhanjharpur, Bihar 847404, India",86.2769166,26.26197
0,CTKT,Choti Khatu,Choti Khatu Rajasthan,North Western Railway,Rajasthan,"Chhoti Khatu, Badabara, Rajasthan 341023, India",74.4163156,27.192038
0,MBL,MANUBOLU,MANUBOLU Andhra Pradesh,South Central Railway,Andhra Pradesh,"Manubolu, Andhra Pradesh 524405, India",79.8742321,14.2084697
0,RBG,Raybag,Raybag Karnataka,South Western Railway,Karnataka,"Raibag, Karnataka 591317, India",74.7746684,16.4941345
0,AZR,Azamnagar Road,Azamnagar Road Bihar,North Frontier Railway,Bihar,"Azamnagar Road, Barhat, Bihar 855113, India",87.852498,25.556021
0,BAZ,Baran,Baran Rajasthan,West Central Railway,Rajasthan,"Baran, Rajasthan, India",76.5119321,25.1012882
0,BXG,Bhanga,Bhanga Assam,North Frontier Railway,Assam,"Assam, India",92.9375739,26.2006043
0,KASR,Kanas Road,Kanas Road Odisha,East Coast Railway,Odisha,"Kanas - Sirei Rd, Odisha, India",85.6831542,19.9853217
0,KCF,KALCHINI,KALCHINI West Bengal,North Frontier Railway,West Bengal,"Kalchini, West Bengal 735217, India",89.448634,26.6924762
0,TO,TTIRUVALANGADU,TTIRUVALANGADU Tamil Nadu,Southern Railway,Tamil Nadu,"Tamil Nadu, India",78.6568942,11.1271225
0,HCNR,Harichandanpur,Harichandanpur Odisha,East Coast Railway,Odisha,"Harichandanpur, Odisha 758028, India",85.7910095,21.3378302
0,DMO,Damoh,Damoh Madhya Pradesh,West Central Railway,Madhya Pradesh,"Damoh, Madhya Pradesh 470661, India",79.4386591,23.8323022
0,BGRA,BAGHNAPARA,BAGHNAPARA West Bengal,Eastern Railway,West Bengal,"Baghnapara, West Bengal, India",88.3060574,23.2444475
0,HTL,Hatikhali,Hatikhali Assam,North Frontier Railway,Assam,"Hati Khali Gaon, Assam 782447, India",93.196797,25.7536466
0,CGY,Changanaseri,Changanaseri Kerala,Southern Railway,Kerala,"Changanassery, Kerala, India",76.5402167,9.4464941
0,PNU,Palanpur Jn,Palanpur Jn Gujarat,Western Railway,Gujarat,"Palanpur, Gujarat 385001, India",72.434581,24.1724338
0,HAPA,Hapa,Hapa Gujarat,Western Railway,Gujarat,"Hapa, Gujarat, India",70.1485574,22.4471302
0,MNE,Mansi Jn,Mansi Jn Bihar,East Central Railway,Bihar,"Mansi, Bihar 851214, India",86.5578123,25.5170984
0,BLPR,Badulipar,Badulipar Assam,North Frontier Railway,Assam,"Badulipar, Assam, India",93.8795305,26.6424073
0,JLWC,Jhalawar City,Jhalawar City Rajasthan,West Central Railway,Rajasthan,"Jhalawar, Rajasthan 326001, India",76.1642846,24.593906
0,COE,Chitrod,Chitrod Gujarat,Western Railway,Gujarat,"Chitrod, Gujarat 370145, India",70.6767004,23.4093135
0,DCA,Damchera,Damchera Assam,North Frontier Railway,Assam,"Damcherra F.V., Assam 788162, India",92.6021835,24.2637033
0,MAUR,Maur,Maur Punjab,Northern Railway,Punjab,"Maur, Punjab 151509, India",75.2317403,30.064585
0,GMS,Garhmuktesar,Garhmuktesar Uttar Pradesh,Northern Railway,Uttar Pradesh,"Garh Mukteshwar, Uttar Pradesh 245205, India",78.0823084,28.789221
0,LSI,Laheria Sarai,Laheria Sarai Bihar,East Central Railway,Bihar,"Laheriasarai, Darbhanga, Bihar, India",85.9002279,26.1181098
0,SDN,Sholavandan,Sholavandan Tamil Nadu,Southern Railway,Tamil Nadu,"Sholavandan, Tamil Nadu 625214, India",77.9614763,10.0220859
0,PDRD,Pindra Road,Pindra Road Uttar Pradesh,Northern Railway,Uttar Pradesh,"Pindra Road, Deorai, Uttar Pradesh 221206, India",82.8530707,25.4944088
0,LMM,Lailakh Mamlkha,Lailakh Mamlkha Bihar,Eastern Railway,Bihar,"Lailakh Mamalkha, Baijalpur, Bihar 813210, India",87.1049925,25.2179864
0,SLX,Seleng Hat,Seleng Hat Assam,North Frontier Railway,Assam,"Selenghat, Selenghat, Baisahabi Grant, Assam 785636, India",94.4830381,26.7836414
0,KXN,Kanshbahal,Kanshbahal Odisha,South Eastern Railway,Odisha,"Kansbahal, Odisha, India",84.6636049,22.2167232
0,KRJD,KARJODA,KARJODA Gujarat,North Western Railway,Gujarat,"Karjoda, Gujarat 385001, India",72.4657568,24.2082134
0,PCK,PACHRUKHI,PACHRUKHI Bihar,North Eastern Railway,Bihar,"Pachrukhi, Bihar 841241, India",84.4139838,26.1615001
0,NMD,Nomoda,Nomoda Rajasthan,West Central Railway,Rajasthan,"Rajasthan, India",74.2179326,27.0238036
0,NNL,Narnaul,Narnaul Haryana,North Western Railway,Haryana,"Narnaul, Haryana 123001, India",76.106789,28.0687645
0,SVT,SHIVPURA,SHIVPURA Madhya Pradesh,Western Railway,Madhya Pradesh,"Shivpura, Madhya Pradesh, India",76.0101767,23.255915
0,GNHI,GANDHI HALT,GANDHI HALT Bihar,East Central Railway,Bihar,"Gandhi Halt, Painal, Bihar 801111, India",84.9576031,25.5715085
0,HGH,Haidergarh,Haidergarh Uttar Pradesh,Northern Railway,Uttar Pradesh,"Haidargarh, Uttar Pradesh 225124, India",81.3632674,26.6045812
0,BJO,Bijnor,Bijnor Uttar Pradesh,Northern Railway,Uttar Pradesh,"Bijnor, Uttar Pradesh 246701, India",78.1350904,29.3731673
0,KNDV,Krishnadevaraya Halt,Krishnadevaraya Halt Karnataka,South Western Railway,Karnataka,"Krishnadevaraya Halt, Bapuji Nagar, Bengaluru, Karnataka 560104, India",77.539465,12.9581044
0,JTW,Jaitwar,Jaitwar Madhya Pradesh,West Central Railway,Madhya Pradesh,"Jaitwara, Madhya Pradesh 485221, India",80.8668369,24.7394207
0,GKJ,Golakganj,Golakganj Assam,North Frontier Railway,Assam,"Golakganj, Assam 783334, India",89.8311875,26.1055618
0,DMM,Dharmavaram Jn,Dharmavaram Jn Andhra Pradesh,South Central Railway,Andhra Pradesh,"Dharmavaram, Andhra Pradesh, India",77.7201031,14.4124551
0,NLS,Nellore South,Nellore South Andhra Pradesh,South Central Railway,Andhra Pradesh,"Nellore, Andhra Pradesh, India",79.986456,14.4425987
0,ABLE,Ambale,Ambale Maharashtra,Null,Maharashtra,"Ambale, Maharashtra, India",74.1650991,18.4123239
0,DPZ,Devpura,Devpura Rajasthan,North Western Railway,Rajasthan,"Deopura, Rajasthan 313905, India",73.7873547,24.3058179
0,BLGA,BELAGULA,BELAGULA Karnataka,South Western Railway,Karnataka,"Belagola, Karnataka 577126, India",75.3321079,13.4661164
0,SGRE,Sulgare,Sulgare Maharashtra,Central Railway,Maharashtra,"Sulgare, Salgare, Maharashtra 416418, India",74.903782,16.8929894
0,HP,Haripur,Haripur Rajasthan,North Western Railway,Rajasthan,"Haripur, Rajasthan 306304, India",74.0284966,26.017251
0,DIG,Duggirala,Duggirala Andhra Pradesh,South Central Railway,Andhra Pradesh,"Duggirala, Andhra Pradesh 522330, India",80.6271912,16.3273225
0,GRI,Guriya,Guriya Rajasthan,North Western Railway,Rajasthan,"Guriya, Rajasthan 306307, India",73.9418603,25.9992906
0,KNM,KANIMAHULI,KANIMAHULI Jharkhand,Null,Jharkhand,"Kanimahuli, Jharkhand, India",86.7893889,22.4897027
0,DIA,Didwana,Didwana Rajasthan,North Western Railway,Rajasthan,"Didwana, Rajasthan 341303, India",74.5728107,27.399774
0,JGNR,JOGENDRANAGAR,JOGENDRANAGAR Tripura,North Frontier Railway,Tripura,"Jogendra Nagar, Agartala, Tripura, India",91.3035514,23.8113517
0,WKA,Vakav,Vakav Maharashtra,Central Railway,Maharashtra,"Wakav, Maharashtra, India",75.5946194,17.9811344
0,KRQ,KARARI,KARARI Uttar Pradesh,North Central Railway,Uttar Pradesh,"Karari, Uttar Pradesh 212206, India",81.4265248,25.4520515
0,POA,Pallikona,Pallikona Andhra Pradesh,South Central Railway,Andhra Pradesh,"Pallekona, Andhra Pradesh, India",80.8026423,16.0622801
0,MRJ,Miraj Jn,Miraj Jn Maharashtra,Central Railway,Maharashtra,"Miraj, Maharashtra, India",74.6508894,16.8222363
0,KRKD,KARAKAD,KARAKAD Kerala,Southern Railway,Kerala,"Karakkad, Nadackal, Kerala 686121, India",76.7899135,9.6979002
0,NYH,NAYANDAHALLI,NAYANDAHALLI Karnataka,South Western Railway,Karnataka,"Nayanda Halli, Bengaluru, Karnataka, India",77.5255638,12.944752
0,MKR,Maddikera,Maddikera Andhra Pradesh,South Central Railway,Andhra Pradesh,"Maddikera, Andhra Pradesh 518385, India",77.4166602,15.248763
0,PGU,Padugupadu,Padugupadu Andhra Pradesh,South Central Railway,Andhra Pradesh,"Padugupadu, Venkateswarapuram, Andhra Pradesh, India",79.9913005,14.4803357
0,JNP,Jagannathpur,Jagannathpur Odisha,East Coast Railway,Odisha,"Jagannathpur, Odisha 752101, India",85.912565,20.327984
0,KSNG,Kesinga,Kesinga Odisha,East Coast Railway,Odisha,"Kesinga, Odisha 766012, India",83.2104426,20.1850477
0,KDGH,KODIGEHALLI,KODIGEHALLI Karnataka,South Western Railway,Karnataka,"Kodigehalli, Bengaluru, Karnataka, India",77.5787819,13.0697279
0,GJS,Gajsinghpur,Gajsinghpur Rajasthan,North Western Railway,Rajasthan,"Gajsinghpur, Rajasthan 335024, India",73.4386481,29.6610352
0,BTD,Botad Jn,Botad Jn Gujarat,Western Railway,Gujarat,"Botad Junction, Railway Colony, Bharvad Vado, Botad, Gujarat 364710, India",71.6659155,22.1828952
0,GAYA,Gaya Jn,Gaya Jn Bihar,East Central Railway,Bihar,"Gaya Junction, 823002, Station Rd, Gol Bagicha, Gaya, Bihar 823001, India",84.9994495,24.8037555
0,DBG,Darbhanga Jn,Darbhanga Jn Bihar,East Central Railway,Bihar,"Darbhanga Junction, Railway Colony Road, Kathalbari, Darbhanga, Bihar 846004, India",85.9076362,26.1545977
0,SLS,SALANPUR,SALANPUR West Bengal,Eastern Railway,West Bengal,"Salanpur, West Bengal, India",86.8719821,23.7642799
0,YSI,Yedshi,Yedshi Maharashtra,Central Railway,Maharashtra,"Yedashi, Maharashtra 413405, India",75.9644645,18.3192781
0,NWMS,NOAPARA MAHISHA,NOAPARA MAHISHA West Bengal,Eastern Railway,West Bengal,"Naopara Mahishasur, Pilki, West Bengal 742226, India",88.1470005,24.3171502
0,BGZ,Bahadurgarh,Bahadurgarh Haryana,Northern Railway,Haryana,"Bahadurgarh, Haryana, India",76.9314064,28.6913756
0,KOAA,Kolkata Chitpur,Kolkata Chitpur West Bengal,Eastern Railway,West Bengal,"Chitpur, Barabazar Market, Kolkata, West Bengal 700001, India",88.3527712,22.5760838
0,DKLU,DOIKALLU,DOIKALLU Odisha,East Coast Railway,Odisha,"Doikallu, Bondhuguda, Odisha 765020, India",83.4851579,19.7413506
0,IKK,Ikkar,Ikkar Uttarakhand,Northern Railway,Uttarakhand,"Uttarakhand, India",79.0192997,30.066753
0,JNL,Jandiala,Jandiala Punjab,Northern Railway,Punjab,"Jandiala Manjki, Punjab 144033, India",75.6149893,31.1617158
0,WDL,WANDAL,WANDAL Karnataka,South Western Railway,Karnataka,"Wandal, Karnataka 586201, India",75.8860726,16.4145369
0,SHBL,SHIBLUN,SHIBLUN West Bengal,Eastern Railway,West Bengal,"Shiblun, Ambalgram, West Bengal 713140, India",88.0839,23.6961
0,BP,Barrackpore,Barrackpore West Bengal,Eastern Railway,West Bengal,"Barrackpur Cantonment, West Bengal, India",88.3515562,22.766117
0,CLG,Kahalgaon,Kahalgaon Bihar,Eastern Railway,Bihar,"Kahalgaon, Bihar, India",87.2366237,25.2627223
0,SHYP,Sakharayapatna,Sakharayapatna Karnataka,South Western Railway,Karnataka,"Sakarayapattana, Karnataka 577135, India",75.9174579,13.4356538
0,SGO,Saugor,Saugor Madhya Pradesh,West Central Railway,Madhya Pradesh,"Sagar, Madhya Pradesh, India",78.7378068,23.838805
0,KNRN,KANAROAN,KANAROAN Jharkhand,South Eastern Railway,Jharkhand,"Kanaroan, Konaroa, Jharkhand 835201, India",84.8779981,22.6028171
0,SIPR,Sihapar,Sihapar Uttar Pradesh,North Eastern Railway,Uttar Pradesh,"Sihapar Halt, NH 28, Bhiti Rawot, Uttar Pradesh 273209, India",83.1657365,26.7583849
0,EDN,Edamann,Edamann Kerala,Southern Railway,Kerala,"Edamon, Kerala, India",76.9815877,9.0062202
0,BXK,Bandarkhal,Bandarkhal Assam,North Frontier Railway,Assam,"Bandar Khal Punjee, Assam 788820, India",92.7599364,25.0099905
0,MO,Mohol,Mohol Maharashtra,Central Railway,Maharashtra,"Mohol, Maharashtra, India",75.6382422,17.8091987
0,GVL,Gudlavalleru,Gudlavalleru Andhra Pradesh,South Central Railway,Andhra Pradesh,"Gudlavalleru, Andhra Pradesh, India",81.0544917,16.3437071
0,LOM,LODHMA,LODHMA Jharkhand,South Eastern Railway,Jharkhand,"Lodhma, Jharkhand 834004, India",85.1984715,23.2363052
0,JRR,Jugaur,Jugaur Uttar Pradesh,Northern Railway,Uttar Pradesh,"Jugaur, Uttar Pradesh 225302, India",81.0340601,27.0138784
0,JNE,Janiyana,Janiyana Rajasthan,North Western Railway,Rajasthan,"Janiyana, Rajasthan 344022, India",72.3426071,25.8249873
0,NTT,NATHAPETTAI,NATHAPETTAI Tamil Nadu,Southern Railway,Tamil Nadu,"Nattapettai, Tamil Nadu, India",79.7346294,12.8175992
0,PPC,Pipraich,Pipraich Uttar Pradesh,North Eastern Railway,Uttar Pradesh,"Pipraich, Uttar Pradesh 273152, India",83.5293575,26.82935
0,PTKD,Patharkandi,Patharkandi Assam,North Frontier Railway,Assam,"Patharkandi, Assam 788724, India",92.3191925,24.6046237
0,AB,Ambur,Ambur Tamil Nadu,Southern Railway,Tamil Nadu,"Ambur, Tamil Nadu, India",78.7177271,12.7801672
0,KNS,KANCHAUSI,KANCHAUSI Uttar Pradesh,North Central Railway,Uttar Pradesh,"Kanchausi, Uttar Pradesh 206246, India",79.6354729,26.5979273
0,GHJ,Gursahaiganj,Gursahaiganj Uttar Pradesh,North Eastern Railway,Uttar Pradesh,"Gursahaiganj, Uttar Pradesh 209722, India",79.7304285,27.1170062
0,TLAM,Tulsi Ashram,Tulsi Ashram Uttar Pradesh,East Central Railway,Uttar Pradesh,"Tulsi Ashram, Nonar, Uttar Pradesh 232106, India",83.3511311,25.3420892
0,DMZ,DUMDANGI,DUMDANGI West Bengal,North Frontier Railway,West Bengal,"Dumdangi, Jhajhri, West Bengal 733207, India",88.2959611,26.4771025
0,TATA,Tatanagar Jn,Tatanagar Jn Jharkhand,South Eastern Railway,Jharkhand,"Tatanagar Junction, Tata Nagar, Khasmahal, Jugsalai, Jamshedpur, Jharkhand 831007, India",86.2011403,22.768494
0,UHL,Una Himachal,Una Himachal Himachal Pradesh,Northern Railway,Himachal Pradesh,"Una, Himachal Pradesh 174303, India",76.2708152,31.4684649
0,SDLE,SWADINPUR,SWADINPUR West Bengal,Eastern Railway,West Bengal,"Swadinpur Rd, Sadinpur, West Bengal 731243, India",87.8037169,24.2260474
0,ASV,Asarva Jn,Asarva Jn Gujarat,Western Railway,Gujarat,"Asarwa, Ahmedabad, Gujarat 380016, India",72.6083491,23.0487825
0,SI,Sonaili,Sonaili Bihar,North Frontier Railway,Bihar,"Sonaili, Bihar, India",87.7295746,25.5890603
0,OYR,Waria,Waria West Bengal,Eastern Railway,West Bengal,"Andal Gram, West Bengal, India",87.2157947,23.5822504
0,JOH,JUHARPURA,JUHARPURA Rajasthan,North Western Railway,Rajasthan,"Juharpura, Rajasthan 331031, India",74.8413918,28.1883693
0,JN,CHHINDWARA JN,CHHINDWARA JN Gujarat,Western Railway,Gujarat,"Gujarat, India",71.5723953,22.6708317
0,AIA,Ajaraka,Ajaraka Rajasthan,North Western Railway,Rajasthan,"Ajaraka, Rajasthan, India",76.557493,27.9593499
0,SRR,Shoranur Jn,Shoranur Jn Kerala,Southern Railway,Kerala,"Shoranur, Kerala, India",76.276381,10.7677457
0,DKN,DEVANGONTHI,DEVANGONTHI Karnataka,South Western Railway,Karnataka,"Devanagonthi, Karnataka 562114, India",77.8403016,12.9739469
0,KRAI,KAHET,KAHET Gujarat,Western Railway,Gujarat,"Gujarat, India",71.5723953,22.6708317
0,PUX,Parasia,Parasia Madhya Pradesh,Central Railway,Madhya Pradesh,"Parasia, Madhya Pradesh, India",78.7629104,22.189098
0,SH,Dhanakwada,Dhanakwada ,North Eastern Railway,,"Dhanakwada, Gujarat, India",71.8393443,24.1543697
0,LNH,Lachhmangarh Sk,Lachhmangarh Sk Rajasthan,North Western Railway,Rajasthan,"Laxmangarh, Rajasthan 332311, India",75.0268822,27.8214683
0,PAN,Panagarh,Panagarh West Bengal,Eastern Railway,West Bengal,"Panagarh, West Bengal, India",87.4792111,23.4363899
0,ANVT,Anand Vihar,Anand Vihar Delhi,Northern Railway,Delhi,"Anand Vihar, Delhi, India",77.3027059,28.650218
0,LKY,LAKHMAPUR,LAKHMAPUR Karnataka,South Western Railway,Karnataka,"Lakhamapur, Karnataka 587201, India",75.6149893,15.8772457
0,CGR,Chandan Nagar,Chandan Nagar West Bengal,Eastern Railway,West Bengal,"Chandannagar, West Bengal, India",88.3674381,22.867114
0,MYR,Maihar,Maihar Madhya Pradesh,West Central Railway,Madhya Pradesh,"Maihar, Madhya Pradesh 485771, India",80.7624352,24.2657817
0,SKPT,SOMANAYAKKANPTI,SOMANAYAKKANPTI Tamil Nadu,South Western Railway,Tamil Nadu,"Somanayakkanpatti, Vettapattu, Tamil Nadu 635815, India",78.5427587,12.5746983
0,TVS,TALAIVASAL,TALAIVASAL Tamil Nadu,Southern Railway,Tamil Nadu,"Thalaivasal, Tamil Nadu 636112, India",78.7582748,11.5867369
0,MAI,Mehsi,Mehsi Bihar,East Central Railway,Bihar,"Mehsi, Bihar 845426, India",85.098517,26.3562795
0,DOL,Dholi,Dholi Bihar,East Central Railway,Bihar,"Dholi(Moroul), Bihar 843121, India",85.592138,25.993137
0,KZI,KHANDRAWALI,KHANDRAWALI Uttar Pradesh,Northern Railway,Uttar Pradesh,"Khandrawali, Uttar Pradesh 247775, India",77.2793059,29.388802
0,TN,Marwar Ratanpra,Marwar Ratanpra Tamil Nadu,Southern Railway,Tamil Nadu,"Marwadi, Tamil Nadu 636805, India",78.0794561,12.4226343
0,PEN,PEN,PEN Maharashtra,Central Railway,Maharashtra,"Pen, Maharashtra 402107, India",73.0946926,18.7357931
0,KPD,Katpadi Jn,Katpadi Jn Tamil Nadu,Southern Railway,Tamil Nadu,"Katpadi Junction, Katpadi, Vellore, Tamil Nadu 632007, India",79.1384958,12.971978
0,LEDO,Ledo,Ledo Assam,North Frontier Railway,Assam,"Ledo, Assam 786182, India",95.7378808,27.2941392
0,AHA,Abhaipur,Abhaipur Bihar,Eastern Railway,Bihar,"Abhaipur, Bihar, India",86.320562,25.2166745
0,MTD,Merta Road Jn,Merta Road Jn Rajasthan,North Western Railway,Rajasthan,"Merta Road, Rajasthan 341511, India",73.9154069,26.7224741
0,JES,Jaitsar,Jaitsar Rajasthan,North Western Railway,Rajasthan,"Jaitsar, Rajasthan 342025, India",72.2186128,26.5924847
0,BSDA,Baniya Sanda DH,Baniya Sanda DH Rajasthan,North Western Railway,Rajasthan,"Rajasthan, India",74.2179326,27.0238036
0,RDRA,Ramdevra,Ramdevra Rajasthan,North Western Railway,Rajasthan,"Ramdevra, Rajasthan 345023, India",71.922199,27.0083843
0,GMAN,GUMANI,GUMANI Jharkhand,Eastern Railway,Jharkhand,"Gumani, Jharkhand 816110, India",87.7886302,24.7959815
0,KIC,Kallidaikurichi,Kallidaikurichi Tamil Nadu,Southern Railway,Tamil Nadu,"Kallidaikurchi, Tamil Nadu 627416, India",77.4650754,8.6829522
0,BHC,Bhadrak,Bhadrak Odisha,East Coast Railway,Odisha,"Bhadrak, Odisha, India",86.4962996,21.0573616
0,KLS,KOLATUR,KOLATUR Tamil Nadu,Southern Railway,Tamil Nadu,"Kolathur, Tamil Nadu 636303, India",77.7512744,11.8483541
0,MOGA,Moga,Moga Punjab,Northern Railway,Punjab,"Moga, Punjab 142001, India",75.1734471,30.8230114
0,MTY,Multai,Multai Madhya Pradesh,Central Railway,Madhya Pradesh,"Multai, Madhya Pradesh 460661, India",78.2571256,21.7751821
0,TKBG,Tekkabigha,Tekkabigha Bihar,East Central Railway,Bihar,"Teka Bigha, Bihar 824208, India",84.6962839,24.6817357
0,RKSN,Rajkharsawan Jn,Rajkharsawan Jn Jharkhand,South Eastern Railway,Jharkhand,"Rajkharsawan Junction, Chhota Amda, Jharkhand 833101, India",85.81168,22.73419
0,KEM,Kem,Kem Maharashtra,Central Railway,Maharashtra,"Kem, Maharashtra 413223, India",75.2741557,18.1706009
0,CTHR,Chitahra,Chitahra Madhya Pradesh,West Central Railway,Madhya Pradesh,"Chitahra, Madhya Pradesh 485331, India",80.8626864,24.8582772
0,CPLE,CHINPAI,CHINPAI West Bengal,Eastern Railway,West Bengal,"Chinpai, West Bengal 731104, India",87.4393397,23.8209584
0,BVN,Biswan,Biswan Uttar Pradesh,North Eastern Railway,Uttar Pradesh,"Biswan, Uttar Pradesh 261201, India",80.9964806,27.4937578
0,SBG,Sahibganj Jn,Sahibganj Jn Jharkhand,Eastern Railway,Jharkhand,"Sahibganj, Jharkhand 816109, India",87.6453592,25.2381216
0,CHRM,Chirmiri,Chirmiri Chhatisgarh,South East Central Railway,Chhatisgarh,"Chirimiri, Chhattisgarh, India",82.354162,23.1879502
0,NEC,Bildi,Bildi Tamil Nadu,Null,Tamil Nadu,"Tamil Nadu, India",78.6568942,11.1271225
0,GPI,Gajapatinagaram,Gajapatinagaram Andhra Pradesh,East Coast Railway,Andhra Pradesh,"Gajapatinagaram, Andhra Pradesh 535270, India",83.337057,18.2802222
0,BLLI,Balli,Balli Goa,Konkan Railway,Goa,"Bally, Goa 403703, India",74.0144228,15.156781
0,BOKR,Bhokar,Bhokar Maharashtra,South Central Railway,Maharashtra,"Bhokar, Maharashtra 431801, India",77.6701282,19.2209586
0,BEW,Betavad,Betavad Maharashtra,Western Railway,Maharashtra,"Betawad, Maharashtra, India",74.9085084,21.1661308
0,BBK,Barabanki Jn,Barabanki Jn Uttar Pradesh,Northern Railway,Uttar Pradesh,"Barabanki Junction, Banki, Barabanki, Uttar Pradesh 225001, India",81.1791858,26.9341143
0,BMR,Bikrampur,Bikrampur Madhya Pradesh,West Central Railway,Madhya Pradesh,"Vikrampur, Madhya Pradesh 455332, India",76.854799,22.7572162
0,PRWD,Parewadi,Parewadi Maharashtra,Central Railway,Maharashtra,"Parewadi, Maharashtra, India",74.9639839,18.3029257
0,BUP,Bariarpur,Bariarpur Bihar,Eastern Railway,Bihar,"Bariarpur, Bihar, India",86.5728785,25.2885718
0,KXG,Kharia Khangarh,Kharia Khangarh Rajasthan,North Western Railway,Rajasthan,"Khaira, Rajasthan, India",77.2117733,26.5177866
0,KANO,Kanoh,Kanoh Himachal Pradesh,Northern Railway,Himachal Pradesh,"Kanoh, Himachal Pradesh 177026, India",76.4714913,31.5553846
0,BXT,BAMANHAT,BAMANHAT West Bengal,North Frontier Railway,West Bengal,"Bamanhat, West Bengal 736168, India",89.5863038,26.0718287
0,CHKE,CHALLAKERE,CHALLAKERE Karnataka,South Western Railway,Karnataka,"Challakere, Karnataka, India",76.6528225,14.313395
0,NWR,Dhareshwar,Dhareshwar Madhya Pradesh,West Central Railway,Madhya Pradesh,"Dhareshwar, Rajasthan, India",74.9793243,24.7431993
0,MBP,MOHIBULLAPUR,MOHIBULLAPUR Uttar Pradesh,North Eastern Railway,Uttar Pradesh,"Mohibullapur, Madiyanva, Lucknow, Uttar Pradesh, India",80.9332155,26.90965
0,KPQ,Kannapuram,Kannapuram Kerala,Southern Railway,Kerala,"Kannapuram, Kerala 670301, India",75.3208107,11.9690736
0,GGD,GULLAGUDA,GULLAGUDA Telangana,South Central Railway,Telangana,"Gullaguda, Telangana 501203, India",78.0320243,17.4166795
0,SAB,SANTAMAGULUR,SANTAMAGULUR Andhra Pradesh,South Central Railway,Andhra Pradesh,"Santhamaguluru, Andhra Pradesh 523302, India",79.9548617,16.1192741
0,NRK,Naraikkinar,Naraikkinar Tamil Nadu,Southern Railway,Tamil Nadu,"Naraikkinar, Marudanvalvoonaraikinar, Tamil Nadu 628303, India",77.84186,8.86267
0,KRNT,Kurnool City,Kurnool City Andhra Pradesh,South Central Railway,Andhra Pradesh,"Kurnool, Andhra Pradesh, India",78.0372792,15.8281257
0,SQL,Sontalai,Sontalai Madhya Pradesh,West Central Railway,Madhya Pradesh,"Sontalai, Madhya Pradesh 461111, India",77.9453091,22.6214712
0,JAL,Jawali,Jawali Rajasthan,North Western Railway,Rajasthan,"Jawali, Rajasthan 306119, India",73.3957794,25.4759283
0,PDP,Padse,Padse Maharashtra,Western Railway,Maharashtra,"Padse, Maharashtra 425401, India",74.9588702,21.1318064
0,MUP,MURHIPAR,MURHIPAR Chhatisgarh,South East Central Railway,Chhatisgarh,"Murhipar, 491441, Raipur Rd, Raipur, Mudhipar, Chhattisgarh 491441, India",81.1489677,21.1832413
0,GVG,Mandigovindgarh,Mandigovindgarh Punjab,Northern Railway,Punjab,"Mandi Gobindgarh, Punjab, India",76.2913905,30.664228
0,BRZ,Bareta,Bareta Punjab,Northern Railway,Punjab,"Bareta, Punjab 151501, India",75.6964405,29.8635221
0,BAU,Burhanpur,Burhanpur Madhya Pradesh,Central Railway,Madhya Pradesh,"Burhanpur, Madhya Pradesh 450331, India",76.2180095,21.3145021
0,BARH,MAHESH LETA HALT,MAHESH LETA HALT Bihar,East Central Railway,Bihar,"Mahesh Leta Halt, Maheshleta, Sohania Chak, Bihar 811310, India",86.1307276,25.150929
0,AJP,AJJAMPUR,AJJAMPUR Karnataka,South Western Railway,Karnataka,"Ajjampur, Karnataka 577547, India",76.005824,13.7273292
0,FGR,Fatehgarh,Fatehgarh Uttar Pradesh,North Eastern Railway,Uttar Pradesh,"Fatehgarh, Uttar Pradesh, India",79.6221368,27.3672904
0,VTA,Vatva,Vatva Gujarat,Western Railway,Gujarat,"Vatva, Ahmedabad, Gujarat, India",72.6159326,22.9664255
0,TIA,Tilaya,Tilaya Bihar,East Central Railway,Bihar,"Tilaiya, Bihar 805125, India",85.4568968,24.6414389
0,BWSN,Bijwasan,Bijwasan Delhi,Northern Railway,Delhi,"Bijwasan, Delhi, 110061, India",77.0530452,28.5325722
0,CD,Chandrapur,Chandrapur Maharashtra,Central Railway,Maharashtra,"Chandrapur, Maharashtra, India",79.2961468,19.9615398
0,TWG,Twining Ganj,Twining Ganj Bihar,East Central Railway,Bihar,"Twining Ganj, Turiganj, Kumbhi, Bihar 802111, India",84.2178598,25.5688296
0,VRH,Virbhadra,Virbhadra Uttarakhand,Northern Railway,Uttarakhand,"Veerbhadra, Uttarakhand, India",78.2874772,30.0771701
0,CKU,Chakulia,Chakulia Jharkhand,South Eastern Railway,Jharkhand,"Chakulia, Jharkhand 832301, India",86.7164863,22.4733583
0,ASH,Aishbagh,Aishbagh Uttar Pradesh,North Eastern Railway,Uttar Pradesh,"Aishbagh, Lucknow, Uttar Pradesh 226004, India",80.906328,26.8384038
0,SNH,SAUNSHI,SAUNSHI Karnataka,South Western Railway,Karnataka,"Saunshi, Karnataka 581117, India",75.3004009,15.204522
0,PNME,Parasnath,Parasnath Jharkhand,East Central Railway,Jharkhand,"Parasnath, Parasnath Hill, Jharkhand 825329, India",86.1327778,23.9625
0,TPU,Tanakpur,Tanakpur Uttarakhand,North Eastern Railway,Uttarakhand,"National Highway-125, Tanakpur, Uttarakhand 262309, India",80.1065646,29.0722375
0,KORI,KHORI,KHORI Haryana,North Western Railway,Haryana,"Khori, Haryana 123101, India",76.4859494,28.2012608
0,PDNR,PADNUR,PADNUR Karnataka,South Western Railway,Karnataka,"Padnur, Karnataka 586211, India",75.9876864,17.313849
0,TKN,Tankuppa,Tankuppa Bihar,East Central Railway,Bihar,"Tankuppa, Bihar 805131, India",85.1323779,24.7009062
0,BSCP,Baskatwa B. H.,Baskatwa B. H. Bihar,East Central Railway,Bihar,"Baskatwa B. H., Patwans, Bihar 805127, India",85.366788,24.546946
0,RPUR,Ratanpur,Ratanpur Bihar,Eastern Railway,Bihar,"Ratanpur, Bihar 854340, India",86.9209351,26.4314178
0,BMLL,Bamla,Bamla Haryana,North Western Railway,Haryana,"Bamla, Haryana 127021, India",76.2452836,28.8066338
0,KJN,Kannauj,Kannauj Uttar Pradesh,North Eastern Railway,Uttar Pradesh,"Kannauj, Uttar Pradesh, India",79.9136731,27.0514156
0,UGD,Uppugunduru,Uppugunduru Andhra Pradesh,South Central Railway,Andhra Pradesh,"Uppugunduru, Andhra Pradesh 523186, India",80.1684258,15.6705674
0,TDK,TADUKU,TADUKU Andhra Pradesh,Southern Railway,Andhra Pradesh,"Taduku, Andhra Pradesh 517571, India",79.5304858,13.4984548
0,UDZ,Udaipur City,Udaipur City Rajasthan,North Western Railway,Rajasthan,"Udaipur, Rajasthan, India",73.712479,24.585445
0,LW,Lorwada,Lorwada Gujarat,Western Railway,Gujarat,"Lorwada, Gujarat, India",71.6169017,24.4963038
0,LLI,Lalgudi,Lalgudi Tamil Nadu,Southern Railway,Tamil Nadu,"Lalgudi, Tamil Nadu, India",78.8197036,10.8711566
0,KVK,Kavathe Mahankl,Kavathe Mahankl Maharashtra,Central Railway,Maharashtra,"Kavathe Mahankal, Maharashtra 416405, India",74.8653331,17.0089686
0,TPJ,Tiruchchirapali,Tiruchchirapali Tamil Nadu,Southern Railway,Tamil Nadu,"Tiruchirappalli, Tamil Nadu, India",78.7046725,10.7904833
0,STE,SAGARKATTE,SAGARKATTE Karnataka,South Western Railway,Karnataka,"Sagarakatte Brg, Mulepetlu, Karnataka 571130, India",76.4701345,12.4228779
